start	end	length_bp	gene	locus_tag	strand	product
190	255	66	thrL	b0001	+	thr operon leader peptide
337	2799	2463	thrA	b0002	+	fused aspartate kinase/homoserine dehydrogenase 1
2801	3733	933	thrB	b0003	+	homoserine kinase
3734	5020	1287	thrC	b0004	+	threonine synthase
5234	5530	297	yaaX	b0005	+	DUF2502 domain-containing protein YaaX
5683	6459	777	yaaA	b0006	-	DNA binding and peroxide stress response protein YaaA
6529	7959	1431	yaaJ	b0007	-	putative transporter YaaJ
8238	9191	954	talB	b0008	+	transaldolase B
9306	9893	588	mog	b0009	+	molybdopterin adenylyltransferase
9928	10494	567	satP	b0010	-	acetate/succinate:H(+) symporter
10643	11356	714	yaaW	b0011	-	putative enzyme-specific chaperone YaaW
10830	11315	486	mbiA	b0012	+	uncharacterized protein MbiA
11382	11786	405	yaaI	b0013	-	DUF2541 domain-containing protein YaaI
12163	14079	1917	dnaK	b0014	+	chaperone protein DnaK
14168	15298	1131	dnaJ	b0015	+	chaperone protein DnaJ
15445	16557	1113	insL1	b0016	+	IS186/IS421 family transposase
16751	16903	153	hokC	b4412	-	small toxic polypeptide HokC
16751	16960	210	mokC	b0018	-	regulatory protein MokC
17489	18655	1167	nhaA	b0019	+	Na(+):H(+) antiporter NhaA
18715	19620	906	nhaR	b0020	+	DNA-binding transcriptional activator NhaR
19811	20314	504	insB1	b0021	-	IS1 family protein InsB
20233	20508	276	insA1	b0022	-	IS1 family protein InsA
20815	21078	264	rpsT	b0023	-	30S ribosomal subunit protein S20
21181	21399	219	yaaY	b0024	+	DUF2575 domain-containing protein YaaY
21407	22348	942	ribF	b0025	+	bifunctional riboflavin kinase/FMN adenylyltransferase
22391	25207	2817	ileS	b0026	+	isoleucine--tRNA ligase
25207	25701	495	lspA	b0027	+	lipoprotein signal peptidase
25826	26275	450	fkpB	b0028	+	peptidyl-prolyl cis-trans isomerase FkpB
26277	27227	951	ispH	b0029	+	4-hydroxy-3-methylbut-2-enyl diphosphate reductase
27293	28207	915	rihC	b0030	+	ribonucleoside hydrolase RihC
28374	29195	822	dapB	b0031	+	4-hydroxy-tetrahydrodipicolinate reductase
29651	30799	1149	carA	b0032	+	carbamoyl-phosphate synthetase small subunit
30817	34038	3222	carB	b0033	+	carbamoyl-phosphate synthetase large subunit
34300	34695	396	caiF	b0034	+	DNA-binding transcriptional activator CaiF
34781	35371	591	caiE	b0035	-	putative transferase CaiE
35377	36162	786	caiD	b0036	-	crotonobetainyl-CoA hydratase
36271	37824	1554	caiC	b0037	-	carnitine--CoA ligase
37898	39115	1218	caiB	b0038	-	gamma-butyrobetainyl-CoA:carnitine CoA transferase
39244	40386	1143	caiA	b0039	-	crotonobetainyl-CoA reductase
40417	41931	1515	caiT	b0040	-	L-carnitine:gamma-butyrobetaine antiporter
42403	43173	771	fixA	b0041	+	putative electron transfer flavoprotein FixA
43188	44129	942	fixB	b0042	+	putative electron transfer flavoprotein FixB
44180	45466	1287	fixC	b0043	+	putative oxidoreductase FixC
45463	45750	288	fixX	b0044	+	putative ferredoxin FixX
45807	47138	1332	yaaU	b0045	+	putative transporter YaaU
47246	47776	531	kefF	b0046	+	regulator of KefC-mediated potassium transport and quinone oxidoreductase
47769	49631	1863	kefC	b0047	+	K(+) : H(+) antiporter KefC
49823	50302	480	folA	b0048	+	dihydrofolate reductase
50380	51222	843	apaH	b0049	-	diadenosine tetraphosphatase
51229	51606	378	apaG	b0050	-	DUF525 domain-containing protein ApaG
51609	52430	822	rsmA	b0051	-	16S rRNA (A(1518)/A(1519))-N(6)-dimethyltransferase
52427	53416	990	pdxA	b0052	-	4-hydroxythreonine-4-phosphate dehydrogenase
53416	54702	1287	surA	b0053	-	chaperone SurA
54755	57109	2355	lptD	b0054	-	lipopolysaccharide assembly protein LptD
57364	58179	816	djlA	b0055	+	co-chaperone protein DjlA
58474	59124	651	yabP	b0056	+	putative uncharacterized protein YabP
59121	59279	159	yabQ	b0057	+	protein YabQ
59687	60346	660	rluA	b0058	-	23S rRNA pseudouridine(746) and tRNA pseudouridine(32) synthase
60358	63264	2907	rapA	b0059	-	RNA polymerase-binding ATPase and RNAP recycling factor
63429	65780	2352	polB	b0060	-	DNA polymerase II
65855	66550	696	araD	b0061	-	L-ribulose-5-phosphate 4-epimerase AraD
66835	68337	1503	araA	b0062	-	L-arabinose isomerase
68348	70048	1701	araB	b0063	-	ribulokinase
70387	71265	879	araC	b0064	+	DNA-binding transcriptional dual regulator AraC
71351	72115	765	yabI	b0065	+	DedA family protein YabI
72229	72927	699	thiQ	b0066	-	thiamine ABC transporter ATP binding subunit
72911	74521	1611	thiP	b0067	-	thiamine ABC transporter membrane subunit
74497	75480	984	thiB	b0068	-	thiamine ABC transporter periplasmic binding protein
75644	77299	1656	sgrR	b0069	-	DNA-binding transcriptional dual regulator SgrR
77388	77519	132	sgrT	b4662	+	PtsG glucose transporter inhibitor
77621	78799	1179	setA	b0070	+	sugar exporter SetA
78848	79453	606	leuD	b0071	-	3-isopropylmalate dehydratase subunit LeuD
79464	80864	1401	leuC	b0072	-	3-isopropylmalate dehydratase subunit LeuC
80867	81958	1092	leuB	b0073	-	3-isopropylmalate dehydrogenase
81958	83529	1572	leuA	b0074	-	2-isopropylmalate synthase
83622	83708	87	leuL	b0075	-	leu operon leader peptide
84368	85312	945	leuO	b0076	+	DNA-binding transcriptional dual regulator LeuO
85467	85511	45	yabR	b4726	-	protein YabR
85630	87354	1725	ilvI	b0077	+	acetolactate synthase/acetohydroxybutanoate synthase, catalytic subunit
87357	87848	492	ilvH	b0078	+	acetolactate synthase/acetohydroxybutanoate synthase, regulatory subunit
88028	89032	1005	cra	b0080	+	DNA-binding transcriptional regulator Cra
89634	90092	459	mraZ	b0081	+	DNA-binding transcriptional repressor MraZ
90094	91035	942	rsmH	b0082	+	16S rRNA m(4)C1402 methyltransferase
91032	91397	366	ftsL	b0083	+	cell division protein FtsL
91413	93179	1767	ftsI	b0084	+	peptidoglycan DD-transpeptidase FtsI
93166	94653	1488	murE	b0085	+	UDP-N-acetylmuramoyl-L-alanyl-D-glutamate--2,6-diaminopimelate ligase
94650	96008	1359	murF	b0086	+	UDP-N-acetylmuramoyl-tripeptide--D-alanyl-D-alanine ligase
96002	97084	1083	mraY	b0087	+	phospho-N-acetylmuramoyl-pentapeptide-transferase
97087	98403	1317	murD	b0088	+	UDP-N-acetylmuramoyl-L-alanine--D-glutamate ligase
98403	99647	1245	ftsW	b0089	+	peptidoglycan glycosyltransferase FtsW
99644	100711	1068	murG	b0090	+	N-acetylglucosaminyl transferase
100765	102240	1476	murC	b0091	+	UDP-N-acetylmuramate--L-alanine ligase
102233	103153	921	ddlB	b0092	+	D-alanine--D-alanine ligase B
103155	103985	831	ftsQ	b0093	+	cell division protein FtsQ
103982	105244	1263	ftsA	b0094	+	cell division protein FtsA
105305	106456	1152	ftsZ	b0095	+	cell division protein FtsZ
106557	107474	918	lpxC	b0096	+	UDP-3-O-acyl-N-acetylglucosamine deacetylase
107705	108217	513	secM	b0097	+	SecA translation regulator
108279	110984	2706	secA	b0098	+	protein translocation ATPase
111044	111433	390	mutT	b0099	+	8-oxo-dGTP diphosphatase
111649	111846	198	yacG	b0101	-	DNA gyrase inhibitor YacG
111856	112599	744	zapD	b0102	-	cell division factor ZapD
112599	113219	621	coaE	b0103	-	dephospho-CoA kinase
113244	113288	45	yacM	b4727	+	protein YacM
113444	114487	1044	guaC	b0104	+	GMP reductase
114522	115724	1203	hofC	b0106	-	inner membrane protein HofC
115714	117099	1386	hofB	b0107	-	T2SSE family protein
117109	117549	441	ppdD	b0108	-	prepilin-type N-terminal cleavage/methylation domain-containing protein PpdD
117752	118645	894	nadC	b0109	-	quinolinate phosphoribosyltransferase (decarboxylating)
118733	119284	552	ampD	b0110	+	1,6-anhydro-N-acetylmuramoyl-L-alanine amidase
119281	120135	855	ampE	b0111	+	protein AmpE
120178	121551	1374	aroP	b0112	-	aromatic amino acid:H(+) symporter AroP
122092	122856	765	pdhR	b0113	+	DNA-binding transcriptional dual regulator PdhR
123017	125680	2664	aceE	b0114	+	pyruvate dehydrogenase E1 component
125695	127587	1893	aceF	b0115	+	pyruvate dehydrogenase E2 subunit
127912	129336	1425	lpd	b0116	+	lipoamide dehydrogenase
129407	131260	1854	yacH	b0117	-	DUF3300 domain-containing protein YacH
131615	134212	2598	acnB	b0118	+	AcnB
134388	134750	363	yacL	b0119	+	PF06062 family protein YacL
134788	135582	795	speD	b0120	-	S-adenosylmethionine decarboxylase proenzyme
135598	136464	867	speE	b0121	-	spermidine synthase
136570	136917	348	yacC	b0122	-	putative lipoprotein YacC
137083	138633	1551	cueO	b0123	+	multicopper oxidase CueO
138835	141225	2391	gcd	b0124	-	quinoprotein glucose dehydrogenase
141431	141967	537	hpt	b0125	+	hypoxanthine phosphoribosyltransferase
142008	142670	663	can	b0126	-	carbonic anhydrase 2
142779	143705	927	yadG	b0127	+	putative ABC transporter ATP-binding protein YadG
143702	144472	771	yadH	b0128	+	putative ABC transporter membrane subunit YadH
144577	145017	441	yadI	b0129	+	putative PTS enzyme IIA component YadI
145081	146310	1230	yadE	b0130	+	putative polysaccharide deacetylase lipoprotein YadE
146314	146694	381	panD	b0131	-	aspartate 1-decarboxylase proenzyme
146968	147870	903	rpnC	b0132	+	recombination-promoting nuclease RpnC
147944	148795	852	panC	b0133	-	pantothenate synthetase
148807	149601	795	panB	b0134	-	3-methyl-2-oxobutanoate hydroxymethyltransferase
149715	150953	1239	yadC	b0135	-	fimbrial tip-adhesin YadC
151003	151599	597	yadK	b0136	-	putative fimbrial protein YadK
151626	152231	606	yadL	b0137	-	putative fimbrial protein YadL
152243	152812	570	yadM	b0138	-	putative fimbrial protein YadM
152829	155426	2598	htrE	b0139	-	putative fimbrial usher protein HtrE
155461	156201	741	yadV	b0140	-	putative fimbrial chaperone YadV
156299	156883	585	yadN	b0141	-	putative fimbrial protein YadN
157253	157732	480	folK	b0142	-	2-amino-4-hydroxy-6-hydroxymethyldihydropteridine diphosphokinase
157729	159126	1398	pcnB	b0143	-	poly(A) polymerase I
159186	160112	927	gluQ	b0144	-	glutamyl-Q tRNA(Asp) synthetase
160149	160604	456	dksA	b0145	-	RNA polymerase-binding transcription factor DksA
160782	161486	705	sfsA	b0146	-	sugar fermentation stimulation protein A
161501	162031	531	thpR	b0147	-	RNA 2',3'-cyclic phosphodiesterase
162105	164534	2430	hrpB	b0148	+	RNA-dependent NTPase HrpB
164730	167264	2535	mrcB	b0149	+	peptidoglycan glycosyltransferase/peptidoglycan DD-transpeptidase MrcB
164865	167264	2400			+	PBP-1Bgamma
167484	169727	2244	fhuA	b0150	+	ferrichrome outer membrane transporter/phage receptor
169778	170575	798	fhuC	b0151	+	Fe(3(+)) hydroxamate ABC transporter ATP binding subunit
170575	171465	891	fhuD	b0152	+	Fe(3(+)) hydroxamate ABC transporter periplasmic binding protein
171462	173444	1983	fhuB	b0153	+	Fe(3(+)) hydroxamate ABC transporter membrane subunit
173602	174882	1281	hemL	b0154	-	glutamate-1-semialdehyde 2,1-aminomutase
175048	175095	48	yadX	b4765	+	protein YadX
175107	176528	1422	clcA	b0155	+	chloride:H(+) antiporter ClcA
176552	176617	66	yadW	b4728	+	protein YadW
176610	176954	345	erpA	b0156	+	iron-sulfur cluster insertion protein ErpA
177001	177624	624	yadS	b0157	-	PF03458 family protein YadS
177662	178462	801	btuF	b0158	-	vitamin B12 ABC transporter periplasmic binding protein
178455	179153	699	mtn	b0159	-	5'-methylthioadenosine/S-adenosylhomocysteine nucleosidase
179237	180754	1518	dgt	b0160	+	dGTP triphosphohydrolase
180884	182308	1425	degP	b0161	+	periplasmic serine endoprotease DegP
182463	183620	1158	cdaR	b0162	+	DNA-binding transcriptional activator CdaR
183709	184095	387	yaeH	b0163	-	DUF3461 domain-containing protein YaeH
184257	185069	813	yaeI	b0164	-	phosphodiesterase YaeI
185123	185947	825	dapD	b0166	-	tetrahydrodipicolinate succinylase
185978	188650	2673	glnD	b0167	-	protein-PII uridylyltransferase/uridylyl-removing enzyme
188712	189506	795	map	b0168	-	methionine aminopeptidase
189874	190599	726	rpsB	b0169	+	30S ribosomal subunit protein S2
190857	191708	852	tsf	b0170	+	protein chain elongation factor EF-Ts
191855	192580	726	pyrH	b0171	+	UMP kinase
192872	193429	558	frr	b0172	+	ribosome-recycling factor
193521	194717	1197	dxr	b0173	+	1-deoxy-D-xylulose 5-phosphate reductoisomerase
194903	195664	762	ispU	b0174	+	ditrans,polycis-undecaprenyl-diphosphate synthase [(2E,6E)-farnesyl-diphosphate specific]
195677	196534	858	cdsA	b0175	+	CDP-diglyceride synthetase
196546	197898	1353	rseP	b0176	+	intramembrane zinc metalloprotease RseP
197928	200360	2433	bamA	b0177	+	outer membrane protein assembly factor BamA
200482	200967	486	skp	b0178	+	periplasmic chaperone Skp
200971	201996	1026	lpxD	b0179	+	UDP-3-O-(3-hydroxymyristoyl)glucosamine N-acyltransferase
202101	202556	456	fabZ	b0180	+	3-hydroxy-acyl-[acyl-carrier-protein] dehydratase
202560	203348	789	lpxA	b0181	+	acyl-[acyl-carrier-protein]--UDP-N-acetylglucosamine O-acyltransferase
203348	204496	1149	lpxB	b0182	+	lipid A disaccharide synthase
204493	205089	597	rnhB	b0183	+	RNase HII
205126	208608	3483	dnaE	b0184	+	DNA polymerase III subunit alpha
208621	209580	960	accA	b0185	+	acetyl-CoA carboxyltransferase subunit alpha
209679	211820	2142	ldcC	b0186	+	lysine decarboxylase 2
211877	212266	390	yaeR	b0187	+	VOC domain-containing protein YaeR
212331	213629	1299	tilS	b0188	+	tRNA(Ile)-lysidine synthetase
213678	213932	255	rof	b0189	-	modulator of Rho-dependent transcription termination
213925	214125	201	yaeP	b4406	-	PF06786 family protein YaeP
214291	214836	546	yaeQ	b0190	+	uncharacterized protein YaeQ
214833	215255	423	arfB	b0191	+	peptidyl-tRNA hydrolase, ribosome rescue factor
215269	215979	711	nlpE	b0192	+	sensor lipoprotein NlpE
216179	217003	825	yaeF	b0193	-	peptidase C92 family protein YaeF
217057	218775	1719	proS	b0194	-	proline--tRNA ligase
218887	219594	708	trmO	b0195	-	tRNA m(6)t(6)A37 methyltransferase
219591	219995	405	rcsF	b0196	-	sensor lipoprotein RcsF
220113	220928	816	metQ	b0197	-	L-methionine/D-methionine ABC transporter membrane anchored binding protein
220968	221621	654	metI	b0198	-	L-methionine/D-methionine ABC transporter membrane subunit
221614	222645	1032	metN	b0199	-	L-methionine/D-methionine ABC transporter ATP binding subunit
222833	223408	576	gmhB	b0200	+	D-glycero-beta-D-manno-heptose-1,7-bisphosphate 7-phosphatase
229167	229970	804	dkgB	b0207	+	methylglyoxal reductase DkgB
229967	230881	915	yafC	b0208	-	DNA-binding transcriptional regulator YafC
231122	231922	801	yafD	b0209	+	endonuclease/exonuclease/phosphatase domain-containing protein YafD
231926	232549	624	yafE	b0210	+	putative S-adenosylmethionine-dependent methyltransferase
232597	233955	1359	mltD	b0211	-	membrane-bound lytic murein transglycosylase D
234027	234782	756	gloB	b0212	-	hydroxyacylglutathione hydrolase GloB
234288	234320	33	ykfO	b4815	+	protein YkfO
234816	235538	723	yafS	b0213	+	putative S-adenosyl-L-methionine-dependent methyltransferase
235535	236002	468	rnhA	b0214	-	ribonuclease HI
236067	236798	732	dnaQ	b0215	+	DNA polymerase III subunit epsilon
237335	238120	786	yafT	b0217	+	lipoprotein YafT
238257	238736	480	ykfM	b4586	-	uncharacterized protein YkfM
239419	240189	771	yafV	b0219	-	2-oxoglutaramate amidase
240343	240816	474	ivy	b0220	+	periplasmic chaperone, inhibitor of vertebrate C-type lysozyme
240859	243303	2445	fadE	b0221	-	acyl-CoA dehydrogenase
243543	244121	579	gmhA	b0222	+	D-sedoheptulose 7-phosphate isomerase
244327	245094	768	yafJ	b0223	+	putative glutamine amidotransferase YafJ
245065	245805	741	dpaA	b0224	-	peptidoglycan meso-diaminopimelic acid protein amidase A
245961	246239	279	yafQ	b0225	-	ribosome-dependent mRNA interferase toxin YafQ
246242	246502	261	dinJ	b0226	-	antitoxin/DNA-binding transcriptional repressor DinJ
246712	247461	750	yafL	b0227	+	NlpC/P60 family protein YafL
247637	248134	498	rayT	b0228	+	REP-associated tyrosine transposase
250898	251953	1056	dinB	b0231	+	DNA polymerase IV
252005	252298	294	yafN	b0232	+	antitoxin YafN
252301	252699	399	yafO	b0233	+	ribosome-dependent mRNA interferase toxin YafO
252709	253161	453	yafP	b0234	+	putative N-acetyltransferase YafP
254259	255716	1458	pepD	b0237	-	peptidase D
255977	256435	459	gpt	b0238	+	xanthine-guanine phsophoribosyltransferase
256527	257771	1245	frsA	b0239	+	fermentation-respiration switch protein
257829	257899	71			+	RNA polymerase holoenzyme assembly factor Crl
257923	258426	504	insB9	b4710	-	IS1 transposase B
258345	258620	276	insA9	b4709	-	IS1 repressor TnpA
259045	260100	1056	phoE	b0241	-	outer membrane porin PhoE
260388	261491	1104	proB	b0242	+	glutamate 5-kinase
261503	262756	1254	proA	b0243	+	glutamate-5-semialdehyde dehydrogenase
263328	263669	342	ykfI	b0245	-	toxin of the YkfI-YafW toxin-antitoxin system
263690	264007	318	yafW	b0246	-	antitoxin of the YkfI-YafW toxin-antitoxin pair
264026	264247	222	ykfH	b4504	-	DUF987 domain-containing protein YkfH
264256	264732	477	ykfG	b0247	-	RadC-like JAB domain-containing protein YkfG
264748	265206	459	yafX	b0248	-	protein YafX
265304	265543	240	ykfF	b0249	-	protein YkfF
265620	266087	468	ykfB	b0250	-	protein YkfB
266110	266553	444	yafY	b0251	-	inner membrane lipoprotein YafY
267184	268005	822	yafZ	b0252	-	DUF932 domain-containing protein YafZ
268097	268960	864	ykfA	b0253	-	putative GTP-binding protein YkfA
269289	270182	894	perR	b0254	-	putative transcriptional regulator PerR
270278	270540	263			+	CP4-6 prophage; IS911A regulator fragment
270603	271754	1152	insI1	b0256	+	IS30 transposase
272847	273992	1146	ykfC	b0258	+	PF00078 domain-containing protein YkfC
274101	275081	981	insH1	b0259	-	IS5 transposase and trans-activator
275325	276728	1404	mmuP	b0260	+	S-methyl-L-methionine transporter
276715	277647	933	mmuM	b0261	+	homocysteine S-methyltransferase
277756	278802	1047	afuC	b0262	-	ABC transporter ATP-binding protein AfuC
279178	279681	504	insB2	b0264	-	IS1 protein InsB
279600	279875	276	insA2	b0265	-	IS1 protein InsA
280385	280735	351	yagB	b0266	-	orphan antitoxin YagB
280829	281983	1155	yagA	b0267	-	integrase core domain-containing protein YagA
282278	283186	909	yagE	b0268	+	2-dehydro-3-deoxygluconate aldolase
283201	285168	1968	yagF	b0269	+	D-xylonate dehydratase
285395	286777	1383	yagG	b0270	+	putative D-xylonate transporter YagG
286789	288399	1611	yagH	b0271	+	putative xylosidase/arabinosidase
288404	289162	759	xynR	b0272	-	DNA-binding transcriptional repressor XynR
289301	290305	1005	argF	b0273	-	ornithine carbamoyltransferase ArgF
290275	290370	96	argL	b4766	-	putative translational regulatory protein ArgL
290510	290638	129	ykgS	b4688	+	protein YkgS
290649	291152	504	insB3	b0274	-	IS1 protein InsB
291071	291346	276	insA3	b0275	-	IS1 protein InsA
291500	292231	732	yagJ	b0276	+	protein YagJ
292322	292948	627	yagK	b0277	-	uncharacterized protein YagK
293220	293918	699	yagL	b0278	-	resolvase-like catalytic domain-containing protein YagL
293945	294799	855	yagM	b0279	-	protein YagM
294918	295142	225	ykgV	b4729	-	protein YkgV
295139	295579	441	yagN	b0280	-	protein YagN
295696	297096	1401	intF	b0281	-	putative phage integrase
297381	297791	411	yagP	b0282	-	putative LysR family substrate binding domain-containing protein YagP
297770	298726	957	paoD	b0283	-	molybdenum cofactor insertion chaperone PaoD
298736	300934	2199	paoC	b0284	-	aldehyde dehydrogenase, molybdenum cofactor-binding subunit
300931	301887	957	paoB	b0285	-	aldehyde dehydrogenase, FAD-binding Fe-S subunit
301884	302573	690	paoA	b0286	-	aldehyde dehydrogenase, Fe-S subunit
302991	303605	615	yagU	b0287	+	DUF1440 domain-containing inner membrane protein YagU
303853	304182	330	ykgJ	b0288	-	putative metal-chelating domain-containing protein YkgJ
304495	305205	711	ecpE	b0289	-	putative fimbrial chaperone EcpE
305174	306817	1644	ecpD	b0290	-	fimbrial adhesin EcpD
306807	309332	2526	ecpC	b0291	-	putative fimbrial usher protein EcpC
309358	310026	669	ecpB	b0292	-	putative fimbrial chaperone EcpB
310084	310671	588	ecpA	b0293	-	common pilus major subunit
310746	311336	591	matA	b0294	-	DNA-binding transcriptional dual regulator MatA
312112	312339	228	ykgL	b0295	+	uncharacterized protein YkgL
312374	312514	141	ykgO	b4506	-	50S ribosomal subunit protein L36B
312514	312777	264	ykgM	b0296	-	50S ribosomal subunit protein L31B
313141	313242	102	ykgR	b4671	-	putative membrane protein YkgR
315291	315590	300	insE1	b0298	+	IS3 element protein InsE
315587	316453	867	insF1	b0299	+	IS3 element protein InsF
317726	318319	594	rclC	b0301	-	DUF417 domain-containing inner membrane protein RclC
318331	318567	237	rclB	b0303	-	hypochlorite stress response protein RclB
318676	320001	1326	rclA	b0304	-	cupric reductase RclA
320227	321081	855	rclR	b0305	+	DNA-binding transcriptional activator RclR
321608	322327	720	ykgE	b0306	+	putative lactate utilization oxidoreductase YkgE
322338	323765	1428	ykgF	b0307	+	putative amino acid dehydrogenase with NAD(P)-binding domain and ferridoxin-like domain
323758	324453	696	ykgG	b0308	+	DUF162 domain-containing lactate utilization protein YkgG
324696	325364	669	ykgH	b0310	-	uncharacterized protein YkgH
325577	327247	1671	betA	b0311	-	choline dehydrogenase
327261	328733	1473	betB	b0312	-	betaine aldehyde dehydrogenase
328747	329334	588	betI	b0313	-	DNA-binding transcriptional repressor BetI
329463	331496	2034	betT	b0314	+	choline:H(+) symporter
331802	331876	75	yahV	b4730	+	protein YahV
332371	333459	1089	pdeL	b0315	+	DNA-binding transcriptional regulator/c-di-GMP phosphodiesterase PdeL
333501	334433	933	yahB	b0316	-	putative LysR-type DNA-binding transcriptional regulator YahB
334525	335022	498	yahC	b0317	-	uncharacterized protein YahC
335280	335885	606	yahD	b0318	+	ankyrin repeat-containing protein YahD
335925	336788	864	yahE	b0319	+	DUF2877 domain-containing protein YahE
336778	338325	1548	yahF	b0320	+	putative acyl-CoA synthetase YahF
338325	339743	1419	yahG	b0321	+	DUF1116 domain-containing protein YahG
339769	340089	321	yahH	b0322	+	putative uncharacterized protein YahH
340165	341115	951	yahI	b0323	+	carbamate kinase-like protein YahI
341125	342507	1383	yahJ	b0324	+	amidohydrolase family protein YahJ
342884	343933	1050	yahK	b0325	+	aldehyde reductase, NADPH-dependent
344176	344991	816	yahL	b0326	+	uncharacterized protein YahL
345252	345434	183	xtpA	b4845	+	putative transcriptional regulator XtpA
345404	345649	246	yahM	b0327	+	uncharacterized protein YahM
345666	346337	672	yahN	b0328	-	putative amino acid exporter YahN
346484	346759	276	yahO	b0329	+	DUF1471 domain-containing protein YahO
346857	348443	1587	prpR	b0330	-	DNA-binding transcriptional dual regulator PrpR
348682	349572	891	prpB	b0331	+	2-methylisocitrate lyase
350012	351181	1170	prpC	b0333	+	2-methylcitrate synthase
351215	352666	1452	prpD	b0334	+	2-methylcitrate dehydratase
352706	354592	1887	prpE	b0335	+	propionyl-CoA synthetase
354922	356181	1260	codB	b0336	+	cytosine transporter
356171	357454	1284	codA	b0337	+	cytosine/isoguanine deaminase
357791	358690	900	cynR	b0338	-	DNA-binding transcriptional dual regulator CynR
358799	359458	660	cynT	b0339	+	carbonic anhydrase 1
359489	359959	471	cynS	b0340	+	cyanase
359992	361146	1155	cynX	b0341	+	cyanate transporter
361249	361860	612	lacA	b0342	-	galactoside O-acetyltransferase
361926	363179	1254	lacY	b0343	-	lactose permease
363231	366305	3075	lacZ	b0344	-	beta-galactosidase
366428	367510	1083	lacI	b0345	-	DNA-binding transcriptional repressor LacI
367587	368420	834	mhpR	b0346	-	DNA-binding transcriptional activator MhpR
368611	370275	1665	mhpA	b0347	+	3-(3-hydroxyphenyl)propanoate hydroxylase
370277	371221	945	mhpB	b0348	+	3-carboxyethylcatechol 2,3-dioxygenase
371239	372105	867	mhpC	b0349	+	2-hydroxy-6-ketonona-2,4-dienedioate hydrolase
372115	372924	810	mhpD	b0350	+	2-hydroxypentadienoate hydratase
372921	373871	951	mhpF	b0351	+	acetaldehyde dehydrogenase (acetylating) MhpF
373868	374881	1014	mhpE	b0352	+	4-hydroxy-2-oxovalerate aldolase
375459	376670	1212	mhpT	b0353	+	3-hydroxyphenylpropionate/3-hydroxycinnamate:H(+) symporter
376772	377311	540	yaiL	b0354	+	DUF2058 domain-containing protein YaiL
377535	378368	834	frmB	b0355	-	S-formylglutathione hydrolase FrmB
378462	379571	1110	frmA	b0356	-	S-(hydroxymethyl)glutathione dehydrogenase
379606	379881	276	frmR	b0357	-	DNA-binding transcriptional repressor FrmR
380069	380842	774	yaiO	b0358	-	outer membrane protein YaiO
381351	381716	366	insC1	b0360	+	IS2 element protein InsA
381674	382579	906	insD1	b0361	+	IS2 element protein
382591	382872	282			-	putative acyltransferase, N-terminal fragment
382739	383935	1197	yaiP	b0363	-	putative glucosyltransferase
383960	384079	120	ykiC	b4731	+	protein YkiC
384059	384616	558	yaiS	b0364	-	putative deacetylase YaiS
385232	386194	963	tauA	b0365	+	taurine ABC transporter periplasmic binding protein
386207	386974	768	tauB	b0366	+	taurine ABC transporter ATP binding subunit
386971	387798	828	tauC	b0367	+	taurine ABC transporter membrane subunit
387795	388646	852	tauD	b0368	+	taurine dioxygenase
388753	389727	975	hemB	b0369	-	porphobilinogen synthase
390251	391708	1458			+	putative autotransporter YaiT
391592	391648	57	ytiB	b4767	-	protein YtiB
391739	392605	867	insF2	b0372	-	IS3 element protein InsF
392602	392901	300	insE2	b0373	-	IS3 element protein InsE
394506	395129	624	iprA	b0375	+	putative DNA-binding transcriptional regulator IprA
395130	396287	1158	ampH	b0376	-	peptidoglycan DD-carboxypeptidase/peptidoglycan DD-endopeptidase
396639	397859	1221	sbmA	b0377	+	peptide antibiotic/peptide nucleic acid transporter
397872	398966	1095	yaiW	b0378	+	surface-exposed outer membrane lipoprotein
399025	399333	309	yaiY	b0379	-	DUF2755 domain-containing inner membrane protein YaiY
399593	399805	213	yaiZ	b0380	+	DUF2754 domain-containing protein YaiZ
399829	400923	1095	ddlA	b0381	-	D-alanine--D-alanine ligase A
401386	401646	261	iraP	b0382	+	anti-adaptor protein IraP
401747	403162	1416	phoA	b0383	+	alkaline phosphatase
403281	403601	321	psiF	b0384	+	phosphate starvation-inducible protein PsiF
403703	404818	1116	dgcC	b0385	+	diguanylate cyclase DgcC
404835	405644	810	proC	b0386	-	pyrroline-5-carboxylate reductase
405764	406222	459	yaiI	b0387	+	DUF188 domain-containing protein YaiI
406405	406929	525	aroL	b0388	+	shikimate kinase 2
406979	407170	192	yaiA	b0389	+	protein YaiA
407428	408105	678	aroM	b0390	+	protein AroM
408177	408461	285	ppnP	b0391	+	nucleoside phosphorylase PpnP
408947	409030	84	ykiD	b4732	+	protein YkiD
409108	410019	912	rdgC	b0393	-	nucleoid-associated protein RdgC
410144	411052	909	mak	b0394	+	fructokinase
411297	412481	1185	araJ	b0396	-	putative transport protein AraJ
412607	415753	3147	sbcC	b0397	-	ATP-dependent structure-specific DNA nuclease - SbcC subunit
415750	416952	1203	sbcD	b0398	-	ATP-dependent structure-specific DNA nuclease - SbcD subunit
417142	417831	690	phoB	b0399	+	DNA-binding transcriptional dual regulator PhoB
417889	419184	1296	phoR	b0400	+	sensor histidine kinase PhoR
419591	420910	1320	brnQ	b0401	+	branched chain amino acid transporter BrnQ
420986	422359	1374	proY	b0402	+	putative transporter ProY
422518	424332	1815	malZ	b0403	+	maltodextrin glucosidase
424337	424918	582	acpH	b0404	-	acyl carrier protein phosphodiesterase
425011	426081	1071	queA	b0405	+	tRNA preQ1(34) S-adenosylmethionine ribosyltransferase-isomerase
426137	427264	1128	tgt	b0406	+	tRNA-guanine transglycosylase
427287	427619	333	yajC	b0407	+	Sec translocon accessory complex subunit YajC
427647	429494	1848	secD	b0408	+	Sec translocon accessory complex subunit SecD
429505	430476	972	secF	b0409	+	Sec translocon accessory complex subunit SecF
430605	430952	348	yajD	b0410	+	HNH nuclease family protein YajD
431129	432013	885	tsx	b0411	-	nucleoside-specific channel-forming protein Tsx
432312	432851	540	yajI	b0412	-	putative lipoprotein YajI
433002	433451	450	nrdR	b0413	+	NrdR transcriptional repressor
433455	434558	1104	ribD	b0414	+	fused diaminohydroxyphosphoribosylaminopyrimidine deaminase/5-amino-6-(5-phosphoribosylamino)uracil reductase
434647	435117	471	ribE	b0415	+	6,7-dimethyl-8-ribityllumazine synthase
435137	435556	420	nusB	b0416	+	transcription antitermination protein NusB
435634	436611	978	thiL	b0417	+	thiamine monophosphate kinase
436589	437107	519	pgpA	b0418	+	phosphatidylglycerophosphatase A
437161	438135	975	yajO	b0419	-	1-deoxyxylulose-5-phosphate synthase YajO
438315	440177	1863	dxs	b0420	-	1-deoxy-D-xylulose-5-phosphate synthase
440202	441101	900	ispA	b0421	-	geranyl diphosphate/farnesyl diphosphate synthase
441101	441343	243	xseB	b0422	-	exodeoxyribonuclease VII subunit XseB
441549	442997	1449	thiI	b0423	+	tRNA uridine 4-sulfurtransferase
443051	443641	591	yajL	b0424	-	protein/nucleic acid deglycase 3
443604	444515	912	panE	b0425	-	2-dehydropantoate 2-reductase
444683	445174	492	yajQ	b0426	+	nucleotide binding protein YajQ
445302	446666	1365	yajR	b0427	-	putative transport protein YajR
446815	447705	891	cyoE	b0428	-	heme O synthase
447717	448046	330	cyoD	b0429	-	cytochrome bo3 subunit 4
448046	448660	615	cyoC	b0430	-	cytochrome bo3 subunit 3
448650	450641	1992	cyoB	b0431	-	cytochrome bo3 subunit 1
450663	451610	948	cyoA	b0432	-	cytochrome bo3 subunit 2
452070	453545	1476	ampG	b0433	-	muropeptide:H(+) symporter
453589	454167	579	yajG	b0434	-	putative lipoprotein YajG
454472	454789	318	bolA	b0435	+	DNA-binding transcriptional dual regulator BolA
455133	456431	1299	tig	b0436	+	trigger factor
456677	457300	624	clpP	b0437	+	ATP-dependent Clp protease proteolytic subunit
457426	458700	1275	clpX	b0438	+	ATP-dependent Clp protease ATP-binding subunit ClpX
458888	461242	2355	lon	b0439	+	Lon protease
461451	461723	273	hupB	b0440	+	DNA-binding protein HU-beta
461915	463786	1872	ppiD	b0441	+	periplasmic folding chaperone
463937	464308	372	ybaV	b0442	+	helix-hairpin-helix 3 family protein
464402	464800	399	fadM	b0443	+	long-chain acyl-CoA thioesterase FadM
464852	465547	696	queC	b0444	-	7-cyano-7-deazaguanine synthase
465612	467312	1701	ybaE	b0445	-	uncharacterized protein YbaE
467412	468230	819	cof	b0446	+	HMP-PP phosphatase
468383	468841	459	decR	b0447	+	DNA-binding transcriptional activator DecR
468871	470643	1773	mdlA	b0448	+	ABC transporter family protein MdlA
470636	472417	1782	mdlB	b0449	+	ABC transporter family protein MdlB
472598	472936	339	glnK	b0450	+	nitrogen regulatory protein PII-2
472966	474252	1287	amtB	b0451	+	ammonium transporter
474301	475161	861	tesB	b0452	-	acyl-CoA thioesterase II
475379	475951	573	ybaY	b0453	+	PF09619 family lipoprotein YbaY
475982	476371	390	ybaZ	b0454	-	DNA base-flipping protein
476672	477025	354	ybaA	b0456	+	DUF1428 domain-containing protein YbaA
477067	478617	1551	pdeB	b0457	-	cyclic di-GMP phosphodiesterase PdeB
478781	479251	471	ylaC	b0458	-	putative inner membrane protein
479367	479918	552	maa	b0459	-	maltose O-acetyltransferase
480090	480308	219	hha	b0460	-	hemolysin expression-modulating protein Hha
480334	480708	375	tomB	b0461	-	Hha toxicity modulator TomB
481254	484403	3150	acrB	b0462	-	multidrug efflux pump RND permease AcrB
484426	485619	1194	acrA	b0463	-	multidrug efflux pump membrane fusion lipoprotein AcrA
485761	486408	648	acrR	b0464	+	DNA-binding transcriptional repressor AcrR
486536	489898	3363	mscK	b0465	+	potassium dependent, small conductance mechanosensitive channel
490110	490271	162	ybaM	b0466	-	DUF2496 domain-containing protein YbaM
490285	490812	528	priC	b0467	-	primosomal replication protein N''
490882	491259	378	ybaN	b0468	+	DUF454 domain-containing inner membrane protein YbaN
491412	491963	552	apt	b0469	+	adenine phosphoribosyltransferase
492092	493375	1284			+	DNA polymerase III subunit gamma
492092	494023	1932	dnaX	b0470	+	DNA polymerase III subunit tau
494076	494405	330	ybaB	b0471	+	putative nucleoid-associated protein YbaB
494405	495010	606	recR	b0472	+	recombination mediator protein RecR
495120	496994	1875	htpG	b0473	+	chaperone protein HtpG
497175	497819	645	adk	b0474	+	adenylate kinase
498055	499017	963	hemH	b0475	+	ferrochelatase
499014	499973	960	aes	b0476	-	acetylesterase
500125	501429	1305	gsk	b0477	+	inosine/guanosine kinase
501562	503238	1677	ybaL	b0478	-	putative transporter YbaL
503476	504696	1221	fsr	b0479	-	fosmidomycin efflux pump
504914	506566	1653	ushA	b0480	+	5'-nucleotidase/UDP-sugar hydrolase
506603	507082	480	ybaK	b0481	-	Cys-tRNA(Pro)/Cys-tRNA(Cys) deacylase YbaK
507286	508080	795	ybaP	b0482	-	TraB family protein YbaP
508218	508559	342	ybaQ	b0483	+	DNA-binding transcriptional regulator YbaQ
508875	511379	2505	copA	b0484	-	Cu(+) exporting P-type ATPase
511176	511379	204			-	soluble Cu(+) chaperone
511641	512573	933	glsA	b0485	+	glutaminase 1
512576	513868	1293	ybaT	b0486	+	putative transporter YbaT
513993	514400	408	cueR	b0487	+	DNA-binding transcriptional dual regulator CueR
514401	514859	459	ybbJ	b0488	-	NfeD-like family protein YbbJ
514856	515773	918	qmcA	b0489	-	PHB domain-containing protein QmcA
515919	516596	678	fetA	b0490	+	putative iron ABC exporter ATP-binding subunit FetA
516583	517362	780	fetB	b0491	+	putative iron ABC exporter membrane subunit FetB
517425	518279	855	cnoX	b0492	-	chaperedoxin
518340	519149	810	ybbO	b0493	-	NADP(+)-dependent aldehyde reductase YbbO
519139	519765	627	tesA	b0494	-	multifunctional acyl-CoA thioesterase I and protease I and lysophospholipase L1
519733	520419	687	ybbA	b0495	+	putative ABC transporter ATP-binding protein YbbA
520416	522830	2415	ybbP	b0496	+	putative ABC transporter membrane subunit YbbP
523261	527541	4281	rhsD	b0497	+	protein RhsD
527581	527949	369	ybbC	b0498	+	PF15631 family protein YbbC
529645	530016	372	ylbG	b0502	-	putative DNA-binding transcriptional regulator YlbG
530132	531226	1095	selU	b0503	-	tRNA 2-selenouridine synthase
531295	532221	927	allS	b0504	-	DNA-binding transcriptional activator AllS
532451	532933	483	allA	b0505	+	ureidoglycolate lyase
533011	533826	816	allR	b0506	+	DNA-binding transcriptional repressor AllR
533916	535697	1782	gcl	b0507	+	glyoxylate carboligase
535710	536486	777	hyi	b0508	+	hydroxypyruvate isomerase
536586	537464	879	glxR	b0509	+	tartronate semialdehyde reductase 2
537633	539087	1455	allW	b0511	+	allantoin transporter
539147	540508	1362	allB	b0512	+	allantoinase
540565	541866	1302	ybbY	b0513	+	putative purine transporter
541888	543033	1146	glxK	b0514	+	glycerate 2-kinase 2
543261	544046	786	allE	b0515	-	(S)-ureidoglycine aminohydrolase
544057	545292	1236	allC	b0516	-	allantoate amidohydrolase
545314	546363	1050	allD	b0517	-	ureidoglycolate dehydrogenase
546680	548347	1668	fdrA	b0518	+	putative oxamate carbamoyltransferase FdrA
548357	549616	1260	ylbE	b4572	+	DUF1116 domain-containing protein YlbE
549627	550442	816	ylbF	b0520	+	DUF2877 domain-containing protein YlbF
550439	551332	894	ybcF	b0521	+	putative carbamate kinase
551527	552594	1068	purK	b0522	-	5-(carboxyamino)imidazole ribonucleotide synthase
552591	553100	510	purE	b0523	-	N(5)-carboxyaminoimidazole ribonucleotide mutase
553218	553940	723	lpxH	b0524	-	UDP-2,3-diacylglucosamine diphosphatase
553943	554437	495	ppiB	b0525	-	peptidyl-prolyl cis-trans isomerase B
554611	555996	1386	cysS	b0526	+	cysteine--tRNA ligase
556032	556553	522	ybcI	b0527	-	PF04307 family inner membrane protein YbcI
556661	556873	213	ybcJ	b0528	-	putative RNA-binding protein YbcJ
556875	557741	867	folD	b0529	-	bifunctional methylenetetrahydrofolate dehydrogenase/methenyltetrahydrofolate cyclohydrolase
558212	558754	543	sfmA	b0530	+	putative fimbrial protein SfmA
558974	559666	693	sfmC	b0531	+	putative fimbrial chaperone SfmC
559697	562300	2604	sfmD	b0532	+	putative fimbrial usher protein SfmD
562336	563319	984	sfmH	b0533	+	putative fimbrial adhesin protein SfmH
563330	563845	516	sfmF	b0534	+	putative fimbrial protein SfmF
563848	564480	633	fimZ	b0535	-	LuxR family transcriptional regulator FimZ
564815	565978	1164	intD	b0537	-	putative integrase
566684	566776	93			+	DLP12 prophage; protein RenD
566842	567141	300	insE3	b0540	+	IS3 element protein InsE
567138	568004	867	insF3	b0541	+	IS3 element protein InsF
568315	568647	333	emrE	b0543	+	multidrug/betaine/choline efflux transporter EmrE
568695	568844	150	ylcJ	b4733	+	protein YlcJ
568902	570428	1527	ybcK	b0544	+	putative recombinase YbcK
570893	571444	552	ybcL	b0545	+	periplasmic protein YbcL
571454	572251	798	ybcM	b0546	+	putative DNA-binding transcriptional regulator
572368	572469	102	ylcH	b4588	+	uncharacterized protein YlcH
572466	572921	456	ybcN	b0547	+	DNA base-flipping protein
572921	573091	171	ninE	b0548	+	NinE family prophage protein
573084	573374	291	ybcO	b0549	+	putative nuclease YbcO
573371	573733	363	rusA	b0550	+	crossover junction endodeoxyribonuclease RusA
573730	573870	141	ylcG	b4509	+	uncharacterized protein YlcG
573956	574339	384	quuD	b0551	+	prophage antitermination protein Q homolog QuuD
574737	575717	981	insH2	b0552	-	IS5 transposase and trans-activator
575786	576825	1040			-	DLP12 prophage; putative outer membrane porin NmpC
577398	577613	216	essD	b0554	+	putative phage lysis protein
577613	578110	498	rrrD	b0555	+	lysozyme
578107	578568	462	rzpD	b0556	+	putative prophage endopeptidase RzpD
578327	578509	183	rzoD	b4510	+	putative prophage lysis lipoprotein RzoD
578600	578893	294	borD	b0557	-	prophage lipoprotein BorD
579184	579594	411	ybcV	b0558	-	DUF1398 domain-containing protein YbcV
579880	580086	207	ybcW	b0559	+	uncharacterized protein YbcW
580251	580445	195	ylcI	b4589	-	DUF3950 domain-containing protein YlcI
580834	581379	546	nohD	b0560	+	putative DNA-packaging protein NohD
581534	582097	564	tfaD	b0561	+	putative tail fiber assembly protein TfaD
582875	583060	186	tfaX	b0563	+	protein TfaX
583681	584430	750	appY	b0564	+	DNA-binding transcriptional activator AppY
584680	585633	954	ompT	b0565	-	omptin family outer membrane protease OmpT
586147	586908	762	envY	b0566	-	DNA-binding transcriptional activator EnvY
587091	587981	891	ybcH	b0567	-	putative exopolysaccharide secretion system auxiliary component
587982	590954	2973	nfrA	b0568	-	exopolysaccharide secretion system outer membrane protein NfrA
590941	593178	2238	nfrB	b0569	-	cyclic di-3',5'-guanylate-activated glycosyltransferase
593328	594770	1443	cusS	b0570	-	sensor histidine kinase CusS
594760	595443	684	cusR	b0571	-	DNA-binding transcriptional activator CusR
595600	596973	1374	cusC	b0572	+	copper/silver export system outer membrane channel
597131	597463	333	cusF	b0573	+	copper/silver export system periplasmic binding protein
597479	598702	1224	cusB	b0574	+	copper/silver export system membrane fusion protein
598714	601857	3144	cusA	b0575	+	copper/silver export system RND permease
601959	603335	1377	pheP	b0576	+	phenylalanine:H(+) symporter PheP
603416	604663	1248	ybdG	b0577	-	miniconductance mechanosensitive channel YbdG
604771	605424	654	nfsB	b0578	-	NAD(P)H-dependent nitroreductase NfsB
605518	605886	369	ybdF	b0579	-	PF04237 family protein YbdF
605951	606199	249	ybdJ	b0580	-	DUF1158 domain-containing protein YbdJ
606265	607383	1119	ybdK	b0581	-	putative glutamate--cysteine ligase 2
607836	607988	153	hokE	b4415	+	small toxic polypeptide HokE
608065	609177	1113	insL2	b0582	+	IS186/IS421 transposase
609459	610079	621	entD	b0583	-	phosphopantetheinyl transferase EntD
610254	612494	2241	fepA	b0584	-	ferric enterobactin outer membrane transporter
612737	613939	1203	fes	b0585	+	ferric enterobactin esterase
613942	614160	219	ybdZ	b4511	+	enterobactin biosynthesis protein YbdZ
614157	618038	3882	entF	b0586	+	apo-serine activating enzyme
618254	619387	1134	fepE	b0587	+	polysaccharide co-polymerase family protein FepE
619384	620199	816	fepC	b0588	-	ferric enterobactin ABC transporter ATP binding subunit
620196	621188	993	fepG	b0589	-	ferric enterobactin ABC transporter membrane subunit FepG
621185	622189	1005	fepD	b0590	-	ferric enterobactin ABC transporter membrane subunit FebD
622300	623550	1251	entS	b0591	+	enterobactin exporter EntS
623554	624510	957	fepB	b0592	-	ferric enterobactin ABC transporter periplasmic binding protein
624885	626060	1176	entC	b0593	+	isochorismate synthase EntC
626070	627680	1611	entE	b0594	+	2,3-dihydroxybenzoate-AMP ligase
627694	628551	858	entB	b0595	+	enterobactin synthase component B
628551	629297	747	entA	b0596	+	2,3-dihydro-2,3-dihydroxybenzoate dehydrogenase
629300	629713	414	entH	b0597	+	proofreading thioesterase in enterobactin biosynthesis
629894	631999	2106	cstA	b0598	+	pyruvate transporter CstA
632182	632379	198	ybdD	b4512	+	PF04328 family protein YbdD
632389	633477	1089	hcxA	b0599	-	hydroxycarboxylate dehydrogenase A
633586	634746	1161	ybdL	b0600	+	methionine transaminase
634747	635376	630	ybdM	b0601	-	ParB-like nuclease domain-containing protein YbdM
635349	636569	1221	ybdN	b0602	-	putative PAPS reductase/DUF3440 domain-containing protein YbdN
636716	637618	903	citR	b0603	-	DNA-binding transcriptional repressor CitR
637827	638573	747	dsbG	b0604	-	protein sulfenic acid reductase and chaperone DsbG
638945	639508	564	ahpC	b0605	+	alkyl hydroperoxide reductase, AhpC component
639753	641318	1566	ahpF	b0606	+	alkyl hydroperoxide reductase, AhpF component
641439	641867	429	uspG	b0607	-	universal stress protein G
642088	643326	1239	ybdR	b0608	+	putative Zn(2(+))-dependent alcohol dehydrogenase YbdR
643330	643419	90	yldA	b4734	-	protein YldA
643557	643967	411	rnk	b0610	-	nucleoside diphosphate kinase regulator
644197	645003	807	rna	b0611	-	RNase I
645117	646580	1464	citT	b0612	-	citrate:succinate antiporter
646631	647509	879	citG	b0613	-	triphosphoribosyl-dephospho-CoA synthase
647484	648035	552	citX	b0614	-	apo-citrate lyase phosphoribosyl-dephospho-CoA transferase
648039	649571	1533	citF	b0615	-	citrate lyase alpha subunit
649582	650490	909	citE	b0616	-	citrate lyase beta subunit
650487	650783	297	citD	b0617	-	citrate lyase acyl carrier protein
650798	651856	1059	citC	b0618	-	citrate lyase synthetase
652235	653893	1659	dpiB	b0619	+	sensor histidine kinase DpiB
653862	654542	681	dpiA	b0620	+	DNA-binding transcriptional dual regulator DpiA
654583	655968	1386	dcuC	b0621	-	anaerobic C4-dicarboxylate transporter DcuC
656557	657117	561	pagP	b0622	+	Lipid A palmitoyltransferase
657292	657501	210	cspE	b0623	+	transcription antiterminator and regulator of RNA stability CspE
657555	657938	384	crcB	b0624	-	F(-) channel
658947	659150	204	tatE	b0627	+	twin arginine protein translocation system - TatE protein
659251	660216	966	lipA	b0628	-	lipoyl synthase
660425	661378	954	ybeF	b0629	-	putative DNA-binding transcriptional regulator YbeF
661637	662278	642	lipB	b0630	-	lipoyl(octanoyl) transferase
662379	662642	264	ybeD	b0631	-	DUF493 domain-containing protein YbeD
662752	663963	1212	dacA	b0632	-	D-alanyl-D-alanine carboxypeptidase DacA
664102	665190	1089	rlpA	b0633	-	rare lipoprotein RlpA
665201	666313	1113	mrdB	b0634	-	peptidoglycan glycosyltransferase MrdB
666316	668217	1902	mrdA	b0635	-	peptidoglycan DD-transpeptidase MrdA
668248	668715	468	rlmH	b0636	-	23S rRNA m(3)psi1915 methyltransferase
668719	669036	318	rsfS	b0637	-	ribosomal silencing factor RsfS
669296	669907	612	cobC	b0638	-	putative adenosylcobalamin phosphatase/alpha-ribazole phosphatase
669931	670572	642	nadD	b0639	-	nicotinate-nucleotide adenylyltransferase
670574	671605	1032	holA	b0640	-	DNA polymerase III subunit delta
671605	672186	582	lptE	b0641	-	lipopolysaccharide assembly protein LptE
672201	674783	2583	leuS	b0642	-	leucine--tRNA ligase
675018	675500	483	ybeL	b0643	+	DUF1451 domain-containing protein YbeL
675570	676547	978	ybeQ	b0644	-	Sel1 repeat-containing protein YbeQ
676711	677418	708	ybeR	b0645	+	DUF1266 domain-containing protein YbeR
677415	678842	1428	djlB	b0646	+	J domain-containing protein DjlB
678852	679406	555	ybeT	b0647	-	Sel1 repeat-containing protein YbeT
679508	680215	708	ybeU	b0648	+	DUF1266 domain-containing protein YbeU
680212	681663	1452	djlC	b0649	+	co-chaperone DjlC
681723	683393	1671	hscC	b0650	-	chaperone protein HscC
683477	684412	936	rihA	b0651	-	pyrimidine-specific ribonucleoside hydrolase RihA
684530	685255	726	gltL	b0652	-	glutamate/aspartate ABC transporter ATP binding subunit
685255	685929	675	gltK	b0653	-	glutamate/aspartate ABC transporter membrane subunit GltK
685929	686669	741	gltJ	b0654	-	glutamate/aspartate ABC transporter membrane subunit GltJ
686839	687747	909	gltI	b0655	-	glutamate/aspartate ABC transporter periplasmic binding protein
687997	688977	981	insH3	b0656	-	IS5 transposase and trans-activator
689343	690881	1539	lnt	b0657	-	apolipoprotein N-acyltransferase
690906	691784	879	ybeX	b0658	-	CorC-HlyC family protein YbeX
691874	692341	468	ybeY	b0659	-	endoribonuclease YbeY
692338	693378	1041	ybeZ	b0660	-	PhoH-like protein
693531	694955	1425	miaB	b0661	-	isopentenyl-adenosine A37 tRNA methylthiolase
695101	696276	1176	ubiF	b0662	+	3-demethoxyubiquinol 3-hydroxylase
697513	699177	1665	asnB	b0674	-	asparagine synthetase B
699574	700326	753	umpH	b0675	-	UMP phosphatase
700374	701594	1221	nagC	b0676	-	DNA-binding transcriptional dual regulator NagC
701603	702751	1149	nagA	b0677	-	N-acetylglucosamine-6-phosphate deacetylase
702811	703611	801	nagB	b0678	-	glucosamine-6-phosphate deaminase
703944	705890	1947	nagE	b0679	+	N-acetylglucosamine-specific PTS enzyme IIABC component
706093	707757	1665	glnS	b0680	+	glutamine--tRNA ligase
708334	709740	1407	chiP	b0681	+	chitooligosaccharide outer membrane channel
709790	710116	327	chiQ	b0682	+	lipoprotein ChiQ
710200	710646	447	fur	b0683	-	DNA-binding transcriptional dual regulator Fur
710639	710725	87	uof	b4637	-	RyhB-regulated fur leader peptide
710935	711465	531	fldA	b0684	-	flavodoxin 1
711605	711898	294	ybfE	b0685	-	ribbon-helix-helix domain-containing protein YbfE
712038	712802	765	ybfF	b0686	-	esterase
712987	713532	546	seqA	b0687	+	negative modulator of initiation of replication
713558	715198	1641	pgm	b0688	+	phosphoglucomutase
715412	715906	495	ybfP	b0689	+	lipoprotein YbfP
716946	718265	1320	potE	b0692	-	putrescine transporter PotE
718262	720460	2199	speF	b0693	-	inducible ornithine decarboxylase
720718	720822	105	speFL	b4803	-	leader peptide SpeFL
721056	721733	678	kdpE	b0694	-	DNA-binding transcriptional dual regulator KdpE
721730	724414	2685	kdpD	b0695	-	sensor histidine kinase KdpD
724407	724979	573	kdpC	b0696	-	K(+) transporting P-type ATPase subunit KdpC
724988	727036	2049	kdpB	b0697	-	K(+) transporting P-type ATPase subunit KdpB
727059	728732	1674	kdpA	b0698	-	K(+) transporting P-type ATPase subunit KdpA
728732	728821	90	kdpF	b4513	-	K(+) transporting P-type ATPase subunit KdpF
729134	729340	207	ybfA	b0699	+	DUF2517 domain-containing protein YbfA
729583	733776	4194	rhsC	b0700	+	rhs element protein RhsC
733776	734102	327	ybfB	b0702	+	uncharacterized protein YbfB
735650	736219	570	ybfC	b0704	+	uncharacterized protein YbfC
736445	736699	255	ybfQ	b4514	+	inactive transposase YbfQ
738092	738853	762	ybfD	b0706	+	H repeat-associated putative transposase YbfD
739001	739510	510	ybgA	b0707	+	DUF1722 domain-containing protein YbgA
739507	740925	1419	phr	b0708	+	deoxyribodipyrimidine photolyase
741075	742556	1482	dtpD	b0709	-	dipeptide:H(+) symporter DtpD
742827	743570	744	ybgI	b0710	+	radiation resistance protein YbgI
743593	744249	657	pxpB	b0711	+	5-oxoprolinase component B
744243	745175	933	pxpC	b0712	+	5-oxoprolinase component C
745165	745899	735	pxpA	b0713	+	5-oxoprolinase component A
745935	746726	792	nei	b0714	+	endonuclease VIII
746723	747769	1047	abrB	b0715	-	putative regulator
747921	748982	1062	ybgO	b0716	-	putative fimbrial protein YbgO
748979	749707	729	ybgP	b0717	-	putative fimbrial chaperone YbgP
749722	752169	2448	ybgQ	b0718	-	putative fimbrial usher protein YbgQ
752229	752795	567	ybgD	b0719	-	putative fimbrial protein YbgD
753185	754468	1284	gltA	b0720	-	citrate synthase
754658	754690	33	ybgV	b4768	-	protein YbgV
754674	754781	108	ybgU	b4735	-	protein YbgU
755177	755566	390	sdhC	b0721	+	succinate:quinone oxidoreductase, membrane protein SdhC
755560	755907	348	sdhD	b0722	+	succinate:quinone oxidoreductase, membrane protein SdhD
755907	757673	1767	sdhA	b0723	+	succinate:quinone oxidoreductase, FAD binding protein
757689	758405	717	sdhB	b0724	+	succinate:quinone oxidoreductase, [Fe-S] cluster binding protein
758706	761507	2802	sucA	b0726	+	subunit of E1(0) component of 2-oxoglutarate dehydrogenase
761522	762739	1218	sucB	b0727	+	2-oxoglutarate dehydrogenase E2 subunit
763014	764180	1167	sucC	b0728	+	succinyl-CoA synthetase subunit beta
764180	765049	870	sucD	b0729	+	succinyl-CoA synthetase subunit alpha
765153	765875	723	mngR	b0730	-	DNA-binding transcriptional repressor MngR
765984	767960	1977	mngA	b0731	+	2-O-alpha-mannosyl-D-glycerate specific PTS enzyme II
767978	770611	2634	mngB	b0732	+	alpha-mannosidase
771458	773026	1569	cydA	b0733	+	cytochrome bd-I subunit 1
773042	774181	1140	cydB	b0734	+	cytochrome bd-I subunit 2
774196	774309	114	cydX	b4515	+	cytochrome bd-I accessory subunit CydX
774309	774602	294	ybgE	b0735	+	PF09600 family protein YbgE
774752	775156	405	ybgC	b0736	+	esterase/thioesterase
775153	775845	693	tolQ	b0737	+	Tol-Pal system protein TolQ
775849	776277	429	tolR	b0738	+	Tol-Pal system protein TolR
776342	777607	1266	tolA	b0739	+	Tol-Pal system protein TolA
777740	779032	1293	tolB	b0740	+	Tol-Pal system periplasmic protein TolB
779067	779588	522	pal	b0741	+	peptidoglycan-associated outer membrane lipoprotein Pal
779598	780389	792	cpoB	b0742	+	cell division coordinator CpoB
782085	783128	1044	nadA	b0750	+	quinolinate synthase
783166	783885	720	pnuC	b0751	+	nicotinamide riboside transporter
783882	784823	942	zitB	b0752	-	Zn(2(+))/Cd(2(+))/Ni(2(+))/Cu(2(+)) exporter
784937	785317	381	ybgS	b0753	-	PF13985 family protein YbgS
785633	786685	1053	aroG	b0754	+	3-deoxy-7-phosphoheptulonate synthase, Phe-sensitive
786843	787595	753	gpmA	b0755	-	2,3-bisphosphoglycerate-dependent phosphoglycerate mutase
787797	788837	1041	galM	b0756	-	galactose-1-epimerase
788831	789979	1149	galK	b0757	-	galactokinase
789983	791029	1047	galT	b0758	-	galactose-1-phosphate uridylyltransferase
791039	792055	1017	galE	b0759	-	UDP-glucose 4-epimerase
792316	793788	1473	modF	b0760	-	ABC family protein ModF
793856	794644	789	modE	b0761	-	DNA-binding transcriptional dual regulator ModE
794773	794922	150	acrZ	b0762	+	multidrug efflux pump accessory protein AcrZ
795089	795862	774	modA	b0763	+	molybdate ABC transporter periplasmic binding protein
795862	796551	690	modB	b0764	+	molybdate ABC transporter membrane subunit
796554	797612	1059	modC	b0765	+	molybdate ABC transporter ATP binding subunit
797613	798431	819	ybhA	b0766	-	pyridoxal phosphate/fructose-1,6-bisphosphate phosphatase
798586	799581	996	pgl	b0767	+	6-phosphogluconolactonase
799622	800575	954	ybhD	b0768	-	putative DNA-binding transcriptional regulator YbhD
800759	801811	1053	ybhH	b0769	+	putative isomerase YbhH
801887	803320	1434	ybhI	b0770	+	putative tricarboxylate transporter
803503	805764	2262	ybhJ	b0771	+	putative hydratase YbhJ
805998	807281	1284	ybhC	b0772	-	outer membrane lipoprotein YbhC
807433	807909	477	ybhB	b0773	-	putative kinase inhibitor
807968	809257	1290	bioA	b0774	-	adenosylmethionine-8-amino-7-oxononanoate aminotransferase
809344	810384	1041	bioB	b0775	+	biotin synthase
810381	811535	1155	bioF	b0776	+	8-amino-7-oxononanoate synthase
811522	812277	756	bioC	b0777	+	malonyl-acyl carrier protein methyltransferase
812270	812947	678	bioD	b0778	+	dethiobiotin synthetase
813526	815547	2022	uvrB	b0779	+	UvrABC excision nuclease subunit B
815739	816647	909	ybhK	b0780	-	putative transferase YbhK
817044	818033	990	moaA	b0781	+	GTP 3',8'-cyclase
818055	818567	513	moaB	b0782	+	protein MoaB
818570	819055	486	moaC	b0783	+	cyclic pyranopterin monophosphate synthase
819048	819293	246	moaD	b0784	+	molybdopterin synthase sulfur carrier subunit
819295	819747	453	moaE	b0785	+	molybdopterin synthase catalytic subunit
819884	820588	705	ybhL	b0786	+	Bax1-I family protein YbhL
820793	821506	714	ybhM	b0787	+	Bax1-I family protein YbhM
821542	822498	957	ybhN	b0788	-	PF03706 family inner membrane protein YbhN
822498	823739	1242	clsB	b0789	-	cardiolipin synthase B
823736	824497	762	ybhP	b0790	-	endonuclease/exonuclease/phosphatase domain-containing protein YbhP
824630	825040	411	ybhQ	b0791	+	inner membrane protein YbhQ
825002	826108	1107	ybhR	b0792	-	ABC exporter membrane subunit YbhR
826119	827252	1134	ybhS	b0793	-	ABC exporter membrane subunit YbhS
827245	828981	1737	ybhF	b0794	-	ABC exporter ATP binding subunit YbhF
828974	829972	999	ybhG	b0795	-	HlyD_D23 family protein YbhG
829972	830643	672	cecR	b0796	-	DNA-binding transcriptional dual regulator CecR
830872	832236	1365	rhlE	b0797	+	ATP-dependent RNA helicase RhlE
832468	832950	483	ybiA	b0798	-	N-glycosidase YbiA
833070	835220	2151	dinG	b0799	+	ATP-dependent DNA helicase DinG
835248	836210	963	ybiB	b0800	+	nonspecific DNA-binding protein YbiB
836351	837436	1086	hcxB	b0801	+	hydroxycarboxylate dehydrogenase B
837503	837562	60	ybiE	b4769	+	protein YbiE
837665	837925	261	ybiJ	b0802	-	DUF1471 domain-containing protein YbiJ
838190	838456	267	ybiI	b0803	-	zinc finger domain-containing protein YbiI
838530	839207	678	ybiX	b0804	-	PKHD-type hydroxylase YbiX
839249	841531	2283	fiu	b0805	-	Fe catecholate outer membrane transporter Fiu
841796	842056	261	mcbA	b0806	-	DUF1471 domain-containing protein McbA
842332	843258	927	rlmF	b0807	+	23S rRNA m(6)A1618 methyltransferase
843255	845480	2226	ybiO	b0808	-	moderate conductance mechanosensitive channel YbiO
845741	846463	723	glnQ	b0809	-	L-glutamine ABC transporter ATP binding subunit
846460	847119	660	glnP	b0810	-	L-glutamine ABC transporter membrane subunit
847258	848004	747	glnH	b0811	-	L-glutamine ABC transporter periplasmic binding protein
848408	848911	504	dps	b0812	-	DNA protection during starvation protein
849210	850097	888	rhtA	b0813	-	L-threonine/L-homoserine exporter
850332	850397	66	yliM	b4736	+	protein YliM
850450	850965	516	ompX	b0814	+	outer membrane protein X
851014	852597	1584	opgE	b0815	-	phosphoethanolamine transferase OpgE
852869	852997	129	mntS	b4705	-	small protein MntS
853183	853650	468	mntR	b0817	+	DNA-binding transcriptional dual regulator MntR
853647	854765	1119	ybiR	b0818	+	putative transporter YbiR
854824	855744	921	ldtB	b0819	-	L,D-transpeptidase LdtB
855963	857555	1593	ybiT	b0820	+	putative ATP-binding protein YbiT
857796	859061	1266	ybiU	b0821	-	DUF1479 domain-containing protein YbiU
859213	860028	816	ybiV	b0822	-	sugar phosphatase YbiV
860174	862606	2433	ybiW	b0823	-	putative pyruvate formate lyase
862612	863511	900	ybiY	b0824	-	putative pyruvate formate-lyase activating enzyme YbiY
863642	864304	663	fsaA	b0825	+	fructose-6-phosphate aldolase 1
864380	865129	750	moeB	b0826	-	molybdopterin-synthase adenylyltransferase
865129	866364	1236	moeA	b0827	-	molybdopterin molybdotransferase
866568	867533	966	iaaA	b0828	+	isoaspartyl dipeptidase proenzyme
867520	869391	1872	gsiA	b0829	+	glutathione ABC transporter ATP binding subunit GsiA
869411	870949	1539	gsiB	b0830	+	glutathione ABC transporter periplasmic binding protein
870967	871887	921	gsiC	b0831	+	glutathione ABC transporter membrane subunit GsiC
871890	872801	912	gsiD	b0832	+	glutathione ABC transporter membrane subunit GsiD
872979	875327	2349	pdeI	b0833	+	putative cyclic di-GMP phosphodiesterase PdeI
875335	876663	1329	dgcI	b0834	+	putative diguanylate cyclase DgcI
876710	878035	1326	rimO	b0835	-	ribosomal protein S12 methylthiotransferase RimO
878248	878631	384	bssR	b0836	+	regulator of biofilm formation
878742	879857	1116	yliI	b0837	+	aldose sugar dehydrogenase YliI
879854	880480	627	gstB	b0838	-	glutathione S-transferase GstB
880727	881929	1203	dacC	b0839	+	D-alanyl-D-alanine carboxypeptidase DacC
881976	882734	759	deoR	b0840	-	DNA-binding transcriptional repressor DeoR
882792	883388	597	ybjG	b0841	-	undecaprenyl pyrophosphate phosphatase
883673	884905	1233	mdfA	b0842	+	multidrug efflux pump MdfA/Na(+):H(+) antiporter/K(+):H(+) antiporter
884946	885230	285	ybjH	b0843	-	uncharacterized protein YbjH
885316	886131	816	ybjI	b0844	-	5-amino-6-(5-phospho-D-ribitylamino)uracil phosphatase
886131	887339	1209	ybjJ	b0845	-	inner membrane protein YbjJ
887423	887959	537	rcdA	b0846	+	DNA binding transcriptional dual regulator RcdA
888134	889819	1686	ybjL	b0847	-	putative transport protein YbjL
890089	890466	378	ybjM	b0848	+	putative inner membrane protein
890496	890753	258	grxA	b0849	-	reduced glutaredoxin 1
890913	891200	288	ybjC	b0850	+	DUF1418 domain-containing protein YbjC
891184	891906	723	nfsA	b0851	+	NADPH-dependent nitro/quinone reductase NfsA
891967	892869	903	rimK	b0852	+	ribosomal protein S6 modification protein
892957	893433	477	ybjN	b0853	+	protein YbjN
893784	894896	1113	potF	b0854	+	putrescine ABC transporter periplasmic binding protein
894991	896124	1134	potG	b0855	+	putrescine ABC transporter ATP binding subunit
896134	897087	954	potH	b0856	+	putrescine ABC transporter membrane subunit PotH
897084	897929	846	potI	b0857	+	putrescine ABC transporter membrane subunit PotI
897989	898477	489	ybjO	b0858	+	putative inner membrane protein
898518	899645	1128	rlmC	b0859	+	23S rRNA m(5)U747 methyltransferase
899844	900575	732	artJ	b0860	-	L-arginine ABC transporter periplasmic binding protein
900866	901534	669	artM	b0861	-	L-arginine ABC transporter membrane subunit ArtM
901534	902250	717	artQ	b0862	-	L-arginine ABC transporter membrane subunit ArtQ
902257	902988	732	artI	b0863	-	putative ABC transporter periplasmic binding protein ArtI
903006	903734	729	artP	b0864	-	L-arginine ABC transporter ATP binding subunit
903952	904467	516	ybjP	b0865	-	DUF3828 domain-containing lipoprotein YbjP
904593	904916	324	ybjQ	b0866	+	putative heavy metal binding protein YbjQ
904913	905743	831	amiD	b0867	+	N-acetylmuramoyl-L-alanine amidase D
905740	906753	1014	ybjS	b0868	-	putative epimerase YbjS
906852	908282	1431	ybjT	b0869	-	putative NAD(P)-binding protein YbjT
908293	909294	1002	ltaE	b0870	-	low-specificity L-threonine aldolase
909331	911049	1719	poxB	b0871	-	pyruvate oxidase
911182	912150	969	hcr	b0872	-	NADH oxidoreductase
912162	913814	1653	hcp	b0873	-	protein S-nitrosylase
913958	914857	900	lysO	b0874	-	L-lysine/thialysine exporter
915352	916047	696	aqpZ	b0875	-	water channel AqpZ
916473	918131	1659	ybjD	b0876	+	DUF2813 domain-containing protein YbjD
918128	919120	993	ybjX	b0877	-	DUF535 domain-containing protein YbjX
919235	920350	1116	macA	b0878	+	ABC-type tripartite efflux pump membrane fusion protein
920347	922293	1947	macB	b0879	+	ABC-type tripartite efflux pump ATP binding/membrane subunit
922366	922590	225	cspD	b0880	-	DNA replication inhibitor CspD
922740	922814	75	yljB	b4770	+	protein YljB
922913	923233	321	clpS	b0881	+	specificity factor for ClpA-ClpP chaperone-protease complex
923264	925540	2277	clpA	b0882	+	ATP-dependent Clp protease ATP-binding subunit ClpA
926225	926443	219	infA	b0884	-	translation initiation factor IF-1
926728	927432	705	aat	b0885	-	leucyl/phenylalanyl-tRNA--protein transferase
927474	929195	1722	cydC	b0886	-	heme ABC transporter subunit CydC
929196	930962	1767	cydD	b0887	-	heme ABC transporter subunit CydD
931085	932050	966	trxB	b0888	-	thioredoxin reductase
932595	933089	495	lrp	b0889	+	DNA-binding transcriptional dual regulator Lrp
933224	937213	3990	ftsK	b0890	+	cell division DNA translocase FtsK
937372	937983	612	lolA	b0891	+	outer membrane lipoprotein carrier protein
937994	939337	1344	rarA	b0892	+	replication-associated recombination protein A
939428	940720	1293	serS	b0893	+	serine--tRNA ligase
940959	943403	2445	dmsA	b0894	+	dimethyl sulfoxide reductase subunit A
943414	944031	618	dmsB	b0895	+	dimethyl sulfoxide reductase subunit B
944033	944896	864	dmsC	b0896	+	dimethyl sulfoxide reductase subunit C
944931	945557	627	ycaC	b0897	-	putative hydrolase YcaC
945871	947019	1149	ycaD	b0898	+	putative transporter YcaD
947229	948659	1431	ycaM	b0899	+	putative transporter YcaM
948660	949568	909	ycaN	b0900	-	putative DNA-binding transcriptional regulator YcaN
949668	950258	591	ycaK	b0901	+	putative oxidoreductase YcaK
950340	951080	741	pflA	b0902	-	pyruvate formate-lyase activating enzyme
951272	953554	2283	pflB	b0903	-	pyruvate formate-lyase
953609	954466	858	focA	b0904	-	formate channel FocA
954872	956632	1761	ycaO	b0905	-	ribosomal protein S12 methylthiotransferase accessory factor YcaO
956762	957454	693	ycaP	b0906	+	DUF421 domain-containing protein YcaP
957653	958741	1089	serC	b0907	+	phosphoserine/phosphohydroxythreonine aminotransferase
958812	960095	1284	aroA	b0908	+	3-phosphoshikimate 1-carboxyvinyltransferase
960264	961028	765	ycaL	b0909	+	periplasmic protease YcaL
961201	961884	684	cmk	b0910	+	cytidylate kinase
961995	963668	1674	rpsA	b0911	+	30S ribosomal subunit protein S1
963828	964112	285	ihfB	b0912	+	integration host factor subunit beta
964320	966584	2265	ycaI	b0913	+	metallo-beta-lactamase superfamily inner membrane protein YcaI
966621	968369	1749	msbA	b0914	+	ATP-binding lipopolysaccharide transport protein
968366	969352	987	lpxK	b0915	+	tetraacyldisaccharide 4'-kinase
969389	970621	1233	ycaQ	b0916	+	interstrand DNA crosslink repair glycosylase
970673	970855	183	ycaR	b0917	+	PF03966 family protein YcaR
970852	971598	747	kdsB	b0918	+	3-deoxy-manno-octulosonate cytidylyltransferase
971752	972645	894	ycbJ	b0919	+	putative phosphotransferase YcbJ
972622	973401	780	elyC	b0920	-	envelope biogenesis factor
973537	974322	786	cmoM	b0921	+	tRNA cmo(5)U34 methyltransferase
974319	975641	1323	mukF	b0922	+	chromosome partitioning protein MukF
975622	976326	705	mukE	b0923	+	chromosome partitioning protein MukE
976326	980786	4461	mukB	b0924	+	chromosome partitioning protein MukB
981047	982894	1848	ldtD	b0925	+	L,D-transpeptidase LdtD
983075	983623	549	mepK	b0926	+	peptidoglycan L,D-endopeptidase
983650	984297	648	gloC	b0927	+	hydroxyacylglutathione hydrolase GloC
984519	985709	1191	aspC	b0928	-	aspartate aminotransferase
985894	986982	1089	ompF	b0929	-	outer membrane porin F
987585	988985	1401	asnS	b0930	-	asparagine--tRNA ligase
989154	990356	1203	pncB	b0931	-	nicotinate phosphoribosyltransferase
990622	993234	2613	pepN	b0932	+	aminopeptidase N
993277	994044	768	ssuB	b0933	-	aliphatic sulfonate ABC transporter ATP binding subunit
994041	994832	792	ssuC	b0934	-	aliphatic sulfonate ABC transporter membrane subunit
994843	995988	1146	ssuD	b0935	-	FMNH2-dependent alkanesulfonate monooxygenase
995985	996944	960	ssuA	b0936	-	aliphatic sulfonate ABC transporter periplasmic binding protein
996937	997512	576	ssuE	b0937	-	NADPH-dependent FMN reductase
997868	998407	540	elfA	b0938	+	putative laminin-binding fimbrial subunit
998490	999191	702	elfD	b0939	+	putative fimbrial chaperone ElfD
999216	1001816	2601	elfC	b0940	+	putative fimbrial usher protein ElfC
1001807	1002877	1071	elfG	b0941	+	putative fimbrial-like adhesin protein
1002889	1003431	543	ycbU	b0942	+	putative fimbrial protein YcbU
1003439	1003954	516	ycbV	b0943	+	putative fimbrial protein YcbV
1003947	1004657	711	ycbF	b0944	+	putative fimbrial chaperone YcbF
1004768	1005778	1011	pyrD	b0945	+	dihydroorotate dehydrogenase, type 2
1005952	1006494	543	zapC	b0946	+	cell division protein ZapC
1006491	1007600	1110	ycbX	b0947	-	6-N-hydroxylaminopurine resistance protein
1007844	1009952	2109	rlmL	b0948	+	fused 23S rRNA m(2)G2445 methyltransferase and 23S rRNA m(7)G2069 methyltransferase
1009964	1011871	1908	uup	b0949	+	ATP-binding protein Uup
1012001	1013254	1254	pqiA	b0950	+	intermembrane transport protein PqiA
1013259	1014899	1641	pqiB	b0951	+	intermembrane transport protein PqiB
1014896	1015459	564	pqiC	b0952	+	intermembrane transport lipoprotein PqiC
1015715	1015882	168	rmf	b0953	+	ribosome modulation factor
1015952	1016470	519	fabA	b0954	-	beta-hydroxyacyl-acyl carrier protein dehydratase/isomerase
1016539	1018299	1761	ycbZ	b0955	-	putative ATP-dependent protease YcbZ
1018485	1018937	453	matP	b0956	+	macrodomain Ter protein
1019013	1020053	1041	ompA	b0957	-	outer membrane protein A
1020410	1020919	510	sulA	b0958	-	cell division inhibitor SulA
1021138	1021767	630	sxy	b0959	+	transcriptional coactivator for CRP
1021730	1023883	2154	yccS	b0960	-	putative transporter YccS
1023902	1024348	447	yccF	b0961	-	PF03733 family inner membrane protein YccF
1024471	1026525	2055	helD	b0962	+	DNA helicase IV
1026557	1027015	459	mgsA	b0963	-	methylglyoxal synthase
1027111	1027773	663	csgI	b0964	-	curli synthesis inhibitor
1027946	1028359	414	yccU	b0965	+	putative HspQ acetyl donor
1028404	1028721	318	hspQ	b0966	-	heat shock protein HspQ
1028779	1029969	1191	rlmI	b0967	-	23S rRNA m(5)C1962 methyltransferase
1030064	1030342	279	yccX	b0968	+	acylphosphatase
1030339	1030668	330	tusE	b0969	-	sulfur transfer protein TusE
1030759	1031418	660	yccA	b0970	-	modulator of FtsH protease
1032139	1033257	1119	hyaA	b0972	+	hydrogenase 1 small subunit
1033254	1035047	1794	hyaB	b0973	+	hydrogenase 1 large subunit
1035066	1035773	708	hyaC	b0974	+	hydrogenase 1 cytochrome b subunit
1035770	1036357	588	hyaD	b0975	+	putative hydrogenase 1 maturation protease HyaD
1036354	1036752	399	hyaE	b0976	+	putative HyaA chaperone
1036749	1037606	858	hyaF	b0977	+	protein HyaF
1037740	1039284	1545	appC	b0978	+	cytochrome bd-II subunit 1
1039296	1040432	1137	appB	b0979	+	cytochrome bd-II subunit 2
1040445	1040537	93	appX	b4592	+	cytochrome bd-II accessory subunit AppX
1040617	1041915	1299	appA	b0980	+	periplasmic phosphoanhydride phosphatase/multiple inositol-polyphosphate phosphatase
1042030	1044210	2181	etk	b0981	-	protein-tyrosine kinase Etk
1044230	1044676	447	etp	b0982	-	phosphotyrosine-protein phosphatase Etp
1044664	1045803	1140	gfcE	b0983	-	putative exopolysaccharide export lipoprotein GfcE
1045849	1047945	2097	gfcD	b0984	-	putative lipoprotein GfcD
1047945	1048691	747	gfcC	b0985	-	capsule biosynthesis GfcC family protein
1048688	1049332	645	gfcB	b0986	-	lipoprotein GfcB
1049439	1049744	306	gfcA	b0987	-	threonine-rich inner membrane protein GfcA
1049833	1050108	276	insA4	b4516	+	IS1 protein InsA
1050027	1050530	504	insB4	b0988	+	IS1 protein InsB
1050963	1051175	213	cspH	b0989	-	CspA family protein CspH
1051461	1051673	213	cspG	b0990	+	cold shock protein CspG
1051684	1051872	189	ymcF	b4723	+	protein YmcF
1051847	1052077	231	ymcE	b0991	+	protein YmcE
1052067	1052240	174	gnsA	b4517	+	putative phosphatidylethanolamine synthesis regulator GnsA
1052289	1053362	1074	yccM	b0992	-	putative electron transport protein YccM
1053434	1056178	2745	torS	b0993	-	sensor histidine kinase TorS
1056261	1057289	1029	torT	b0994	+	periplasmic trimethylamine-N-oxide binding protein
1057262	1057954	693	torR	b0995	-	DNA-binding transcriptional dual regulator TorR
1058084	1059256	1173	torC	b0996	+	cytochrome c menaquinol dehydrogenase TorC
1059256	1061802	2547	torA	b0997	+	trimethylamine N-oxide reductase 1
1061799	1062398	600	torD	b0998	+	trimethylamine-N-oxide reductase-specific chaperone
1062550	1062855	306	cbpM	b0999	-	chaperone modulator CbpM
1062855	1063775	921	cbpA	b1000	-	curved DNA-binding protein
1064036	1065292	1257	yccE	b1001	+	uncharacterized protein YccE
1065585	1066826	1242	agp	b1002	+	glucose-1-phosphatase
1066864	1067091	228	yccJ	b1003	-	PF13993 family protein YccJ
1067112	1067708	597	wrbA	b1004	-	NAD(P)H:quinone oxidoreductase
1068081	1068254	174	ymdF	b4518	+	stress-induced bacterial acidophilic repeat motifs-containing protein YmdF
1068511	1069839	1329	rutG	b1006	-	pyrimidine:H(+) symporter
1069860	1070354	495	rutF	b1007	-	FMN reductase RutF
1070365	1070955	591	rutE	b1008	-	putative malonic semialdehyde reductase
1070965	1071765	801	rutD	b1009	-	putative aminoacrylate hydrolase RutD
1071773	1072159	387	rutC	b1010	-	3-aminoacrylate deaminase
1072171	1072863	693	rutB	b1011	-	ureidoacrylate amidohydrolase
1072863	1074011	1149	rutA	b1012	-	pyrimidine monooxygenase RutA
1074242	1074880	639	rutR	b1013	+	DNA-binding transcriptional regulator RutR
1074920	1078882	3963	putA	b1014	-	fused DNA-binding transcriptional repressor/proline dehydrogenase/1-pyrroline-5-carboxylate dehydrogenase PutA
1079120	1079146	27	ymdG	b4737	+	protein YmdG
1079305	1080813	1509	putP	b1015	+	proline:Na(+) symporter
1082243	1083370	1128	efeO	b1018	+	Fe(2(+)) transport system protein EfeO
1083376	1084647	1272	efeB	b1019	+	heme-containing peroxidase/deferrochelatase
1084992	1086056	1065	phoH	b1020	+	ATP-binding protein PhoH
1086106	1086519	414	pgaD	b1021	-	poly-N-acetyl-D-glucosamine synthase subunit PgaD
1086521	1087846	1326	pgaC	b1022	-	poly-N-acetyl-D-glucosamine synthase subunit PgaC
1087839	1089857	2019	pgaB	b1023	-	poly-beta-1,6-N-acetyl-D-glucosamine N-deacetylase and beta-1,6 glycoside hydrolase
1089866	1092289	2424	pgaA	b1024	-	partially deacetylated poly-beta-1,6-N-acetyl-D-glucosamine export outer membrane porin
1092876	1094234	1359	dgcT	b1025	+	putative diguanylate cyclase DgcT
1094275	1095141	867	insF4	b1026	-	IS3 element protein InsF
1095138	1095437	300	insE4	b1027	-	IS3 element protein InsE
1095843	1096829	987	ycdU	b1029	+	uncharacterized protein YcdU
1097886	1098824	939	ghrA	b1033	+	glyoxylate/hydroxypyruvate reductase A
1098879	1099616	738	ycdX	b1034	+	zinc-binding phosphatase YcdX
1099640	1100194	555	ycdY	b1035	+	chaperone protein YcdY
1100296	1100787	492	ycdZ	b1036	+	inner membrane protein YcdZ
1100851	1101684	834	csgG	b1037	-	curli secretion channel
1101711	1102127	417	csgF	b1038	-	curli assembly component CsgF
1102152	1102541	390	csgE	b1039	-	curli assembly component CsgE
1102546	1103196	651	csgD	b1040	-	DNA-binding transcriptional dual regulator CsgD
1103951	1104406	456	csgB	b1041	+	curlin, minor subunit
1104447	1104902	456	csgA	b1042	+	curlin
1104961	1105293	333	csgC	b1043	+	curlin chaperone
1105414	1105725	312	ymdA	b1044	+	uncharacterized protein YmdA
1105820	1106353	534	ymdB	b1045	+	2'-O-acetyl-ADP-ribose deacetylase, regulator of RNase III activity
1106355	1107776	1422	clsC	b1046	+	cardiolipin synthase C
1107784	1108941	1158	opgC	b1047	-	osmoregulated periplasmic glucans (OPG) biosynthesis protein C
1109335	1110870	1536	opgG	b1048	+	osmoregulated periplasmic glucans biosynthesis protein G
1110863	1113406	2544	opgH	b1049	+	osmoregulated periplasmic glucans biosynthesis protein H
1113579	1113806	228	yceK	b1050	+	DUF1375 domain-containing lipoprotein YceK
1113807	1114181	375	msyB	b1051	-	acidic protein MsyB
1114264	1115490	1227	mdtG	b1053	-	efflux pump MdtG
1115662	1116582	921	lpxL	b1054	-	lauroyl acyltransferase
1116807	1117859	1053	trhO	b1055	+	tRNA U34 hydroxylase TrhO
1117901	1118476	576	yceI	b1056	-	protein YceI
1118480	1119046	567	yceJ	b1057	-	putative cytochrome b561 YceJ
1119307	1119447	141	yceO	b1058	-	DUF2770 domain-containing protein YceO
1119468	1120586	1119	solA	b1059	-	N-methyl-L-tryptophan oxidase
1120701	1120955	255	bssS	b1060	-	regulator of biofilm formation
1121242	1121487	246	dinI	b1061	-	DNA damage-inducible protein I
1121561	1122607	1047	pyrC	b1062	-	dihydroorotase
1122713	1123273	561	yceB	b1063	-	putative lipid-binding lipoprotein YceB
1123407	1124054	648	grxB	b1064	-	reduced glutaredoxin 2
1124118	1125326	1209	mdtH	b1065	-	multidrug efflux pump MdtH
1125562	1126146	585	rimJ	b1066	+	ribosomal-protein-S5-alanine N-acetyltransferase
1126157	1126804	648	yceH	b1067	+	DUF480 domain-containing protein YceH
1126806	1127729	924	yceM	b1068	+	putative oxidoreductase YceM
1127839	1129374	1536	murJ	b1069	+	lipid II flippase MurJ
1129414	1129830	417	flgN	b1070	-	flagellar biosynthesis protein FlgN
1129835	1130128	294	flgM	b1071	-	anti-sigma factor for FliA (sigma(28))
1130204	1130863	660	flgA	b1072	-	flagellar basal body P-ring formation protein FlgA
1131018	1131434	417	flgB	b1073	+	flagellar basal-body rod protein FlgB
1131438	1131842	405	flgC	b1074	+	flagellar basal-body rod protein FlgC
1131854	1132549	696	flgD	b1075	+	flagellar biosynthesis, initiation of hook assembly
1132574	1133782	1209	flgE	b1076	+	flagellar hook protein FlgE
1133802	1134557	756	flgF	b1077	+	flagellar basal-body rod protein FlgF
1134729	1135511	783	flgG	b1078	+	flagellar basal-body rod protein FlgG
1135564	1136262	699	flgH	b1079	+	flagellar L-ring protein
1136274	1137371	1098	flgI	b1080	+	flagellar P-ring protein
1137371	1138312	942	flgJ	b1081	+	putative peptidoglycan hydrolase FlgJ
1138378	1140021	1644	flgK	b1082	+	flagellar hook-filament junction protein 1
1140033	1140986	954	flgL	b1083	+	flagellar hook-filament junction protein 2
1141182	1144367	3186	rne	b1084	-	ribonuclease E
1144502	1144822	321	yceQ	b1085	+	DUF2655 domain-containing protein YceQ
1144940	1145899	960	rluC	b1086	+	23S rRNA pseudouridine(955/2504/2580) synthase
1146011	1146595	585	yceF	b1087	-	m(7)GTP pyrophosphatase
1146794	1147315	522	yceD	b1088	+	DUF177 domain-containing protein YceD
1147367	1147540	174	rpmF	b1089	+	50S ribosomal subunit protein L32
1147621	1148691	1071	plsX	b1090	+	putative phosphate acyltransferase
1148759	1149712	954	fabH	b1091	+	3-oxoacyl-[acyl carrier protein] synthase 3
1149728	1150657	930	fabD	b1092	+	[acyl-carrier-protein] S-malonyltransferase
1150670	1151404	735	fabG	b1093	+	3-oxoacyl-[acyl-carrier-protein] reductase FabG
1151615	1151851	237	acpP	b1094	+	acyl carrier protein
1151939	1153180	1242	fabF	b1095	+	3-oxoacyl-[acyl carrier protein] synthase 2
1153300	1154109	810	pabC	b1096	+	aminodeoxychorismate lyase
1154112	1155134	1023	mltG	b1097	+	endolytic murein transglycosylase
1155124	1155765	642	tmk	b1098	+	Tmk
1155762	1156766	1005	holB	b1099	+	DNA polymerase III subunit delta'
1156777	1157574	798	ycfH	b1100	+	putative metal-dependent hydrolase YcfH
1157869	1159302	1434	ptsG	b1101	+	glucose-specific PTS enzyme IIBC component
1159362	1161551	2190	fhuE	b1102	-	ferric coprogen/ferric rhodotorulic acid outer membrane transporter
1161885	1162244	360	hinT	b1103	+	purine nucleoside phosphoramidase
1162247	1162624	378	ycfL	b1104	+	DUF1425 domain-containing protein YcfL
1162638	1163279	642	lpoB	b1105	+	outer membrane lipoprotein - activator of MrcB activity
1163260	1164084	825	thiK	b1106	+	thiamine kinase
1164095	1165120	1026	nagZ	b1107	+	beta-N-acetylglucosaminidase
1165143	1165685	543	ycfP	b1108	+	PF05728 family protein YcfP
1166085	1167389	1305	ndh	b1109	+	NADH:quinone oxidoreductase II
1167599	1168138	540	ycfJ	b1110	+	PF05433 family protein YcfJ
1168200	1168832	633	comR	b1111	-	DNA-binding transcriptional repressor ComR
1169073	1169330	258	bhsA	b1112	+	DUF1471 domain-containing multiple stress resistance outer membrane protein BhsA
1169412	1170374	963	ldtC	b1113	-	L,D-transpeptidase LdtC
1170518	1173964	3447	mfd	b1114	-	transcription-repair coupling factor
1174092	1175165	1074	ycfT	b1115	-	inner membrane protein YcfT
1175427	1176626	1200	lolC	b1116	+	lipoprotein release complex - inner membrane subunit
1176619	1177320	702	lolD	b1117	+	lipoprotein release complex - ATP binding subunit
1177320	1178564	1245	lolE	b1118	+	lipoprotein release complex - inner membrane subunit
1178593	1179504	912	nagK	b1119	+	N-acetyl-D-glucosamine kinase
1179520	1180359	840	cobB	b1120	+	protein-lysine deacetylase/desuccinylase/lipoamidase
1179631	1180359	729			+	CobB-S
1180479	1181267	789	ycfZ	b1121	-	putative inner membrane protein YcfZ
1181264	1181725	462	ymfA	b1122	-	putative inner membrane protein YmfA
1181783	1182829	1047	potD	b1123	-	spermidine preferential ABC transporter periplasmic binding protein
1182826	1183620	795	potC	b1124	-	spermidine preferential ABC transporter membrane subunit PotC
1183617	1184444	828	potB	b1125	-	spermidine preferential ABC transporter membrane subunit PotB
1184458	1185594	1137	potA	b1126	-	spermidine preferential ABC transporter ATP binding subunit
1185844	1187070	1227	pepT	b1127	+	peptidase T
1187119	1188240	1122	roxA	b1128	-	50S ribosomal protein L16-arginine 3-hydroxylase
1188316	1189776	1461	phoQ	b1129	-	sensor histidine kinase PhoQ
1189776	1190447	672	phoP	b1130	-	DNA-binding transcriptional dual regulator PhoP
1190616	1191986	1371	purB	b1131	-	adenylosuccinate lyase
1191990	1192631	642	hflD	b1132	-	lysogenization regulator
1192667	1193773	1107	mnmA	b1133	-	tRNA-specific 2-thiouridylase
1193827	1194288	462	nudJ	b1134	-	phosphatase NudJ
1194298	1194951	654	rluE	b1135	-	23S rRNA pseudouridine(2457) synthase
1195123	1196373	1251	icd	b1136	+	isocitrate dehydrogenase
1196867	1197532	666	ymfD	b1137	-	putative SAM-dependent methyltransferase YmfD
1197533	1198237	705	ymfE	b1138	-	uncharacterized protein YmfE
1198695	1199588	894	lit	b1139	+	cell death peptidase Lit
1199679	1200806	1128	intE	b1140	-	putative integrase
1200787	1201032	246	xisE	b1141	-	putative excisionase
1201069	1201380	312	ymfH	b1142	-	putative protein YmfH
1201497	1201838	342	ymfI	b1143	+	uncharacterized protein YmfI
1201776	1202084	309	ymfJ	b1144	-	uncharacterized protein YmfJ
1202259	1202933	675	ymfK	b1145	-	putative repressor protein YmfK
1203024	1203224	201	ymfT	b1146	+	putative DNA-binding transcriptional regulator YmfT
1203268	1203825	558	ymfL	b1147	+	uncharacterized protein YmfL
1203822	1204160	339	ymfM	b1148	+	cell division inhibitor YmfM
1204170	1205537	1368	ymfN	b1149	+	chimeric replication protein/phage terminase YmfN
1205549	1205731	183	ymfR	b1150	+	IPR020297 domain-containing protein YmfR
1205731	1206204	474	beeE	b1151	+	protein BeeE
1206913	1207497	585	ymfQ	b1153	+	DUF2313 domain-containing protein YmfQ
1207501	1208130	630	ycfK	b1154	+	protein StfP
1208132	1208545	414	tfaP	b1155	+	putative tail fiber assembly protein TfaP
1208517	1209119	603	tfaE	b1156	-	putative tail fiber assembly protein TfaE
1209685	1210239	555	pinE	b1158	+	site-specific DNA recombinase
1210346	1211179	834	mcrA	b1159	+	Type IV methyl-directed restriction enzyme EcoKMcrA
1211680	1212003	324	iraM	b1160	-	anti-adaptor protein IraM
1212260	1212304	45	ymgK	b4738	-	protein YmgK
1212540	1212650	111	ymgL	b4739	-	protein YmgL
1212703	1213107	405	ycgX	b1161	-	DUF1398 domain-containing protein YcgX
1213328	1214059	732	bluR	b1162	-	DNA-binding transcriptional repressor BluR
1214264	1215475	1212	bluF	b1163	-	blue light- and temperature-regulated antirepressor BluF
1215789	1216025	237	ycgZ	b1164	+	putative two-component system connector protein YcgZ
1216068	1216340	273	ymgA	b1165	+	putative two-component system connector protein YmgA
1216369	1216635	267	ariR	b1166	+	putative two-component system connector protein AriR
1216748	1216996	249	ymgC	b1167	+	protein YmgC
1217328	1218851	1524	pdeG	b1168	+	putative cyclic di-GMP phosphodiesterase PdeG
1218983	1219201	219	ymgF	b4520	+	division septum component YmgF
1222305	1222634	330	ymgD	b1171	-	PF16456 family protein YmgD
1222644	1222988	345	ymgG	b1172	-	PF13436 family protein YmgG
1222990	1223163	174	ymgI	b4593	-	uncharacterized protein YmgI
1223264	1223449	186	ymgJ	b4594	+	uncharacterized protein YmgJ
1224279	1224545	267	minE	b1174	-	Z-ring positioning protein MinE
1224549	1225361	813	minD	b1175	-	Z-ring positioning protein MinD
1225385	1226080	696	minC	b1176	-	Z-ring positioning protein MinC
1226600	1226968	369	ycgJ	b1177	+	PF05666 family protein YcgJ
1227071	1227472	402	pliG	b1178	-	inhibitor of g-type lysozyme
1227368	1227427	60	ymgN	b4816	+	protein YmgN
1227681	1228007	327	ycgL	b1179	+	PF05166 family protein YcgL
1228079	1228738	660	ycgM	b1180	+	oxaloacetate tautomerase
1228815	1229276	462	ycgN	b1181	+	putative metal-chelating domain-containing protein YcgN
1229483	1230394	912	hlyE	b1182	-	hemolysin E
1230767	1231186	420	umuD	b1183	+	DNA polymerase V protein UmuD
1231186	1232454	1269	umuC	b1184	+	DNA polymerase V catalytic protein
1232500	1233030	531	dsbB	b1185	-	protein thiol:quinone oxidoreductase DsbB
1233176	1234717	1542	nhaB	b1186	-	Na(+):H(+) antiporter NhaB
1234938	1235657	720	fadR	b1187	+	DNA-binding transcriptional dual regulator FadR
1235709	1237241	1533	ycgB	b1188	-	PF04293 family protein YcgB
1237571	1238869	1299	dadA	b1189	+	D-amino acid dehydrogenase
1238879	1239949	1071	dadX	b1190	+	alanine racemase 2
1240260	1240463	204	ymgM	b4740	+	protein YmgM
1240335	1242071	1737	cvrA	b1191	-	putative K(+):H(+) antiporter
1242166	1243080	915	ldcA	b1192	-	murein tetrapeptide carboxypeptidase
1243180	1243791	612	emtA	b1193	+	lytic murein transglycosylase E
1243793	1244527	735	ycgR	b1194	-	flagellar brake protein YcgR
1244728	1244982	255	ymgE	b1195	+	PF04226 family protein YmgE
1245160	1245600	441	ycgY	b1196	+	uncharacterized protein YcgY
1245679	1247376	1698	treA	b1197	-	periplasmic trehalase
1247696	1249114	1419	dhaM	b1198	-	dihydroxyacetone kinase subunit M
1249125	1249757	633	dhaL	b1199	-	dihydroxyacetone kinase subunit L
1249768	1250838	1071	dhaK	b1200	-	dihydroxyacetone kinase subunit K
1251066	1252985	1920	dhaR	b1201	+	DNA-binding transcriptional dual regulator DhaR
1253085	1255952	2868	ycgV	b1202	-	putative autotransporter adhesin YcgV
1256721	1257812	1092	ychF	b1203	-	redox-responsive ATPase YchF
1257929	1258513	585	pth	b1204	-	peptidyl-tRNA hydrolase
1258791	1259069	279	ychH	b1205	+	stress-induced protein
1259124	1260803	1680	dauA	b1206	-	aerobic C4-dicarboxylate transporter DauA
1260928	1261875	948	prs	b1207	-	ribose-phosphate diphosphokinase
1262026	1262877	852	ispE	b1208	-	4-(cytidine 5'-diphospho)-2-C-methyl-D-erythritol kinase
1262877	1263500	624	lolB	b1209	-	outer membrane lipoprotein LolB
1263714	1264970	1257	hemA	b1210	+	glutamyl-tRNA reductase
1265012	1266094	1083	prfA	b1211	+	peptide chain release factor RF1
1266094	1266927	834	prmC	b1212	+	protein-(glutamine-N(5)) methyltransferase
1266924	1267316	393	ychQ	b1213	+	SirB family protein YchQ
1267320	1268129	810	ychA	b1214	+	transglutaminase-like/TPR repeat-containing protein
1268165	1269019	855	kdsA	b1215	+	3-deoxy-D-manno-octulosonate 8-phosphate synthase
1269168	1269275	108	ldrA	b4419	-	small toxic polypeptide LdrA
1269703	1269810	108	ldrB	b4421	-	small toxic polypeptide LdrB
1270238	1270345	108	ldrC	b4423	-	small toxic polypeptide LdrC
1270749	1271849	1101	chaA	b1216	-	Na(+)/K(+):H(+) antiporter ChaA
1272119	1272349	231	chaB	b1217	+	putative cation transport regulator ChaB
1272507	1273202	696	chaC	b1218	+	glutathione-specific gamma-glutamylcyclotransferase
1273246	1273599	354	ychN	b1219	-	DsrE/F sulfur relay family protein YchN
1273784	1275178	1395	ychO	b1220	+	putative invasin YchO
1275179	1275829	651	narL	b1221	-	DNA-binding transcriptional dual regulator NarL
1275822	1277618	1797	narX	b1222	-	sensor histidine kinase NarX
1277957	1279348	1392	narK	b1223	+	nitrate:nitrite antiporter NarK
1279864	1283607	3744	narG	b1224	+	nitrate reductase A subunit alpha
1283604	1285142	1539	narH	b1225	+	nitrate reductase A subunit beta
1285139	1285849	711	narJ	b1226	+	nitrate reductase 1 molybdenum cofactor assembly chaperone
1285849	1286526	678	narI	b1227	+	nitrate reductase A subunit gamma
1286709	1286984	276	ychS	b1228	+	putative uncharacterized protein YchS
1287087	1287176	90	tpr	b1229	-	protamine-like protein
1287782	1288624	843	purU	b1232	-	formyltetrahydrofolate deformylase
1288674	1289132	459	ychJ	b1233	-	NTF2-like domain-containing protein YchJ
1289245	1290150	906	rssA	b1234	+	putative patatin-like phospholipase RssA
1290242	1291255	1014	rssB	b1235	+	regulator of RpoS
1291457	1292365	909	galU	b1236	+	UTP--glucose-1-phosphate uridylyltransferase
1292509	1292922	414	hns	b1237	-	DNA-binding transcriptional dual regulator H-NS
1293527	1294144	618	tdk	b1238	+	thymidine/deoxyuridine kinase
1295446	1298121	2676	adhE	b1241	-	fused acetaldehyde-CoA dehydrogenase and Fe-dependent alcohol dehydrogenasealdehyde/alcohol dehydrogenase AdhE
1298514	1298567	54	ychT	b4771	+	protein YchT
1298598	1299245	648	ychE	b1242	+	MarC family putative inner membrane protein YchE
1299567	1300547	981	insH21	b4711	+	IS5 transposase and trans-activator
1301182	1302813	1632	oppA	b1243	+	oligopeptide ABC transporter periplasmic binding protein
1302899	1303819	921	oppB	b1244	+	murein tripeptide ABC transporter/oligopeptide ABC transporter inner membrane subunit OppB
1303834	1304742	909	oppC	b1245	+	murein tripeptide ABC transporter/oligopeptide ABC transporter inner membrane subunit OppC
1304754	1305767	1014	oppD	b1246	+	murein tripeptide ABC transporter/oligopeptide ABC transporter ATP binding subunit OppD
1305764	1306768	1005	oppF	b1247	+	murein tripeptide ABC transporter/oligopeptide ABC transporter ATP binding subunit OppF
1306821	1307150	330	yciU	b1248	-	DUF440 domain-containing protein YciU
1307185	1308645	1461	clsA	b1249	-	cardiolipin synthase A
1308788	1308961	174	yciY	b4595	+	uncharacterized protein YciY
1309016	1310269	1254	kch	b1250	-	K(+) channel Kch
1310569	1310865	297	yciI	b1251	-	protein YciI
1311089	1311808	720	tonB	b1252	+	Ton complex subunit TonB
1311848	1312246	399	yciA	b1253	-	acyl-CoA thioesterase YciA
1312351	1312890	540	yciB	b1254	-	inner membrane protein YciB
1312920	1313663	744	yciC	b1255	-	putative inner membrane protein
1314020	1314658	639	ompW	b1256	+	outer membrane protein W
1314718	1315224	507	yciE	b1257	-	DUF892 domain-containing protein YciE
1315270	1315770	501	yciF	b1258	-	DUF892 domain-containing protein YciF
1315856	1316035	180	yciG	b1259	-	stress-induced bacterial acidophilic repeat motifs-containing protein YciG
1316416	1317222	807	trpA	b1260	-	tryptophan synthase subunit alpha
1317222	1318415	1194	trpB	b1261	-	tryptophan synthase subunit beta
1318427	1319788	1362	trpC	b1262	-	fused indole-3-glycerol phosphate synthase/phosphoribosylanthranilate isomerase
1319789	1321384	1596	trpD	b1263	-	anthranilate synthase subunit TrpD
1321384	1322946	1563	trpE	b1264	-	anthranilate synthase subunit TrpE
1323038	1323082	45	trpL	b1265	-	trp operon leader peptide
1323220	1324101	882	rnm	b1266	+	RNase AM
1324098	1324718	621	yciO	b1267	+	putative RNA-binding protein YciO
1324746	1326641	1896	yciQ	b1268	+	DUF2207 domain-containing protein YciQ
1326852	1327727	876	rluB	b1269	+	23S rRNA pseudouridine(2605) synthase
1327767	1328357	591	btuR	b1270	-	cobinamide/cobalamin adenosyltransferase
1328354	1329112	759	yciK	b1271	-	putative oxidoreductase
1329332	1330381	1050	sohB	b1272	+	S49 peptidase family protein
1330417	1330668	252	yciN	b1273	-	protein YciN
1331048	1333645	2598	topA	b1274	+	DNA topoisomerase I
1333855	1334829	975	cysB	b1275	+	DNA-binding transcriptional dual regulator CysB
1335148	1335288	141	ymiA	b4522	+	uncharacterized protein YmiA
1335291	1335458	168	yciX	b4523	+	uncharacterized protein YciX
1335572	1335667	96	ymiC	b4741	+	protein YmiC
1335831	1338506	2676	acnA	b1276	+	aconitate hydratase 1
1338570	1339160	591	ribA	b1277	-	GTP cyclohydrolase 2
1339330	1340094	765	pgpB	b1278	+	phosphatidylglycerophosphatase B
1340243	1340551	309	lapA	b1279	+	lipopolysaccharide assembly protein A
1340558	1341727	1170	lapB	b1280	+	lipopolysaccharide assembly protein B
1341921	1342658	738	pyrF	b1281	+	orotidine-5'-phosphate decarboxylase
1342658	1342984	327	yciH	b1282	+	putative translation factor
1343110	1343328	219	osmB	b1283	-	osmotically-inducible lipoprotein OsmB
1343597	1344346	750	yciT	b1284	-	DNA-binding transcriptional dual regulator YciT
1344436	1344609	174	yciZ	b4596	-	UPF0509 family protein YciZ
1344647	1344775	129	ymiD	b4772	+	protein YmiD
1344757	1346742	1986	pdeR	b1285	-	cyclic di-GMP phosphodiesterase PdeR
1346796	1346900	105	ymiB	b4672	+	putative protein YmiB
1346978	1348912	1935	rnb	b1286	-	RNase II
1348980	1350107	1128	yciW	b1287	-	putative peroxidase YciW
1350251	1351039	789	fabI	b1288	-	enoyl-[acyl-carrier-protein] reductase
1351407	1351760	354	ycjD	b1289	-	DUF559 domain-containing protein YcjD
1351828	1352634	807	sapF	b1290	-	putrescine ABC exporter ATP binding protein SapF
1352636	1353628	993	sapD	b1291	-	putrescine ABC exporter ATP binding protein SapD
1353628	1354518	891	sapC	b1292	-	putrescine ABC exporter membrane protein SapC
1354505	1355470	966	sapB	b1293	-	putrescine ABC exporter membrane subunit SapB
1355467	1357110	1644	sapA	b1294	-	putative periplasmic binding protein SapA
1357423	1357668	246	ymjA	b1295	-	DUF2543 domain-containing protein YmjA
1357802	1359187	1386	puuP	b1296	-	putrescine:H(+) symporter PuuP
1359177	1359341	165	ymjE	b4742	-	protein YmjE
1359490	1360908	1419	puuA	b1297	-	glutamate-putrescine ligase
1361120	1361884	765	puuD	b1298	+	gamma-glutamyl-gamma-aminobutyrate hydrolase
1361911	1362468	558	puuR	b1299	+	DNA-binding transcriptional repressor PuuR
1362743	1364230	1488	puuC	b1300	+	gamma-glutamyl-gamma-aminobutyraldehyde dehydrogenase
1364232	1365512	1281	puuB	b1301	+	gamma-glutamylputrescine oxidase
1365550	1366815	1266	puuE	b1302	+	4-aminobutyrate aminotransferase PuuE
1366935	1367912	978	pspF	b1303	-	DNA-binding transcriptional dual regulator PspF
1368079	1368747	669	pspA	b1304	+	phage shock protein A
1368801	1369025	225	pspB	b1305	+	phage shock protein B
1369025	1369384	360	pspC	b1306	+	phage shock protein C
1369393	1369614	222	pspD	b1307	+	phage shock protein D
1369689	1370003	315	pspE	b1308	+	thiosulfate sulfurtransferase PspE
1370216	1371895	1680	ycjM	b1309	+	glucosylglycerate phosphorylase
1371909	1373201	1293	ycjN	b1310	+	putative ABC transporter periplasmic binding protein YcjN
1373222	1374103	882	ycjO	b1311	+	putative ABC transporter membrane subunit YcjO
1374090	1374932	843	ycjP	b1312	+	putative ABC transporter membrane subunit YcjP
1374963	1376015	1053	ycjQ	b1313	+	D-guloside 3-dehydrogenase
1376034	1376822	789	ycjR	b1314	+	3-dehydro-D-guloside 4-epimerase
1376832	1377887	1056	ycjS	b1315	+	D-glucoside 3-dehydrogenase
1377884	1380151	2268	ycjT	b1316	+	kojibiose phosphorylase
1380148	1380807	660	ycjU	b1317	+	beta-phosphoglucomutase
1381947	1382852	906	ompG	b1319	+	outer membrane porin G
1382963	1383961	999	ycjW	b1320	-	DNA-binding transcriptional repressor YcjW
1384117	1385514	1398	ycjX	b1321	+	DUF463 domain-containing protein YcjX
1385511	1386572	1062	ycjF	b1322	+	DUF697 domain-containing inner membrane protein YcjF
1386720	1388261	1542	tyrR	b1323	+	DNA-binding transcriptional dual regulator TyrR
1388305	1388811	507	tpx	b1324	-	lipid hydroperoxide peroxidase
1388930	1389895	966	ycjG	b1325	+	L-Ala-D/L-Glu epimerase
1389870	1390598	729	mpaA	b1326	-	murein tripeptide amidase A
1390680	1390862	183	ymjC	b4525	-	putative uncharacterized protein YmjC
1390868	1390933	66	ymjD	b4673	-	uncharacterized protein YmjD
1390933	1391853	921	ycjY	b1327	-	putative hydrolase YcjY
1391991	1392890	900	pgrR	b1328	+	DNA-binding transcriptional repressor PgrR
1393227	1394840	1614	mppA	b1329	+	murein tripeptide ABC transporter periplasmic binding protein
1394891	1395922	1032	ynaI	b1330	-	small conductance mechanosensitive channel YnaI
1396112	1397092	981	insH4	b1331	+	IS5 transposase and trans-activator
1397365	1397622	258	ynaJ	b1332	+	DUF2534 domain-containing protein YnaJ
1397672	1398622	951	uspE	b1333	-	universal stress protein E
1398774	1399526	753	fnr	b1334	-	DNA-binding transcriptional dual regulator FNR
1399721	1400236	516	ogt	b1335	-	methylated-DNA--[protein]-cysteine S-methyltransferase
1400247	1401773	1527	abgT	b1336	-	p-aminobenzoyl glutamate:H(+) symporter
1401810	1403255	1446	abgB	b1337	-	p-aminobenzoyl-glutamate hydrolase subunit B
1403255	1404565	1311	abgA	b1338	-	p-aminobenzoyl-glutamate hydrolase subunit A
1404741	1405649	909	abgR	b1339	+	putative LysR-type DNA-binding transcriptional regulator AbgR
1405979	1406542	564	smrA	b1340	+	DNA endonuclease SmrA
1406563	1407795	1233	dgcM	b1341	-	diguanylate cyclase DgcM
1407989	1408036	48	ynaN	b4773	+	protein YnaN
1408050	1409033	984	zntB	b1342	+	Zn(2(+)):H(+) symporter
1409308	1409481	174	ynaL	b4743	+	protein YnaL
1409511	1410884	1374	dbpA	b1343	+	ATP-dependent RNA helicase DbpA
1411013	1411948	936	ttcA	b1344	-	tRNA cytosine(32) 2-sulfurtransferase TtcA
1412000	1413235	1236	intR	b1345	-	putative integrase
1413237	1413452	216	xisR	b1346	-	excisionase
1413531	1413740	210	rcbA	b1347	-	double-strand break reduction protein
1413733	1413927	195	ralR	b1348	-	endodeoxyribonuclease toxin RalR
1413984	1414793	810	recT	b1349	-	recombinase RecT
1414786	1417386	2601	recE	b1350	-	exonuclease VIII, ds DNA exonuclease, 5' --> 3' specific
1417488	1417763	276	racC	b1351	-	protein RacC
1417838	1418008	171	ydaE	b4526	-	zinc-binding protein
1418008	1418229	222	kilR	b1352	-	inhibitor of FtsZ
1418671	1419159	489	sieB	b1353	+	phage superinfection exclusion protein
1419156	1419311	156	ydaF	b4527	-	DUF1391 domain-containing protein YdaF
1419322	1419456	135	ydaG	b1355	-	uncharacterized protein YdaG
1419765	1420241	477	racR	b1356	-	DNA-binding transcriptional regulator RacR
1420365	1420661	297	ydaS	b1357	+	putative DNA-binding transcriptional regulator YdaS
1420684	1421106	423	ydaT	b1358	+	DNA binding transcriptional activator YdaT
1421119	1421976	858	ydaU	b1359	+	DUF1376 domain-containing protein YdaU
1421983	1422729	747	ydaV	b1360	+	putative ATP-binding protein YdaV
1422752	1423312	561	ydaW	b1361	+	putative uncharacterized protein YdaW
1423400	1423585	186	rzoR	b4528	+	putative prophage outer membrane lipoprotein RzoR
1423782	1425239	1458	trkG	b1363	+	Na(+)-dependent K(+) transporter TrkG
1425377	1425640	264	ynaK	b1365	+	ParB-like nuclease domain-containing protein YnaK
1425621	1425980	360	ydaY	b1366	+	putative uncharacterized protein YdaY
1426454	1427482	1029	ynaA	b1368	+	putative prophage tail length tape measure domain-containing protein YnaA
1427389	1427598	210			+	Rac prophage; protein LomR_1
1427746	1428726	981	insH5	b1370	-	IS5 transposase and trans-activator
1429049	1432411	3363	stfR	b1372	+	putative prophage side tail fiber protein StfR
1432411	1432986	576	tfaR	b1373	+	putative tail fiber assembly protein TfaR
1433084	1433674	591	pinR	b1374	-	putative site-specific recombinase
1433991	1434224	234	ynaE	b1375	-	uncharacterized protein YnaE
1434293	1434406	114	ynaM	b4744	-	protein YnaM
1435185	1435619	435	uspF	b1376	-	universal stress protein F
1435760	1436893	1134	ompN	b1377	-	outer membrane porin N
1437260	1440784	3525	ydbK	b1378	-	putative pyruvate-flavodoxin oxidoreductase
1441058	1441324	267	ydbJ	b4529	+	DUF333 domain-containing protein YdbJ
1441321	1441743	423	hslJ	b1379	-	lipoprotein implicated in Novobiocin resistance
1441854	1442843	990	ldhA	b1380	-	D-lactate dehydrogenase
1443051	1445690	2640	ydbH	b1381	+	putative intermembrane phospholipid transport protein YdbH
1445687	1445872	186	ynbE	b1382	+	putative intermembrane phospholipid transport lipoprotein YnbE
1445880	1446206	327	ydbL	b1383	+	DUF1318 domain-containing protein YdbL
1446378	1447283	906	feaR	b1384	-	DNA-binding transcriptional activator FeaR
1447519	1449018	1500	feaB	b1385	+	phenylacetaldehyde dehydrogenase
1449076	1451349	2274	tynA	b1386	-	copper-containing amine oxidase
1451597	1453642	2046	paaZ	b1387	-	fused 3-oxo-5,6-dehydrosuberyl-CoA semialdehyde dehydrogenase and oxepin-CoA hydrolase
1453927	1454856	930	paaA	b1388	+	phenylacetyl-CoA 1,2-epoxidase, monooxygenase subunit
1454868	1455155	288	paaB	b1389	+	phenylacetyl-CoA 1,2-epoxidase subunit B
1455164	1455910	747	paaC	b1390	+	phenylacetyl-CoA 1,2-epoxidase, structural subunit
1455925	1456422	498	paaD	b1391	+	phenylacetate degradation protein
1456430	1457500	1071	paaE	b1392	+	phenylacetyl-CoA 1,2-epoxidase, reductase subunit
1457497	1458264	768	paaF	b1393	+	putative 2,3-dehydroadipyl-CoA hydratase
1458264	1459052	789	paaG	b1394	+	putative ring 1,2-epoxyphenylacetyl-CoA isomerase (oxepin-CoA forming)
1459054	1460481	1428	paaH	b1395	+	3-hydroxyadipyl-CoA dehydrogenase
1460471	1460893	423	paaI	b1396	+	phenylacetyl-CoA thioesterase
1460893	1462098	1206	paaJ	b1397	+	beta-ketoadipyl-CoA thiolase
1462125	1463438	1314	paaK	b1398	+	phenylacetate-CoA ligase
1463539	1464489	951	paaX	b1399	+	DNA-binding transcriptional repressor PaaX
1464471	1465061	591	paaY	b1400	+	2-hydroxycyclohepta-1,4,6-triene-1-carboxyl-CoA thioesterase
1465165	1465230	66	ynbG	b4674	-	uncharacterized protein YnbG
1465392	1467909	2518			+	putative outer membrane protein, N-terminal fragment
1467921	1468826	906	insD2	b1402	-	IS2 insertion element protein InsB
1468784	1469149	366	insC2	b1403	-	IS2 insertion element repressor InsA
1469358	1470509	1152	insI2	b1404	+	IS30 transposase
1474221	1475081	861	pdxI	b1406	+	pyridoxal reductase
1475144	1477450	2307	ydbD	b1407	+	DUF2773 domain-containing protein YdbD
1477621	1478226	606	ynbA	b1408	+	CDP-alcohol phosphatidyltransferase domain-containing protein YnbA
1478226	1479122	897	ynbB	b1409	+	putative CDP-diglyceride synthase
1479138	1480895	1758	ynbC	b1410	+	hydrolase/methyltransferase domain-containing protein YnbC
1480909	1482201	1293	ynbD	b1411	+	phosphatase domain-containing protein YnbD
1482255	1482860	606	azoR	b1412	-	FMN dependent NADH:quinone oxidoreductase
1483061	1486963	3903	hrpA	b1413	+	ATP-dependent 3'->5' RNA helicase HrpA
1487235	1488035	801	ydcF	b1414	+	DUF218 domain-containing protein YdcF
1488232	1489671	1440	aldA	b1415	+	aldehyde dehydrogenase A
1490902	1491432	531	cybB	b1418	+	superoxide oxidase
1491677	1491850	174	ydcA	b1419	+	protein YdcA
1491876	1491944	69	yncP	b4774	+	protein YncP
1491922	1492071	150	hokB	b4428	-	toxin HokB
1491962	1492129	168	mokB	b1420	-	putative regulatory protein MokB
1492470	1494110	1641	trg	b1421	+	methyl-accepting chemotaxis protein Trg
1494148	1495071	924	ydcI	b1422	-	DNA-binding transcriptional dual regulator YdcI
1495288	1496631	1344	ydcJ	b1423	+	DUF1338 domain-containing protein YdcJ
1496856	1498511	1656	opgD	b1424	+	glucans biosynthesis protein D
1498651	1498875	225	ydcH	b1426	+	DUF465 domain-containing protein YdcH
1498938	1499477	540	rimL	b1427	+	ribosomal-protein-L12-serine N-acetyltransferase
1499469	1500449	981	ydcK	b1428	-	putative acyltransferase YdcK
1500573	1501565	993	tehA	b1429	+	tellurite resistance protein
1501562	1502155	594	tehB	b1430	+	tellurite methyltransferase
1502457	1503125	669	ydcL	b1431	+	DUF3313 domain-containing lipoprotein YdcL
1503657	1504865	1209	insQ	b1432	+	putative RNA-guided DNA endonuclease InsQ
1504905	1506080	1176	ydcO	b1433	-	putative transport protein YdcO
1506172	1506708	537	sutR	b1434	+	DNA-binding transcriptional dual regulator SutR
1506781	1508742	1962	rlhA	b1435	+	23S rRNA 5-hydroxycytidine C2501 synthase
1508834	1509064	231	yncJ	b1436	-	DUF2554 domain-containing protein YncJ
1509286	1509462	177	hicA	b4532	+	mRNA interferase toxin HicA
1509508	1509924	417	hicB	b1438	+	antitoxin of the HicA-HicB toxin-antitoxin system/ DNA-binding transcriptional repressor HicB
1510003	1511409	1407	ydcR	b1439	+	fused putative DNA-binding transcriptional regulator/putative aminotransferase YdcR
1511654	1512799	1146	ydcS	b1440	+	putative ABC transporter periplasmic binding protein/polyhydroxybutyrate synthase
1512817	1513830	1014	ydcT	b1441	+	putative ABC transporter ATP-binding protein YdcT
1513831	1514772	942	ydcU	b1442	+	putative ABC transporter membrane subunit YdcU
1514762	1515556	795	ydcV	b1443	+	putative ABC transporter membrane subunit YdcV
1515578	1517002	1425	patD	b1444	+	gamma-aminobutyraldehyde dehydrogenase
1517099	1517194	96	yncL	b4598	-	uncharacterized protein YncL
1517389	1517562	174	ortT	b1445	+	orphan toxin OrtT
1517648	1517881	234	ydcY	b1446	+	DUF2526 domain-containing protein YdcY
1517882	1518331	450	ydcZ	b1447	-	putative transport protein YdcZ
1518328	1518846	519	mnaT	b1448	-	L-amino acid N-acyltransferase
1519027	1520064	1038	curA	b1449	+	NADPH-dependent curcumin/dihydrocurcumin reductase
1520262	1520927	666	mcbR	b1450	+	DNA-binding transcriptional dual regulator McbR
1520963	1523065	2103	pqqU	b1451	-	pyrroloquinoline quinone outer membrane transporter
1523307	1524368	1062	yncE	b1452	+	PQQ-like domain-containing protein YncE
1524481	1525980	1500	ansP	b1453	-	L-asparagine transporter
1526247	1526864	618	yncG	b1454	+	putative glutathione S-transferase YncG
1526940	1527152	213	yncH	b1455	+	DUF5445 domain-containing protein YncH
1529922	1530404	483	ydcD	b1457	+	uncharacterized protein YdcD
1530319	1530504	186	yncO	b4745	-	protein YncO
1531816	1532952	1137	ydcC	b1460	+	H repeat-associated putative transposase YdcC
1533052	1533285	234	pptA	b1461	+	tautomerase PptA
1533282	1533851	570	yddH	b1462	-	flavin reductase-like protein YddH
1534024	1534869	846	nhoA	b1463	+	arylamine N-acetyltransferase
1534965	1535858	894	yddE	b1464	-	PF02567 family protein YddE
1535937	1536617	681	narV	b1465	-	nitrate reductase Z subunit gamma
1536614	1537309	696	narW	b1466	-	NarW, putative private chaperone for NarZ nitrate reductase subunit
1537309	1538853	1545	narY	b1467	-	nitrate reductase Z subunit beta
1538850	1542590	3741	narZ	b1468	-	nitrate reductase Z subunit alpha
1542672	1544060	1389	narU	b1469	-	nitrate/nitrite transporter NarU
1544758	1545714	957	yddK	b1471	-	leucine-rich repeat domain-containing protein YddK
1545738	1546028	291	yddL	b1472	-	putative uncharacterized protein YddL
1546288	1547169	882	yddG	b1473	-	amino acid exporter YddG
1547401	1550448	3048	fdnG	b1474	+	formate dehydrogenase N subunit alpha
1550461	1551345	885	fdnH	b1475	+	formate dehydrogenase N subunit beta
1551338	1551991	654	fdnI	b1476	+	formate dehydrogenase N subunit gamma
1552398	1552682	285	yddM	b1477	-	DNA-binding transcriptional regulator YddM
1552828	1553838	1011	adhP	b1478	-	ethanol dehydrogenase/alcohol dehydrogenase
1553972	1555669	1698	maeA	b1479	-	malate dehydrogenase (oxaloacetate-decarboxylating)
1555826	1555963	138	sra	b1480	-	ribosome-associated protein Sra
1556065	1556280	216	bdm	b1481	-	biofilm-dependent modulation protein
1556625	1557056	432	osmC	b1482	+	osmotically inducible peroxiredoxin OsmC
1557112	1558038	927	ddpF	b1483	-	putative D,D-dipeptide ABC transporter ATP-binding subunit DdpF
1558031	1559017	987	ddpD	b1484	-	putative D,D-dipeptide ABC transporter ATP-binding subunit DdpD
1559014	1559910	897	ddpC	b1485	-	putative D,D-dipeptide ABC transporter membrane subunit DdpC
1559907	1560929	1023	ddpB	b1486	-	putative D,D-dipeptide ABC transporter membrane subunit DdpB
1560931	1562481	1551	ddpA	b1487	-	putative D,D-dipeptide ABC transporter periplasmic binding protein
1562495	1563076	582	ddpX	b1488	-	D-alanyl-D-alanine dipeptidase
1563334	1565733	2400	dosP	b1489	-	oxygen-sensing c-di-GMP phosphodiesterase DosP
1565758	1567140	1383	dosC	b1490	-	diguanylate cyclase DosC
1567178	1567219	42	yddY	b4746	-	protein YddY
1567504	1568823	1320	digH	b1491	-	divisome localized glycosyl hydrolase
1568954	1570489	1536	gadC	b1492	-	L-glutamate:4-aminobutyrate antiporter
1570645	1572045	1401	gadB	b1493	-	glutamate decarboxylase B
1572407	1575202	2796	pqqL	b1494	-	periplasmic metalloprotease
1575247	1577619	2373	yddB	b1495	-	putative TonB-dependent receptor YddB
1577657	1579342	1686	yddA	b1496	-	ABC transporter family protein YddA
1579545	1579667	123	yneP	b4747	+	protein YneP
1579633	1580790	1158	ydeM	b1497	-	putative anaerobic sulfatase maturation enzyme YdeM
1580842	1582524	1683	ydeN	b1498	-	putative sulfatase YdeN
1582926	1583687	762	ydeO	b1499	-	DNA-binding transcriptional dual regulator YdeO
1583762	1583959	198	safA	b1500	-	two-component system connector SafA
1584207	1586486	2280	ydeP	b1501	-	putative oxidoreductase YdeP
1586820	1587734	915	ydeQ	b1502	-	putative fimbrial adhesin protein YdeQ
1587793	1588296	504	ydeR	b1503	-	putative fimbrial protein YdeR
1588309	1588839	531	ydeS	b1504	-	putative fimbrial protein YdeS
1588853	1590001	1149	ydeT	b1505	-	fimbrial usher domain-containing protein YdeT
1590854	1592176	1323	hipA	b1507	-	serine/threonine-protein kinase toxin HipA
1592176	1592442	267	hipB	b1508	-	antitoxin/DNA-binding transcriptional repressor HipB
1598617	1600209	1593	lsrK	b1511	-	autoinducer-2 kinase
1600288	1601241	954	lsrR	b1512	-	DNA-binding transcriptional repressor LsrR
1601490	1603025	1536	lsrA	b1513	+	Autoinducer-2 ABC transporter ATP binding subunit
1603019	1604047	1029	lsrC	b1514	+	Autoinducer-2 ABC transporter membrane subunit LsrC
1604047	1605039	993	lsrD	b1515	+	Autoinducer-2 ABC transporter membrane subunit LsrD
1605051	1606073	1023	lsrB	b1516	+	Autoinducer-2 ABC transporter periplasmic binding protein
1606100	1606975	876	lsrF	b1517	+	3-hydroxy-2,4-pentadione 5-phosphate thiolase
1606999	1607289	291	lsrG	b1518	+	(4S)-4-hydroxy-5-phosphonooxypentane-2,3-dione isomerase
1607346	1608104	759	tam	b1519	+	trans-aconitate 2-methyltransferase
1608108	1609022	915	yneE	b1520	-	PF01062 family inner membrane protein YneE
1609229	1610680	1452	uxaB	b1521	-	tagaturonate reductase
1610907	1611854	948	dgcF	b1522	-	putative diguanylate cyclase DgcF
1611966	1612325	360	yneG	b1523	-	DUF4186 domain-containing protein YneG
1612325	1613251	927	glsB	b1524	-	glutaminase 2
1613315	1614703	1389	sad	b1525	-	succinate semialdehyde dehydrogenase (NAD(P)(+)) Sad
1614804	1615685	882	ptrR	b1526	+	putrescine utilization regulator PtrR
1615763	1616878	1116	yneK	b1527	+	protein YneK
1617028	1618218	1191	ydeA	b1528	+	putative exporter YdeA
1618243	1618908	666	marC	b1529	-	inner membrane protein MarC
1619120	1619554	435	marR	b1530	+	DNA-binding transcriptional repressor MarR
1619574	1619957	384	marA	b1531	+	DNA-binding transcriptional dual regulator MarA
1619989	1620207	219	marB	b1532	+	multiple antibiotic resistance protein MarB
1620238	1621137	900	eamA	b1533	-	cysteine/O-acetylserine exporter EamA
1621332	1622519	1188	ydeE	b1534	+	dipeptide exporter
1622646	1622741	96	mgtS	b4599	+	small protein MgtS
1622741	1622845	105	mgtT	b4775	+	protein MgtT
1622960	1623850	891	dgcZ	b1535	-	diguanylate cyclase DgcZ
1624105	1624497	393	ydeI	b1536	-	BOF family protein YdeI
1624773	1625291	519	ydeJ	b1537	+	PF02464 family protein YdeJ
1625335	1627380	2046	dcp	b1538	-	peptidyl-dipeptidase Dcp
1627517	1628263	747	ydfG	b1539	+	3-hydroxy acid dehydrogenase YdfG
1628352	1629038	687	rspR	b1540	+	DNA-binding transcriptional repressor RspR
1629215	1629418	204	ydfZ	b1541	+	putative selenoprotein YdfZ
1629453	1630913	1461	ydfI	b1542	-	putative oxidoreductase YdfI
1631002	1632285	1284	ydfJ	b1543	-	putative transporter YdfJ
1632890	1633003	114	ynfT	b4748	+	protein YnfT
1633072	1633305	234	ydfK	b1544	+	cold shock protein YdfK
1633622	1634212	591	pinQ	b1545	+	putative recombinase PinQ
1634310	1634885	576	tfaQ	b1546	-	putative tail fiber assembly protein TfaQ
1634885	1635847	963	stfQ	b1547	-	putative prophage side tail fiber protein StfQ
1635798	1636367	570	nohA	b1548	-	putative prophage DNA-packaging protein NohA
1636756	1636989	234	ynfO	b4533	+	DUF3950 domain-containing protein YnfO
1637047	1637457	411	ydfO	b1549	+	DUF1398 domain-containing protein YdfO
1637609	1637782	174	gnsB	b1550	-	protein GnsB
1637954	1638109	156	ynfN	b1551	-	protein YnfN
1638188	1638253	66	ynfR	b4749	-	protein YnfR
1638256	1638444	189	ynfQ	b4724	-	protein YnfQ
1638455	1638667	213	cspI	b1552	-	cold shock-like protein CspI
1639030	1639527	498	rzpQ	b1553	-	DUF2514 domain-containing protein RzpQ
1639080	1639334	255	rzoQ	b4689	-	putative lipoprotein RzoQ
1639524	1640057	534	rrrQ	b1554	-	putative lysozyme
1640054	1640365	312	ydfR	b1555	-	protein YdfR
1640370	1640585	216	essQ	b1556	-	putative prophage lysis protein EssQ
1640805	1640975	171	ynfU	b4776	+	putative zinc-binding protein YnfU
1641339	1641554	216	cspB	b1557	-	cold shock-like protein CspB
1641855	1642067	213	cspF	b1558	+	cold shock-like protein CspF
1642122	1642211	90	ynfS	b4750	+	protein YnfS
1642489	1643241	753	ydfT	b1559	-	putative antitermination protein Q
1643255	1644304	1050	ydfU	b1560	-	protein YdfU
1644651	1644902	252	rem	b1561	-	protein Rem
1645119	1645274	156	hokD	b1562	-	toxic protein HokD
1645346	1645633	288	relE	b1563	-	mRNA interferase toxin RelE
1645633	1645872	240	relB	b1564	-	antitoxin/DNA-binding transcriptional repressor RelB
1645897	1646202	306	ydfV	b1565	+	protein YdfV
1646405	1646737	333	flxA	b1566	+	PF14282 family protein FlxA
1647174	1647323	150	ydfW	b1567	-	protein YdfW
1647346	1647636	291	ydfX	b1568	-	protein YdfX
1647620	1647850	231	dicC	b1569	-	putative DNA-binding transcriptional regulator DicC
1647934	1648341	408	dicA	b1570	+	DNA-binding transcriptional dual regulator DicA
1648508	1648663	156	ydfA	b1571	+	DUF1391 domain-containing protein YdfA
1648665	1648793	129	ydfB	b1572	+	uncharacterized protein YdfB
1648823	1649041	219	ydfC	b1573	+	uncharacterized protein YdfC
1649609	1649797	189	dicB	b1575	+	cell division inhibition protein DicB
1649794	1649985	192	ydfD	b1576	+	lysis protein
1652728	1652838	111	ynfP	b4534	-	protein YnfP
1652896	1653915	1020	rspB	b1580	-	putative zinc-binding dehydrogenase RspB
1653927	1655141	1215	rspA	b1581	-	mandelate racemase/muconate lactonizing enzyme family protein RspA
1655347	1655673	327	ynfA	b1582	-	putative transporter YnfA
1655808	1656149	342	ynfB	b1583	+	DUF1283 domain-containing protein YnfB
1656184	1656744	561	speG	b1584	+	spermidine N-acetyltransferase
1656747	1657457	711	ynfC	b1585	-	PF06788 family lipoprotein YnfC
1657565	1657870	306	ynfD	b1586	+	DUF1161 domain-containing protein YnfD
1658069	1660495	2427	ynfE	b1587	+	putative selenate reductase YnfE
1660556	1662979	2424	ynfF	b1588	+	putative selenate reductase YnfF
1662990	1663607	618	ynfG	b1589	+	putative oxidoreductase YnfG
1663609	1664463	855	ynfH	b1590	+	putative menaquinol dehydrogenase
1664506	1665120	615	dmsD	b1591	+	redox enzyme maturation protein DmsD
1665315	1666571	1257	clcB	b1592	+	putative chloride:H(+) antiporter ClcB
1666524	1667219	696	bidA	b1593	-	dethiobiotin synthetase BidA
1667344	1668564	1221	mlc	b1594	-	DNA-binding transcriptional repressor Mlc
1668699	1669592	894	ynfL	b1595	-	putative DNA-binding transcriptional regulator YnfL
1669699	1670952	1254	ynfM	b1596	+	putative transporter YnfM
1671376	1671684	309	asr	b1597	+	periplasmic chaperone Asr
1671777	1671860	84	ydgU	b4601	+	uncharacterized protein YdgU
1671960	1672781	822	ydgD	b1598	+	putative serine protease YdgD
1672820	1673149	330	mdtI	b1599	-	multidrug/spermidine efflux pump membrane subunit MdtI
1673136	1673501	366	mdtJ	b1600	-	multidrug/spermidine efflux pump membrane subunit MdtJ
1673608	1673709	102	mdtU	b4777	-	protein MdtU
1673913	1674947	1035	tqsA	b1601	+	autoinducer 2 exporter
1674972	1676360	1389	pntB	b1602	-	pyridine nucleotide transhydrogenase subunit beta
1676371	1677903	1533	pntA	b1603	-	pyridine nucleotide transhydrogenase subunit alpha
1678427	1679371	945	ydgH	b1604	+	DUF1471 domain-containing protein YdgH
1679557	1680939	1383	ydgI	b1605	+	putative arginine:ornithine antiporter
1680976	1681698	723	folM	b1606	+	dihydromonapterin reductase
1681695	1682030	336	ydgC	b1607	-	GlpM family protein
1682159	1682878	720	rstA	b1608	+	DNA-binding transcriptional regulator RstA
1682882	1684183	1302	rstB	b1609	+	sensor histidine kinase RstB
1684259	1685188	930	tus	b1610	+	DNA replication terminus site-binding protein
1685185	1686588	1404	fumC	b1611	-	fumarase C
1686731	1688377	1647	fumA	b1612	-	fumarase A
1688576	1689751	1176	manA	b1613	+	mannose-6-phosphate isomerase
1689852	1691360	1509	ydgA	b1614	+	DUF945 domain-containing protein YdgA
1691586	1692851	1266	uidC	b1615	-	outer membrane porin family protein UidC
1692890	1694263	1374	uidB	b1616	-	glucuronide:H(+) symporter
1694260	1696071	1812	uidA	b1617	-	beta-glucuronidase
1696462	1697052	591	uidR	b1618	-	DNA-binding transcriptional repressor UidR
1697273	1698040	768	hdhA	b1619	-	7-alpha-hydroxysteroid dehydrogenase
1698152	1699180	1029	malI	b1620	-	DNA-binding transcriptional repressor MalI
1699355	1700947	1593	malX	b1621	+	PTS enzyme IIBC component MalX
1700957	1702129	1173	malY	b1622	+	negative regulator of MalT activity/cystathionine beta-lyase
1702233	1703234	1002	add	b1623	+	adenosine deaminase
1703268	1704308	1041	ydgJ	b1624	-	putative oxidoreductase YdgJ
1704551	1704676	126	blr	b4409	+	beta-lactam resistance protein
1704949	1705164	216	cnu	b1625	+	H-NS- and StpA-binding protein
1705250	1705690	441	ydgK	b1626	+	DUF2569 domain-containing inner membrane protein YdgK
1705767	1706348	582	rsxA	b1627	+	SoxR [2Fe-2S] reducing system protein RsxA
1706348	1706926	579	rsxB	b1628	+	SoxR [2Fe-2S] reducing system protein RsxB
1706919	1709141	2223	rsxC	b1629	+	SoxR [2Fe-2S] reducing system protein RsxC
1709142	1710200	1059	rsxD	b1630	+	SoxR [2Fe-2S] reducing system protein RsxD
1710204	1710824	621	rsxG	b1631	+	SoxR [2Fe-2S] reducing system flavoprotein RsxG
1710828	1711523	696	rsxE	b1632	+	SoxR [2Fe-2S] reducing system protein RsxE
1711523	1712158	636	nth	b1633	+	endonuclease III
1712769	1714271	1503	dtpA	b1634	+	dipeptide/tripeptide:H(+) symporter DtpA
1714377	1714982	606	gstA	b1635	+	glutathione S-transferase GstA
1715026	1715889	864	pdxY	b1636	-	pyridoxal kinase 2
1715948	1717222	1275	tyrS	b1637	-	tyrosine--tRNA ligase
1717351	1718007	657	pdxH	b1638	-	pyridoxine/pyridoxamine 5'-phosphate oxidase
1718066	1718395	330	mliC	b1639	-	inhibitor of c-type lysozyme, putative lipoprotein
1718493	1719602	1110	anmK	b1640	-	anhydro-N-acetylmuramic acid kinase
1719876	1720343	468	slyB	b1641	+	outer membrane lipoprotein SlyB
1720390	1720824	435	slyA	b1642	-	DNA-binding transcriptional dual regulator SlyA
1721025	1721261	237	ydhI	b1643	+	DUF1656 domain-containing protein YdhI
1721264	1722121	858	ydhJ	b1644	+	putative membrane fusion protein YdhJ
1722121	1724133	2013	ydhK	b1645	+	putative transporter YdhK
1724134	1724655	522	sodC	b1646	-	superoxide dismutase (Cu-Zn)
1724736	1725632	897	ydhF	b1647	-	putative oxidoreductase YdhF
1725681	1725920	240	ydhL	b1648	-	DUF1289 domain-containing protein YdhL
1726023	1726622	600	nemR	b1649	+	DNA-binding transcriptional repressor NemR
1726659	1727756	1098	nemA	b1650	+	N-ethylmaleimide reductase
1727837	1728244	408	gloA	b1651	+	lactoylglutathione lyase
1728347	1728994	648	rnt	b1652	+	ribonuclease T
1729087	1733703	4617	lhr	b1653	+	ATP-dependent helicase Lhr
1733754	1734101	348	grxD	b1654	-	glutaredoxin 4
1734435	1735250	816	mepH	b1655	+	peptidoglycan endopeptidase/peptidoglycan L,D-carboxypeptidase MepH
1735378	1735959	582	sodB	b1656	+	superoxide dismutase (Fe)
1736121	1737290	1170	ydhP	b1657	-	putative transporter YdhP
1737456	1737545	90	cydH	b4602	-	cytochrome bd-I accessory subunit CydH
1737844	1738869	1026	purR	b1658	+	DNA-binding transcriptional repressor PurR
1738866	1739798	933	punR	b1659	-	DNA-binding transcriptional activator PunR
1739911	1741122	1212	punC	b1660	+	purine nucleoside transporter PunC
1741413	1742561	1149	cfa	b1661	+	cyclopropane fatty acyl phospholipid synthase
1742601	1743242	642	ribC	b1662	-	riboflavin synthase
1743457	1744830	1374	mdtK	b1663	+	multidrug efflux pump MdtK
1744871	1746127	1257	ydhQ	b1664	-	putative adhesin-related protein YdhQ
1746700	1747005	306	ydhR	b1667	+	putative monooxygenase YdhR
1747131	1748735	1605	ydhS	b1668	+	FAD/NAD(P) binding domain-containing protein YdhS
1748747	1749559	813	ydhT	b1669	-	uncharacterized protein YdhT
1749563	1750348	786	ydhU	b1670	-	putative cytochrome YdhU
1750345	1751013	669	ydhX	b1671	-	putative 4Fe-4S ferredoxin-like protein YdhX
1751077	1751724	648	ydhW	b1672	-	uncharacterized protein YdhW
1751728	1753830	2103	ydhV	b1673	-	putative oxidoreductase YdhV
1753851	1754477	627	ydhY	b1674	-	putative 4Fe-4S ferredoxin-like protein YdhY
1754932	1755141	210	fumD	b1675	-	fumarase D
1755496	1755690	195	ynhH	b4817	+	protein YnhH
1755698	1757110	1413	pykF	b1676	+	pyruvate kinase 1
1757421	1757657	237	lpp	b1677	+	murein lipoprotein
1757721	1758725	1005	ldtE	b1678	-	L,D-transpeptidase LdtE
1758874	1759290	417	sufE	b1679	-	sulfur carrier protein SufE
1759303	1760523	1221	sufS	b1680	-	L-cysteine desulfurase
1760520	1761791	1272	sufD	b1681	-	Fe-S cluster scaffold complex subunit SufD
1761766	1762512	747	sufC	b1682	-	Fe-S cluster scaffold complex subunit SufC
1762522	1764009	1488	sufB	b1683	-	Fe-S cluster scaffold complex subunit SufB
1764018	1764386	369	sufA	b1684	-	iron-sulfur cluster insertion protein SufA
1764934	1765122	189	ydiH	b1685	-	uncharacterized protein YdiH
1765222	1765632	411	menI	b1686	-	1,4-dihydroxy-2-naphthoyl-CoA hydrolase
1765629	1768685	3057	ydiJ	b1687	-	D-2-hydroxyglutarate dehydrogenase
1769074	1770186	1113	ydiK	b1688	+	putative transporter YdiK
1770615	1770971	357	ydiL	b1689	+	DUF1870 domain-containing protein YdiL
1771071	1772285	1215	ydiM	b1690	+	putative exporter YdiM
1772512	1773777	1266	ydiN	b1691	+	putative transporter YdiN
1773789	1774655	867	ydiB	b1692	+	quinate/shikimate dehydrogenase
1774686	1775444	759	aroD	b1693	+	3-dehydroquinate dehydratase
1775587	1777182	1596	ydiF	b1694	+	putative acetate-CoA transferase YdiF
1777196	1778347	1152	ydiO	b1695	+	putative acyl-CoA dehydrogenase YdiO
1778390	1779301	912	ydiP	b1696	-	DNA-binding transcriptional regulator YdiP
1779617	1780381	765	ydiQ	b1697	+	putative electron transfer flavoprotein subunit YdiQ
1780401	1781339	939	ydiR	b1698	+	putative electron transfer flavoprotein subunit YdiR
1781395	1782684	1290	ydiS	b1699	+	putative electron transfer flavoprotein-quinone oxidoreductase YdiS
1782681	1782974	294	ydiT	b1700	+	ferredoxin-like protein YdiT
1782977	1784677	1701	fadK	b1701	+	medium-chain-fatty-acid--CoA ligase
1784734	1787112	2379	ppsA	b1702	-	phosphoenolpyruvate synthetase
1787445	1788278	834	ppsR	b1703	+	phosphoenolpyruvate synthetase regulatory protein
1788435	1789481	1047	aroH	b1704	+	3-deoxy-7-phosphoheptulonate synthase, Trp-sensitive
1789613	1789804	192	ydiE	b1705	+	PF10636 family protein YdiE
1789808	1791244	1437	selO	b1706	-	protein adenylyltransferase SelO
1791307	1792020	714	rflP	b1707	-	anti-FlhDC factor RflP
1792267	1792731	465	nlpC	b1708	-	NlpC/P60 family lipoprotein NlpC
1792809	1793558	750	btuD	b1709	-	vitamin B12 ABC transporter ATP binding subunit
1793558	1794109	552	btuE	b1710	-	thioredoxin/glutathione peroxidase BtuE
1794172	1795152	981	btuC	b1711	-	vitamin B12 ABC transporter membrane subunit
1795253	1795552	300	ihfA	b1712	-	integration host factor subunit alpha
1795557	1797944	2388	pheT	b1713	-	phenylalanine--tRNA ligase subunit beta
1797959	1798942	984	pheS	b1714	-	phenylalanine--tRNA ligase
1799226	1799270	45	pheM	b1715	-	pheST-ihfA operon leader peptide
1799393	1799749	357	rplT	b1716	-	50S ribosomal subunit protein L20
1799802	1799999	198	rpmI	b1717	-	50S ribosomal subunit protein L35
1800096	1800638	543	infC	b1718	-	translation initiation factor IF-3
1800642	1802570	1929	thrS	b1719	-	threonine--tRNA ligase
1805165	1805272	108	yniD	b4535	+	uncharacterized protein YniD
1805325	1806083	759	ydiY	b1722	-	acid-inducible putative outer membrane protein YdiY
1806370	1807299	930	pfkB	b1723	+	6-phosphofructokinase 2
1807400	1807690	291	ydiZ	b1724	+	putative endoribonuclease YdiZ
1807796	1808656	861	yniA	b1725	+	putative kinase YniA
1808697	1809233	537	yniB	b1726	-	uncharacterized protein YniB
1809380	1810048	669	hxpB	b1727	+	hexitol phosphatase B
1810211	1810801	591	ydjM	b1728	+	inner membrane protein YdjM
1810934	1812325	1392	tcyP	b1729	+	cystine/sulfocysteine:cation symporter
1812329	1813132	804	ydjO	b1730	-	protein YdjO
1813421	1813663	243	cedA	b1731	-	cell division modulator
1813867	1816128	2262	katE	b1732	+	catalase HPII
1816386	1817135	750	chbG	b1733	-	chitooligosaccharide monodeacetylase ChbG
1817148	1818500	1353	chbF	b1734	-	monoacetylchitobiose-6-phosphate hydrolase
1818605	1819447	843	chbR	b1735	-	DNA binding transcriptional dual regulator ChbR
1819455	1819805	351	chbA	b1736	-	N,N'-diacetylchitobiose-specific PTS enzyme IIA component
1819856	1821214	1359	chbC	b1737	-	N,N'-diacetylchitobiose-specific PTS enzyme IIC component
1821299	1821619	321	chbB	b1738	-	N,N'-diacetylchitobiose-specific PTS enzyme IIB component
1821918	1822256	339	osmE	b1739	-	osmotically-inducible lipoprotein OsmE
1822458	1823285	828	nadE	b1740	+	NH3-dependent NAD(+) synthetase
1823515	1824402	888	cho	b1741	+	excinuclease Cho
1824362	1824937	576	ves	b1742	-	HutD family protein Ves
1825140	1825625	486	spy	b1743	-	ATP-independent periplasmic chaperone
1825955	1826923	969	astE	b1744	-	succinylglutamate desuccinylase
1826916	1828259	1344	astB	b1745	-	N-succinylarginine dihydrolase
1828256	1829734	1479	astD	b1746	-	aldehyde dehydrogenase
1829731	1830765	1035	astA	b1747	-	arginine N-succinyltransferase
1830762	1831982	1221	astC	b1748	-	succinylornithine transaminase
1832428	1833234	807	xthA	b1749	+	exodeoxyribonuclease III
1833401	1834111	711	ydjX	b1750	+	DedA family protein YdjX
1834116	1834793	678	ydjY	b1751	+	4Fe-4S ferredoxin-type domain-containing protein YdjY
1834808	1835515	708	ydjZ	b1752	+	DedA family protein YdjZ
1835515	1836063	549	ynjA	b1753	+	AhpD-like domain-containing protein YnjA
1836073	1837239	1167	ynjB	b1754	+	putative ABC transporter periplasmic binding protein YnjB
1837212	1838747	1536	ynjC	b1755	+	putative ABC transporter membrane subunit YnjC
1838747	1839400	654	ynjD	b1756	+	putative ABC transporter ATP-binding protein YnjD
1839467	1840774	1308	ynjE	b1757	+	molybdopterin synthase sulfurtransferase
1840783	1841403	621	ynjF	b1758	-	CDP-alcohol phosphatidyltransferase domain-containing protein YnjF
1841490	1841897	408	nudG	b1759	+	5-hydroxy-CTP diphosphatase
1841863	1842135	273	ynjH	b1760	-	DUF1496 domain-containing protein YnjH
1842371	1843714	1344	gdhA	b1761	+	glutamate dehydrogenase
1843831	1844871	1041	ynjI	b1762	-	DUF1266 domain-containing protein YnjI
1844999	1846960	1962	topB	b1763	-	DNA topoisomerase III
1846965	1848008	1044	selD	b1764	-	selenide, water dikinase
1848125	1848676	552	ydjA	b1765	-	putative oxidoreductase YdjA
1848837	1850693	1857	sppA	b1766	+	protease IV, a signal peptide peptidase
1850860	1851876	1017	ansA	b1767	+	L-asparaginase 1
1851887	1852528	642	pncA	b1768	+	nicotinamidase
1852621	1853979	1359	ydjE	b1769	-	putative transporter YdjE
1854096	1854854	759	ydjF	b1770	-	putative DNA-binding transcriptional regulator YdjF
1854991	1855971	981	ydjG	b1771	-	NADH-dependent methylglyoxal reductase
1855981	1856928	948	ydjH	b1772	-	L-glycero-L-galacto-octuluronate kinase
1856933	1857769	837	ydjI	b1773	-	L-glycero-L-galacto-octuluronate-1-phosphate aldolase
1857790	1858833	1044	ydjJ	b1774	-	putative zinc-binding dehydrogenase YdjJ
1858850	1860229	1380	ydjK	b1775	-	putative transporter YdjK
1860256	1861332	1077	ydjL	b1776	-	putative zinc-binding dehydrogenase YdjL
1861702	1861974	273	yeaC	b1777	-	DUF1315 domain-containing protein YeaC
1862016	1862429	414	msrB	b1778	-	methionine sulfoxide reductase B
1862771	1863766	996	gapA	b1779	+	glyceraldehyde-3-phosphate dehydrogenase A
1863850	1864734	885	yeaD	b1780	+	putative aldose 1-epimerase YeaD
1864782	1865636	855	yeaE	b1781	-	methylglyoxal reductase YeaE
1865726	1866472	747	mipA	b1782	-	MltA-interacting protein
1866908	1868842	1935	yeaG	b1783	+	protein kinase YeaG
1868955	1870238	1284	yeaH	b1784	+	DUF444 domain-containing protein YeaH
1870385	1871860	1476	cdgI	b1785	+	putative c-di-GMP binding protein CdgI
1872041	1873531	1491	dgcJ	b1786	+	diguanylate cyclase DgcJ
1873574	1874077	504	yeaK	b1787	+	mischarged aminoacyl-tRNA deacylase
1874078	1874182	105	yoaI	b1788	-	protein YoaI
1874352	1874798	447	yeaL	b1789	+	DUF441 domain-containing inner membrane protein YeaL
1874755	1875576	822	nimR	b1790	-	DNA-binding transcriptional repressor NimR
1875673	1876854	1182	nimT	b1791	+	2-nitroimidazole exporter
1876909	1877256	348	yeaO	b1792	+	DUF488 domain-containing protein YeaO
1877278	1877532	255	yoaF	b1793	-	DUF333 domain-containing lipoprotein YoaF
1877715	1878740	1026	dgcP	b1794	+	diguanylate cyclase DgcP
1878773	1878871	99	yoaK	b4676	+	putative membrane protein YoaK
1878874	1878948	75	yoaJ	b4675	+	uncharacterized protein YoaJ
1879007	1879255	249	yeaQ	b1795	-	PF04226 family protein YeaQ
1879403	1879585	183	yoaG	b1796	-	DUF1869 domain-containing protein YoaG
1879589	1879948	360	yeaR	b1797	-	DUF1971 domain-containing protein YeaR
1880121	1880759	639	leuE	b1798	-	leucine exporter
1880886	1881809	924	dmlR	b1799	-	DNA-binding transcriptional regulator DmlR
1881912	1882997	1086	dmlA	b1800	+	D-malate/3-isopropylmalate dehydrogenase (decarboxylating)
1883188	1884633	1446	yeaV	b1801	+	putative transporter YeaV
1884665	1885789	1125	yeaW	b1802	+	carnitine monooxygenase subunit YeaW
1885845	1886810	966	yeaX	b1803	+	carnitine monooxygenase subunit YeaX
1886864	1887991	1128	rnd	b1804	-	RNase D
1888061	1889746	1686	fadD	b1805	-	long-chain-fatty-acid--CoA ligase
1889951	1890532	582	yeaY	b1806	-	Slp family lipoprotein YeaY
1890572	1891267	696	tsaB	b1807	-	N(6)-L-threonylcarbamoyladenine synthase, TsaB subunit
1891325	1893235	1911	yoaA	b1808	-	ATP-dependent DNA helicase YoaA
1893367	1893711	345	yoaB	b1809	+	RutC family protein YoaB
1894133	1894432	300	yoaC	b1810	+	DUF1889 domain-containing protein YoaC
1894552	1894731	180	yoaH	b1811	-	UFP0181 family protein YoaH
1894805	1896166	1362	pabB	b1812	+	aminodeoxychorismate synthase subunit 1
1896170	1896748	579	nudL	b1813	+	putative NUDIX hydrolase with low 3-phosphohydroxypyruvate phosphatase activity
1896932	1898296	1365	sdaA	b1814	+	L-serine deaminase I
1898427	1900025	1599	pdeD	b1815	+	putative cyclic di-GMP phosphodiesterase PdeD
1900029	1901585	1557	yoaE	b1816	-	TerC family inner membrane protein YoaE
1901573	1901731	159	yoaL	b4751	-	protein YoaL
1902048	1903019	972	manX	b1817	+	mannose-specific PTS enzyme IIAB component
1903082	1903882	801	manY	b1818	+	mannose-specific PTS enzyme IIC component
1903895	1904746	852	manZ	b1819	+	mannose-specific PTS enzyme IID component
1904801	1905259	459	yobD	b1820	+	DUF986 domain-containing inner membrane protein YobD
1905688	1906254	567	mntP	b1821	+	Mn(2(+)) exporter
1906251	1907060	810	rlmA	b1822	-	23S rRNA m(1)G745 methyltransferase
1907226	1907435	210	cspC	b1823	-	transcription antiterminator and regulator of mRNA stability CspC
1907448	1907591	144	yobF	b1824	-	DUF2527 domain-containing protein YobF
1908261	1908548	288	yebO	b1825	-	uncharacterized protein YebO
1908623	1908766	144	mgrB	b1826	-	PhoQ kinase inhibitor
1908925	1909164	240	yobH	b4536	+	uncharacterized protein YobH
1909308	1910099	792	kdgR	b1827	-	DNA-binding transcriptional repressor KdgR
1910276	1911649	1374	yebQ	b1828	+	putative transporter YebQ
1911695	1912576	882	htpX	b1829	-	protease HtpX
1912768	1914816	2049	prc	b1830	-	tail-specific protease
1914836	1915534	699	proQ	b1831	-	RNA chaperone ProQ
1915631	1916128	498	msrC	b1832	-	free methionine-(R)-sulfoxide reductase
1916258	1917541	1284	letA	b1833	+	intermembrane transport protein LetA
1917510	1920143	2634	letB	b1834	+	lipophilic envelope spanning tunnel
1920223	1921662	1440	rsmF	b1835	+	16S rRNA m(5)C1407 methyltransferase
1921780	1922016	237	yebV	b1836	+	DUF1480 domain-containing protein YebV
1922121	1922312	192	yebW	b1837	+	DUF1482 domain-containing protein YebW
1922313	1922969	657	pphA	b1838	-	phosphoprotein phosphatase 1
1923365	1923706	342	yebY	b1839	-	DUF2511 domain-containing protein YebY
1923719	1924591	873	yebZ	b1840	-	CopD family protein
1924595	1924969	375	yobA	b1841	-	copper-binding protein
1925108	1925338	231	holE	b1842	+	DNA polymerase III subunit theta
1925440	1926096	657	yobB	b1843	+	putative carbon-nitrogen hydrolase family protein YobB
1926120	1926782	663	exoX	b1844	+	exonuclease X
1926779	1928839	2061	ptrB	b1845	-	oligopeptidase B
1929048	1929707	660	yebE	b1846	-	DUF533 domain-containing inner membrane protein YebE
1930034	1930390	357	yebF	b1847	-	secreted protein YebF
1930457	1930747	291	yebG	b1848	-	DNA damage-inducible protein YebG
1930881	1932059	1179	purT	b1849	+	phosphoribosylglycinamide formyltransferase 2
1932115	1932756	642	eda	b1850	-	KHG/KDPG aldolase
1932793	1934604	1812	edd	b1851	-	phosphogluconate dehydratase
1934839	1936314	1476	zwf	b1852	-	NADP(+)-dependent glucose-6-phosphate dehydrogenase
1936652	1937521	870	yebK	b1853	+	DNA-binding transcriptional repressor YebK
1937649	1939091	1443	pykA	b1854	+	pyruvate kinase 2
1939222	1940193	972	lpxM	b1855	-	Lipid A biosynthesis myristoyltransferase
1940313	1941635	1323	mepM	b1856	-	peptidoglycan endopeptidase MepM
1941651	1942583	933	znuA	b1857	-	Zn(2(+)) ABC transporter periplasmic binding protein
1942662	1943417	756	znuC	b1858	+	Zn(2(+)) ABC transporter ATP binding subunit
1943414	1944199	786	znuB	b1859	+	Zn(2(+)) ABC transporter membrane subunit
1944346	1945356	1011	ruvB	b1860	-	Holliday junction branch migration complex subunit RuvB
1945365	1945976	612	ruvA	b1861	-	Holliday junction branch migration complex subunit RuvA
1946115	1946180	66	yobI	b4677	-	uncharacterized protein YobI
1946251	1946853	603	yebB	b1862	+	putative papain-like amidase YebB
1946855	1947376	522	ruvC	b1863	-	crossover junction endodeoxyribonuclease RuvC
1947411	1948151	741	yebC	b1864	-	putative transcriptional regulator YebC
1948180	1948632	453	nudB	b1865	-	dihydroneopterin triphosphate diphosphatase
1948750	1950522	1773	aspS	b1866	-	aspartate--tRNA ligase
1950832	1951398	567	yecD	b1867	+	isochorismatase family protein YecD
1951395	1952213	819	yecE	b1868	+	DUF72 domain-containing protein YecE
1952266	1952661	396	yecN	b1869	+	MAPEG family inner membrane protein YecN
1952702	1953445	744	cmoA	b1870	+	carboxy-S-adenosyl-L-methionine synthase
1953442	1954413	972	cmoB	b1871	+	tRNA U34 carboxymethyltransferase
1954578	1957007	2430	torZ	b1872	-	trimethylamine N-oxide reductase 2
1957032	1958132	1101	torY	b1873	-	cytochrome c quinol dehydrogenase TorY
1958520	1959266	747	cutC	b1874	-	PF03932 family protein CutC
1959280	1959846	567	yecM	b1875	-	putative metal-binding enzyme YecM
1960062	1961795	1734	argS	b1876	+	arginine--tRNA ligase
1961837	1961881	45	yecV	b4778	-	protein YecV
1961972	1962460	489	yecT	b1877	+	protein YecT
1962580	1962972	393	flhE	b1878	-	flagellar protein FlhE
1962972	1965050	2079	flhA	b1879	-	flagellar biosynthesis protein FlhA
1965043	1966191	1149	flhB	b1880	-	flagellar biosynthesis protein FlhB
1966393	1967037	645	cheZ	b1881	-	chemotaxis protein CheZ
1967048	1967437	390	cheY	b1882	-	chemotaxis protein CheY
1967452	1968501	1050	cheB	b1883	-	protein-glutamate methylesterase/protein glutamine deamidase
1968504	1969364	861	cheR	b1884	-	chemotaxis protein methyltransferase
1969383	1970984	1602	tap	b1885	-	methyl-accepting chemotaxis protein Tap
1971030	1972691	1662	tar	b1886	-	methyl-accepting chemotaxis protein Tar
1972836	1973339	504	cheW	b1887	-	chemotaxis protein CheW
1973360	1975033	1674			-	chemotaxis protein CheA
1973360	1975324	1965	cheA	b1888	-	chemotaxis protein CheA
1975329	1976255	927	motB	b1889	-	motility protein B
1976252	1977139	888	motA	b1890	-	motility protein A
1977266	1977844	579	flhC	b1891	-	DNA-binding transcriptional dual regulator FlhC
1977847	1978197	351	flhD	b1892	-	DNA-binding transcriptional dual regulator FlhD
1978518	1979021	504	insB5	b1893	-	IS1 protein InsB
1978940	1979215	276	insA5	b1894	-	IS1 protein InsA
1979753	1980181	429	uspC	b1895	+	universal stress protein C
1980188	1981612	1425	otsA	b1896	-	trehalose-6-phosphate synthase
1981587	1982387	801	otsB	b1897	-	trehalose-6-phosphate phosphatase
1982554	1983540	987	araH	b4460	-	arabinose ABC transporter membrane subunit
1983555	1985069	1515	araG	b1900	-	arabinose ABC transporter ATP binding subunit
1985139	1986128	990	araF	b1901	-	arabinose ABC transporter periplasmic binding protein
1986925	1987428	504	ftnB	b1902	+	putative ferritin-like protein
1987507	1987758	252	yecJ	b4537	-	DUF2766 domain-containing protein YecJ
1987873	1987959	87	azuC	b4663	-	small regulatory membrane protein AzuC
1988222	1988545	324	yecR	b1904	+	lipoprotein YecR
1988716	1989213	498	ftnA	b1905	+	ferritin iron storage protein
1989251	1989490	240	yecH	b1906	-	DUF2492 domain-containing protein YecH
1989681	1990892	1212	tyrP	b1907	+	tyrosine:H(+) symporter
1990954	1991619	666	yecA	b1908	-	putative Fe-binding protein YecA
1992269	1992817	549	pgsA	b1912	-	CDP-diacylglycerol--glycerol-3-phosphate 3-phosphatidyltransferase
1992874	1994706	1833	uvrC	b1913	-	UvrABC excision nuclease subunit C
1994703	1995359	657	uvrY	b1914	-	DNA-binding transcriptional activator UvrY
1995655	1995831	177	yecU	b4752	+	protein YecU
1995818	1996042	225	yecF	b1915	+	DUF2594 domain-containing protein YecF
1996110	1996832	723	sdiA	b1916	-	DNA-binding transcriptional dual regulator SdiA
1997062	1997814	753	tcyN	b1917	-	cystine ABC transporter ATP binding subunit
1997811	1998479	669	tcyL	b1918	-	cystine ABC transporter membrane subunit
1998494	1999480	987	dcyD	b1919	-	D-cysteine desulfhydrase
1999585	2000385	801	tcyJ	b1920	-	cystine ABC transporter periplasmic binding protein
2000473	2001024	552	fliZ	b1921	-	DNA-binding transcriptional regulator FliZ
2001070	2001789	720	fliA	b1922	-	RNA polymerase sigma factor FliA
2002110	2003606	1497	fliC	b1923	-	flagellar filament structural protein
2003872	2005278	1407	fliD	b1924	+	flagellar filament capping protein
2005303	2005713	411	fliS	b1925	+	flagellar biosynthesis protein FliS
2005713	2006078	366	fliT	b1926	+	flagellar biosynthesis protein FliT
2006156	2007643	1488	amyA	b1927	+	alpha-amylase
2007677	2008090	414	yedD	b1928	-	lipoprotein YedD
2008277	2009482	1206	yedE	b1929	+	putative selenium transporter YedE
2009479	2009712	234	yedF	b1930	+	putative sulfurtransferase YedF
2009821	2010489	669	yedK	b1931	+	genome maintenance protein
2010600	2011079	480	yedL	b1932	+	putative acetyltransferase YedL
2012700	2013014	315	fliE	b1937	-	flagellar protein FliE
2013229	2014887	1659	fliF	b1938	+	flagellar basal-body MS-ring and collar protein
2014880	2015875	996	fliG	b1939	+	flagellar motor switch protein FliG
2015868	2016554	687	fliH	b1940	+	flagellar biosynthesis protein FliH
2016554	2017927	1374	fliI	b1941	+	flagellar export ATPase FliI
2017946	2018389	444	fliJ	b1942	+	flagellar biosynthesis protein FliJ
2018386	2019513	1128	fliK	b1943	+	flagellar hook-length control protein
2019618	2020082	465	fliL	b1944	+	flagellar protein FliL
2020087	2021091	1005	fliM	b1945	+	flagellar motor switch protein FliM
2021088	2021501	414	fliN	b1946	+	flagellar motor switch protein FliN
2021504	2021869	366	fliO	b1947	+	flagellar biosynthesis protein FliO
2021869	2022606	738	fliP	b1948	+	flagellar biosynthesis protein FliP
2022616	2022885	270	fliQ	b1949	+	flagellar biosynthesis protein FliQ
2022893	2023678	786	fliR	b1950	+	flagellar biosynthesis protein FliR
2023968	2024591	624	rcsA	b1951	+	DNA-binding transcriptional activator RcsA
2024635	2024823	189	dsrB	b1952	-	protein DsrB
2024986	2025213	228	yodD	b1953	+	stress-induced protein
2025511	2026326	816	yedP	b1955	+	putative mannosyl-3-phosphoglycerate phosphatase
2026323	2028017	1695	dgcQ	b1956	-	diguanylate cyclase DgcQ
2028188	2028370	183	yodC	b1957	-	protein YodC
2028449	2029366	918	yedI	b1958	-	DUF808 domain-containing inner membrane protein YedI
2029539	2030459	921	yedA	b1959	+	putative transporter YedA
2030448	2030918	471	vsr	b1960	-	DNA mismatch endonuclease Vsr
2030899	2032317	1419	dcm	b1961	-	DNA-cytosine methyltransferase
2032384	2033079	696	yedJ	b1962	-	putative HD superfamily phosphohydrolase YedJ
2033119	2033421	303	drpB	b1963	-	cell division protein DrpB
2035835	2036686	852	hchA	b1967	+	protein/nucleic acid deglycase 1
2036794	2038152	1359	hprS	b1968	-	sensor histidine kinase HprS
2038152	2038823	672	hprR	b1969	-	DNA-binding transcriptional dual regulator HprR
2038956	2039369	414	hiuH	b1970	+	hydroxyisourate hydrolase/transthyretin-related protein
2039478	2040482	1005	msrP	b1971	+	protein-L-methionine sulfoxide reductase catalytic subunit MsrP
2040483	2041118	636	msrQ	b1972	+	membrane-bound flavocytochrome MsrQ
2041375	2042025	651	zinT	b1973	+	metal-binding protein ZinT
2042368	2042898	531	yodB	b1974	+	putative cytochrome b561 YodB
2043651	2044448	798	mtfA	b1976	+	Mlc titration factor
2044995	2052014	7020	yeeJ	b1978	+	inverse autotransporter adhesin
2053643	2054959	1317	shiA	b1981	+	shikimate:H(+) symporter
2055061	2056515	1455	amn	b1982	+	AMP nucleosidase
2056858	2057574	717	yeeN	b1983	+	putative transcriptional regulator YeeN
2058203	2059846	1644	yeeO	b1985	-	FMN/FAD exporter
2059964	2060914	951	cbl	b1987	-	DNA-binding transcriptional activator Cbl
2061016	2061933	918	nac	b1988	-	DNA-binding transcriptional dual regulator Nac
2062391	2063323	933	ldtA	b1990	-	L,D-transpeptidase LdtA
2063388	2064467	1080	cobT	b1991	-	nicotinate-nucleotide--dimethylbenzimidazole phosphoribosyltransferase
2064479	2065222	744	cobS	b1992	-	cobalamin 5'-phosphate synthase
2065219	2065764	546	cobU	b1993	-	cobinamide-P guanylyltransferase/cobinamide kinase
2066305	2067285	981	insH6	b1994	-	IS5 transposase and trans-activator
2068635	2068940	306			+	CP4-44 prophage; TonB-dependent receptor plug domain-containing protein YoeA
2068952	2069857	906	insD3	b1996	-	IS2 insertion element protein InsB
2069815	2070180	366	insC3	b1997	-	IS2 insertion element repressor InsA
2071539	2074658	3120	flu	b2000	+	self recognizing antigen 43 (Ag43) autotransporter
2074779	2076311	1533	yeeR	b2001	+	inner membrane protein YeeR
2076308	2076754	447	yeeS	b2002	+	RadC-like JAB domain-containing protein YeeS
2076817	2077038	222	yeeT	b2003	+	DUF987 domain-containing protein YeeT
2077112	2077480	369	cbeA	b2004	+	cytoskeleton bundling-enhancing antitoxin CbeA
2077569	2077943	375	cbtA	b2005	+	cytoskeleton-binding toxin CbtA
2077940	2078134	195	yeeW	b2006	+	putative uncharacterized protein YeeW
2078575	2078931	357	yoeF	b4538	+	putative uncharacterized protein YoeF
2079032	2079361	330	tmaR	b2007	-	PTS system regulator TmaR
2079427	2079477	51	yoeJ	b4818	-	protein YoeJ
2079533	2080591	1059	yeeA	b2008	-	putative transporter YeeA
2080789	2081262	474	sbmC	b2009	-	DNA gyrase inhibitor
2081381	2082547	1167	dacD	b2010	-	D-alanyl-D-alanine carboxypeptidase DacD
2082756	2084183	1428	sbcB	b2011	+	exodeoxyribonuclease I
2084226	2084453	228	tsuB	b2012	-	putative thiosulfate sulfurtransferase
2084467	2085525	1059	tsuA	b2013	-	thiosulfate transporter
2085704	2087062	1359	plaP	b2014	-	putrescine:H(+) symporter PlaP
2087052	2087114	63	yoeI	b4678	-	uncharacterized protein YoeI
2087329	2088258	930	yeeY	b2015	-	putative DNA-binding transcriptional regulator YeeY
2088304	2089128	825	yeeZ	b2016	-	putative epimerase YeeZ
2089211	2089465	255	yoeB	b4539	-	ribosome-dependent mRNA interferase toxin YoeB
2089462	2089713	252	yefM	b2017	-	YefM antitoxin of the YoeB-YefM toxin-antitoxin pair and DNA binding transcriptional repressor
2089996	2090046	51	hisL	b2018	+	his operon leader peptide
2090192	2091091	900	hisG	b2019	+	ATP phosphoribosyltransferase
2091097	2092401	1305	hisD	b2020	+	histidinal/histidinol dehydrogenase
2092398	2093468	1071	hisC	b2021	+	histidinol-phosphate aminotransferase
2093468	2094535	1068	hisB	b2022	+	imidazoleglycerol-phosphate dehydratase/histidinol-phosphatase
2094535	2095125	591	hisH	b2023	+	imidazole glycerol phosphate synthase subunit HisH
2095125	2095862	738	hisA	b2024	+	1-(5-phosphoribosyl)-5-[(5-phosphoribosylamino)methylideneamino]imidazole-4-carboxamide isomerase
2095844	2096620	777	hisF	b2025	+	imidazole glycerol phosphate synthase subunit HisF
2096614	2097225	612	hisI	b2026	+	putative bifunctional phosphoribosyl-AMP cyclohydrolase/phosphoribosyl-ATP pyrophosphatase
2097321	2098301	981	wzzB	b2027	-	O-antigen co-polymerase
2098447	2099613	1167	ugd	b2028	-	UDP-glucose 6-dehydrogenase
2099862	2101268	1407	gnd	b2029	-	6-phosphogluconate dehydrogenase, decarboxylating
2101895	2102875	981	insH7	b2030	-	IS5 transposase and trans-activator
2102944	2103389	446			-	interrupted rhamnosyltransferase WbbL
2103391	2104509	1119	wbbK	b2032	-	putative glycosyltransferase WbbK
2104494	2105084	591	wbbJ	b2033	-	putative lipopolysaccharide biosynthesis O-acetyl transferase WbbJ
2105065	2106057	993	wbbI	b2034	-	beta-1,6-galactofuranosyltransferase WbbI
2106060	2107226	1167	wbbH	b2035	-	putative O-antigen polymerase
2107226	2108329	1104	glf	b2036	-	UDP-galactopyranose mutase
2108337	2109584	1248	rfbX	b2037	-	polyisoprenol-linked O16-antigen repeat unit flippase
2109581	2110138	558	rfbC	b2038	-	dTDP-4-dehydrorhamnose 3,5-epimerase
2110138	2111019	882	rfbA	b2039	-	glucose-1-phosphate thymidylyltransferase 1
2111077	2111976	900	rfbD	b2040	-	dTDP-4-dehydrorhamnose reductase
2111976	2113061	1086	rfbB	b2041	-	dTDP-glucose 4,6-dehydratase 1
2113434	2114327	894	galF	b2042	-	UTP:glucose-1-phosphate uridylyltransferase, low activity
2114502	2115896	1395	wcaM	b2043	-	putative colanic acid biosynthesis protein WcaM
2115907	2117127	1221	wcaL	b2044	-	putative colanic acid biosynthesis glycosyl transferase WcaL
2117124	2118404	1281	wcaK	b2045	-	colanic acid biosynthesis pyruvyl transferase WcaK
2118680	2120158	1479	wzxC	b2046	-	colanic acid repeat unit flippase
2120160	2121554	1395	wcaJ	b2047	-	UDP-glucose:undecaprenyl-phosphate glucose-1-phosphate transferase
2121609	2122979	1371	cpsG	b2048	-	phosphomannomutase
2123084	2124520	1437	cpsB	b2049	-	mannose-1-phosphate guanylyltransferase
2124523	2125746	1224	wcaI	b2050	-	colanic acid biosynthesis fucosyltransferase WcaI
2125743	2126222	480	gmm	b2051	-	GDP-mannose mannosyl hydrolase
2126225	2127190	966	fcl	b2052	-	GDP-L-fucose synthase
2127193	2128314	1122	gmd	b2053	-	GDP-mannose 4,6-dehydratase
2128340	2128888	549	wcaF	b2054	-	colanic acid biosynthesis acetyltransferase WcaF
2128904	2129650	747	wcaE	b2055	-	GDP-Fuc:2/3-O-Ac-alpha-L-Fuc-(1->3)-alpha-D-Glc-PP-Und alpha-(1,4)-fucosyltransferase
2129661	2130878	1218	wcaD	b2056	-	colanic acid polymerase
2130853	2132070	1218	wcaC	b2057	-	colanic acid biosynthesis galactosyltransferase WcaC
2132067	2132555	489	wcaB	b2058	-	colanic acid biosynthesis acetyltransferase WcaB
2132558	2133397	840	wcaA	b2059	-	UDP-glucuronate:2-O-Ac-beta-D-Gal-(1->3)-alpha-L-Fuc-(1->4)-2/3-O-Ac-alpha-L-Fuc-(1->3)-beta-D-Glc-PP-Und beta-(1,3)-glucuronosyltransferase
2133490	2135652	2163	wzc	b2060	-	protein-tyrosine kinase Wzc
2135655	2136098	444	wzb	b2061	-	protein-tyrosine phosphatase
2136104	2137243	1140	wza	b2062	-	outer membrane polysaccharide export protein Wza
2137902	2139485	1584	yegH	b2063	+	inner membrane protein YegH
2139759	2141612	1854	asmA	b2064	-	putative assembly protein AsmA
2141634	2142215	582	dcd	b2065	-	dCTP deaminase
2142307	2142948	642	udk	b2066	-	uridine/cytidine kinase
2143266	2146583	3318	dgcE	b2067	+	diguanylate cyclase DgcE
2146692	2147540	849	alkA	b2068	-	DNA-3-methyladenine glycosylase 2
2147674	2149026	1353	yegD	b2069	+	HSP70 family protein YegD
2149039	2150985	1947	yegI	b2070	-	putative serine/threonine-protein kinase YegI
2151185	2151646	462	yegJ	b2071	+	DUF2314 domain-containing protein YegJ
2151711	2152472	762	pphC	b2072	-	protein-serine/threonine phosphatase PphC
2152469	2153128	660	yegL	b2073	-	IPR002035 domain-containing protein YegL
2153349	2153408	60	ibsA	b4667	-	toxic peptide IbsA
2153681	2153737	57	ibsB	b4668	-	putative toxic peptide IbsB
2154016	2155263	1248	mdtA	b2074	+	multidrug efflux pump membrane fusion protein MdtA
2155263	2158385	3123	mdtB	b2075	+	multidrug efflux pump RND permease subunit MdtB
2158386	2161463	3078	mdtC	b2076	+	multidrug efflux pump RND permease subunit MdtC
2161464	2162879	1416	mdtD	b2077	+	putative multidrug efflux pump MdtD
2162876	2164279	1404	baeS	b2078	+	sensor histidine kinase BaeS
2164276	2164998	723	baeR	b2079	+	DNA-binding transcriptional activator BaeR
2165189	2165521	333	yegP	b2080	+	DUF1508 domain-containing protein YegP
2165668	2167029	1362	trhP	b2081	+	tRNA wobble base hydroxylation protein TrhP
2167302	2167520	219	ogrK	b2082	-	prophage P2 late control protein OgrK
2167989	2168306	318	yegR	b2085	-	uncharacterized protein YegR
2168712	2169611	900	yegS	b2086	+	lipid kinase YegS
2170236	2170535	300	insE5	b2088	+	IS3 element protein InsE
2170532	2171398	867	insF5	b2089	+	IS3 element protein InsF
2171429	2171727	299			-	DNA-binding transcriptional repressor GatR, N-terminal fragment
2171833	2172873	1041	gatD	b2091	-	galactitol-1-phosphate 5-dehydrogenase
2174282	2174566	285	gatB	b2093	-	galactitol-specific PTS enzyme IIB component
2174597	2175049	453	gatA	b2094	-	galactitol-specific PTS enzyme IIA component
2175059	2176321	1263	gatZ	b2095	-	putative tagatose-1,6-bisphosphate aldolase 2 chaperone
2176350	2177204	855	gatY	b2096	-	tagatose-1,6-bisphosphate aldolase 2
2177512	2178564	1053	fbaB	b2097	-	fructose-bisphosphate aldolase class I
2178821	2180098	1278	yegT	b2098	+	putative transporter YegT
2180095	2181099	1005	yegU	b2099	+	putative ADP-ribosylglycohydrolase YegU
2181096	2182061	966	yegV	b2100	+	putative sugar kinase YegV
2182035	2182781	747	yegW	b2101	-	DNA-binding transcriptional regulator GgaR
2182833	2183651	819	yegX	b2102	-	putative glycosyl hydrolase YegX
2183716	2184516	801	thiD	b2103	-	bifunctional hydroxymethylpyrimidine kinase/phosphomethylpyrimidine kinase
2184513	2185301	789	thiM	b2104	-	hydroxyethylthiazole kinase
2185524	2185796	273	rcnR	b2105	-	DNA-binding transcriptional repressor RcnR
2185917	2186741	825	rcnA	b2106	+	Ni(2(+))/Co(2(+)) exporter
2186960	2187298	339	rcnB	b2107	+	periplasmic protein involved in Ni/Co export
2187380	2188414	1035	yehA	b2108	-	putative fimbrial adhesin YehA
2188430	2190910	2481	yehB	b2109	-	putative fimbrial usher protein YehB
2190926	2191645	720	yehC	b2110	-	putative fimbrial chaperone YehC
2191680	2192222	543	yehD	b2111	-	putative fimbrial protein YehD
2192515	2192796	282	yehE	b2112	-	DUF2574 domain-containing protein YehE
2193059	2194168	1110	mrp	b2113	-	P-loop NTPase family protein Mrp
2194300	2196333	2034	metG	b2114	+	methionine--tRNA ligase
2196474	2197298	825	yehF	b2115	+	PF05406 family protein YehF
2200279	2203911	3633	yehI	b2118	+	DUF4132 domain-containing protein YehI
2203972	2204289	318	yehK	b4541	+	uncharacterized protein YehK
2204596	2205684	1089	yehL	b2119	+	putative AAA(+) MoxR family ATPase YehL
2205695	2207974	2280	yehM	b2120	+	uncharacterized protein YehM
2207967	2209103	1137	yehP	b2121	+	VWA domain-containing protein YehP
2209100	2210944	1845	yehQ	b2122	+	SWIM zinc finger domains-containing protein YehQ
2211225	2211686	462	yehR	b2123	+	DUF1307 domain-containing lipoprotein YehR
2211726	2212196	471	yehS	b2124	-	DUF1456 domain-containing protein YehS
2212243	2212962	720	btsR	b2125	-	DNA-binding transcriptional dual regulator BtsR
2212959	2214644	1686	btsS	b2126	-	high-affinity pyruvate receptor
2214866	2215597	732	mlrA	b2127	+	DNA-binding transcriptional activator MlrA
2215657	2215764	108	yohO	b4542	+	UPF0387 family protein YohO
2215745	2216476	732	yehW	b2128	-	glycine betaine ABC transporter membrane subunit YehW
2216481	2217407	927	yehX	b2129	-	glycine betaine ABC transporter ATP binding subunit YehX
2217400	2218557	1158	yehY	b2130	-	glycine betaine ABC transporter membrane subunit YehY
2218564	2219481	918	osmF	b2131	-	glycine betaine ABC transporter periplasmic binding protein OsmF
2219692	2221989	2298	bglX	b2132	-	putative periplasmic glycoside hydrolase
2222185	2223900	1716	dld	b2133	+	quinone-dependent D-lactate dehydrogenase
2223938	2224870	933	pbpG	b2134	-	peptidoglycan DD-endopeptidase PbpG
2225044	2225631	588	yohC	b2135	-	putative inner membrane protein
2225801	2226379	579	yohD	b2136	+	DedA family protein YohD
2226509	2227270	762	yohF	b2137	-	putative oxidoreductase YohF
2228982	2229065	84	yohP	b4679	+	putative membrane protein YohP
2229438	2230385	948	dusC	b2140	-	tRNA-dihydrouridine(16) synthase
2230624	2231022	399	yohJ	b2141	+	putative 3-hydroxypropanoate export protein YohJ
2231019	2231714	696	yohK	b2142	+	putative 3-hydroxypropanoate export protein YohK
2231844	2232728	885	cdd	b2143	+	cytidine/deoxycytidine deaminase
2232878	2233597	720	sanA	b2144	+	DUF218 domain-containing protein SanA
2233600	2233839	240	yeiS	b2145	+	DUF2542 domain-containing protein YeiS
2234033	2235271	1239	preT	b2146	+	dihydropyrimidine dehydrogenase (NAD(+)) subunit PreT
2235265	2236500	1236	preA	b2147	+	dihydropyrimidine dehydrogenase (NAD(+)) subunit PreA
2236743	2237753	1011	mglC	b2148	-	D-galactose/methyl-galactoside ABC transporter membrane subunit
2237769	2239289	1521	mglA	b2149	-	D-galactose/methyl-galactoside ABC transporter ATP binding subunit
2239350	2240348	999	mglB	b2150	-	D-galactose/methyl-galactoside ABC transporter periplasmic binding protein
2240628	2241668	1041	galS	b2151	-	DNA-binding transcriptional dual regulator GalS
2241810	2242967	1158	yeiB	b2152	-	DUF418 domain-containing protein YeiB
2242984	2243652	669	folE	b2153	-	GTP cyclohydrolase 1
2243910	2244746	837	yeiG	b2154	+	S-formylglutathione hydrolase/S-lactoylglutathione hydrolase
2244778	2246769	1992	cirA	b2155	-	Fe-catecholate outer membrane transporter CirA
2247063	2248532	1470	lysP	b2156	-	lysine:H(+) symporter
2248737	2249618	882	yeiE	b2157	-	DNA-binding transcriptional dual regulator YeiE
2249717	2250766	1050	yeiH	b2158	+	PF03601 family inner membrane protein YeiH
2250840	2251697	858	nfo	b2159	+	endonuclease IV
2251700	2252788	1089	yeiI	b2160	+	putative sugar kinase YeiI
2252895	2254145	1251	nupX	b2161	-	putative nucleoside transporter
2254245	2255186	942	rihB	b2162	-	pyrimidine-specific ribonucleoside hydrolase RihB
2255355	2256014	660	yeiL	b2163	+	DNA-binding transcriptional activator YeiL
2256085	2257335	1251	psuT	b2164	-	putative pseudouridine transporter
2257429	2258367	939	psuG	b2165	-	pseudouridine-5'-phosphate glycosidase
2258355	2259296	942	psuK	b2166	-	putative pseudouridine kinase
2259719	2261410	1692	fruA	b2167	-	fructose-specific PTS multiphosphoryl transfer protein FruA
2261427	2262365	939	fruK	b2168	-	1-phosphofructokinase
2262365	2263495	1131	fruB	b2169	-	fructose-specific PTS multiphosphoryl transfer protein FruB
2263863	2265044	1182	setB	b2170	+	sugar exporter SetB
2265041	2265295	255	yeiW	b4502	-	putative metal-chelating domain-containing protein YeiW
2265450	2266022	573	yeiP	b2171	+	elongation factor P-like protein YeiP
2266245	2267711	1467	yeiQ	b2172	+	putative oxidoreductase YeiQ
2267829	2268815	987	yeiR	b2173	+	zinc-binding GTPase YeiR
2268854	2269567	714	lpxT	b2174	+	lipid A-core phosphotransferase
2269979	2270545	567	mepS	b2175	+	peptidoglycan endopeptidase/peptidoglycan L,D-carboxypeptidase
2270726	2272282	1557	pdeN	b2176	+	putative c-di-GMP phosphodiesterase PdeN
2272364	2274178	1815	yejA	b2177	+	oligopeptide ABC transporter periplasmic binding protein YejA
2274179	2275273	1095	yejB	b2178	+	putative oligopeptide ABC transporter membrane subunit YejB
2275273	2276298	1026	yejE	b2179	+	putative oligopeptide ABC transporter membrane subunit YejE
2276300	2277889	1590	yejF	b2180	+	oligopeptide ABC transporter ATP binding subunit YejF
2277893	2278237	345	yejG	b2181	-	protein YejG
2278570	2279760	1191	bcr	b2182	-	multidrug efflux pump Bcr
2279788	2280483	696	rsuA	b2183	-	16S rRNA pseudouridine(516) synthase
2280632	2282392	1761	radD	b2184	+	DNA repair helicase RadD
2282517	2282801	285	rplY	b2185	+	50S ribosomal subunit protein L25
2282940	2283947	1008	yejK	b2186	-	nucleoid-associated protein YejK
2284129	2284356	228	yejL	b2187	+	DUF1414 domain-containing protein YejL
2284376	2286136	1761	lapC	b2188	+	lipopolysaccharide signal transducer LapC
2289065	2290045	981	insH8	b2192	-	IS5 transposase and trans-activator
2290114	2290180	67			-	adhesin-like autotransporter YejO
2290500	2291147	648	narP	b2193	+	DNA-binding transcriptional dual regulator NarP
2291358	2292410	1053	ccmH	b2194	-	holocytochrome c synthase CcmH component
2292407	2292964	558	ccmG	b2195	-	thiol:disulfide oxidoreductase CcmG
2292961	2294904	1944	ccmF	b2196	-	holocytochrome c synthase CcmF component
2294901	2295380	480	ccmE	b2197	-	periplasmic heme chaperone
2295377	2295586	210	ccmD	b2198	-	cytochrome c maturation protein D
2295583	2296320	738	ccmC	b2199	-	cytochrome c maturation protein C
2296362	2297024	663	ccmB	b2200	-	cytochrome c maturation protein B
2297021	2297644	624	ccmA	b2201	-	cytochrome c maturation protein A
2297657	2298259	603	napC	b2202	-	periplasmic nitrate reductase cytochrome c protein
2298269	2298718	450	napB	b2203	-	periplasmic nitrate reductase cytochrome c550 protein
2298715	2299578	864	napH	b2204	-	ferredoxin-type protein NapH
2299565	2300260	696	napG	b2205	-	ferredoxin-type protein NapG
2300267	2302753	2487	napA	b2206	-	periplasmic nitrate reductase subunit NapA
2302750	2303013	264	napD	b2207	-	NapA signal peptide-binding chaperone NapD
2303003	2303497	495	napF	b2208	-	ferredoxin-type protein
2303606	2303770	165	yojO	b4604	+	uncharacterized protein YojO
2303905	2304393	489	eco	b2209	+	serine protease inhibitor ecotin
2305108	2306754	1647	mqo	b2210	-	malate:quinone oxidoreductase
2306972	2308615	1644	yojI	b2211	-	ABC transporter family protein/microcin J25 efflux protein
2308691	2309341	651	alkB	b2212	-	DNA oxidative demethylase
2309341	2310405	1065	ada	b2213	-	DNA-binding transcriptional dual regulator/DNA repair protein Ada
2310479	2311534	1056	ftp	b2214	-	FAD:protein FMN transferase
2311646	2312749	1104	ompC	b2215	-	outer membrane porin C
2313488	2316160	2673	rcsD	b2216	+	RcsD phosphotransferase
2316177	2316827	651	rcsB	b2217	+	DNA-binding transcriptional activator RcsB
2317027	2319876	2850	rcsC	b2218	-	histidine kinase RcsC
2320043	2321869	1827	atoS	b2219	+	sensor histidine kinase AtoS
2321866	2323251	1386	atoC	b2220	+	DNA-binding transcriptional activator/ornithine decarboxylase inhibitor AtoC
2323447	2324109	663	atoD	b2221	+	acetyl-CoA:acetoacetyl-CoA transferase subunit alpha
2324109	2324759	651	atoA	b2222	+	acetyl-CoA:acetoacetyl-CoA transferase subunit beta
2324756	2326078	1323	atoE	b2223	+	short chain fatty acid transporter
2326109	2327293	1185	atoB	b2224	+	acetyl-CoA acetyltransferase
2327367	2328143	777	yfaP	b2225	-	DUF2135 domain-containing protein YfaP
2328148	2329797	1650	yfaQ	b2226	-	tandem DUF2300 domain-containing protein YfaQ
2334336	2334959	624	yfaT	b2229	-	DUF1175 domain-containing protein YfaT
2334956	2336644	1689	yfaA	b2230	-	DUF2138 domain-containing protein YfaA
2336793	2339420	2628	gyrA	b2231	-	DNA gyrase subunit A
2339567	2340289	723	ubiG	b2232	+	bifunctional 3-demethylubiquinone-8 3-O-methyltransferase and 2-octaprenyl-6-hydroxyphenol methylase
2340417	2344169	3753	yfaL	b2233	-	putative autotransporter adhesin YfaL
2344594	2344737	144	ypaB	b4605	-	protein YpaB
2344865	2347150	2286	nrdA	b2234	+	ribonucleoside-diphosphate reductase 1 subunit alpha
2347350	2347385	36	yoaM	b4779	-	protein YoaM
2347384	2348514	1131	nrdB	b2235	+	ribonucleoside-diphosphate reductase 1 subunit beta
2348514	2348768	255	yfaE	b2236	+	ferredoxin-like diferric-tyrosyl radical cofactor maintenance protein YfaE
2348822	2349472	651	inaA	b2237	-	putative lipopolysaccharide kinase InaA
2349935	2351011	1077	glpQ	b2239	-	glycerophosphoryl diester phosphodiesterase GlpQ
2351016	2352374	1359	glpT	b2240	-	sn-glycerol 3-phosphate:phosphate antiporter
2352647	2354275	1629	glpA	b2241	+	anaerobic glycerol-3-phosphate dehydrogenase subunit A
2354265	2355524	1260	glpB	b2242	+	anaerobic glycerol-3-phosphate dehydrogenase subunit B
2355521	2356711	1191	glpC	b2243	+	anaerobic glycerol-3-phosphate dehydrogenase subunit C
2356904	2357803	900	rpnE	b2244	+	inactive recombination-promoting nuclease-like protein RpnE
2358042	2358845	804	yfaU	b2245	-	2-keto-3-deoxy-L-rhamnonate aldolase
2358863	2360152	1290	yfaV	b2246	-	putative transporter YfaV
2360209	2361414	1206	rhmD	b2247	-	L-rhamnonate dehydratase
2361429	2362211	783	yfaX	b2248	-	putative DNA-binding transcriptional regulator YfaX
2362431	2363633	1203	yfaY	b2249	-	IPR008135 CinA family protein YfaY
2363733	2364275	543	yfaZ	b2250	-	putative porin YfaZ
2364554	2364979	426	nudI	b2251	+	pyrimidine deoxynucleotide diphosphatase NudI
2365018	2365620	603	ais	b2252	-	putative lipopolysaccharide core heptose(II)-phosphate phosphatase
2365910	2367067	1158	arnB	b2253	+	UDP-4-amino-4-deoxy-L-arabinose aminotransferase
2367071	2368039	969	arnC	b2254	+	undecaprenyl-phosphate 4-deoxy-4-formamido-L-arabinose transferase
2368039	2370021	1983	arnA	b2255	+	fused UDP-4-amino-4-deoxy-L-arabinose formyltransferase/UDP-glucuronate dehydrogenase
2370018	2370908	891	arnD	b2256	+	putative 4-deoxy-4-formamido-L-arabinose-phosphoundecaprenol deformylase ArnD
2370908	2372560	1653	arnT	b2257	+	lipid IVA 4-amino-4-deoxy-L-arabinosyltransferase
2372557	2372892	336	arnE	b4544	+	undecaprenyl-phosphate-alpha-L-Ara4N flippase - ArnE subunit
2372892	2373278	387	arnF	b2258	+	undecaprenyl-phosphate-alpha-L-Ara4N flippase - ArnF subunit
2373272	2373538	267	pmrD	b2259	-	signal transduction protein PmrD
2373648	2375003	1356	menE	b2260	-	o-succinylbenzoate--CoA ligase
2375000	2375962	963	menC	b2261	-	o-succinylbenzoate synthase
2375962	2376819	858	menB	b2262	-	1,4-dihydroxy-2-naphthoyl-CoA synthase
2376834	2377592	759	menH	b2263	-	2-succinyl-6-hydroxy-2,4-cyclohexadiene-1-carboxylate synthase
2377589	2379259	1671	menD	b2264	-	2-succinyl-5-enolpyruvyl-6-hydroxy-3-cyclohexene-1-carboxylate synthase
2379348	2380643	1296	menF	b2265	-	isochorismate synthase MenF
2380722	2381027	306	elaB	b2266	-	tail-anchored inner membrane protein ElaB
2381082	2381543	462	elaA	b2267	-	putative acetyltransferase ElaA
2381608	2382525	918	rbn	b2268	+	ribonuclease BN
2382713	2383924	1212	elaD	b2269	+	protease ElaD
2383995	2385722	1728	yfbK	b2270	-	IPR002035/DUF3520 domain-containing protein YfbK
2385860	2386831	972	yfbL	b2271	+	putative peptidase YfbL
2386934	2387437	504	yfbM	b2272	+	DUF1877 domain-containing protein YfbM
2387710	2388426	717	yfbN	b2273	-	uncharacterized protein YfbN
2388635	2389057	423	yfbO	b2274	+	uncharacterized protein YfbO
2389116	2389964	849	yfbP	b2275	+	uncharacterized protein YfbP
2390048	2391505	1458	nuoN	b2276	-	NADH:quinone oxidoreductase subunit N
2391512	2393041	1530	nuoM	b2277	-	NADH:quinone oxidoreductase subunit M
2393205	2395046	1842	nuoL	b2278	-	NADH:quinone oxidoreductase subunit L
2395043	2395345	303	nuoK	b2279	-	NADH:quinone oxidoreductase subunit K
2395342	2395896	555	nuoJ	b2280	-	NADH:quinone oxidoreductase subunit J
2395908	2396450	543	nuoI	b2281	-	NADH:quinone oxidoreductase subunit I
2396465	2397442	978	nuoH	b2282	-	NADH:quinone oxidoreductase subunit H
2397439	2400165	2727	nuoG	b2283	-	NADH:quinone oxidoreductase subunit G
2400218	2401555	1338	nuoF	b2284	-	NADH:quinone oxidoreductase subunit F
2401552	2402052	501	nuoE	b2285	-	NADH:quinone oxidoreductase subunit E
2402055	2403845	1791	nuoC	b2286	-	NADH:quinone oxidoreductase subunit CD
2403951	2404613	663	nuoB	b2287	-	NADH:quinone oxidoreductase subunit B
2404629	2405072	444	nuoA	b2288	-	NADH:quinone oxidoreductase subunit A
2405703	2406641	939	lrhA	b2289	-	DNA-binding transcriptional dual regulator LrhA
2407561	2408778	1218	alaA	b2290	+	glutamate--pyruvate aminotransferase AlaA
2408862	2409461	600	yfbR	b2291	+	dCMP phosphohydrolase
2409520	2411352	1833	yfbS	b2292	-	putative transporter YfbS
2411439	2412089	651	hxpA	b2293	-	hexitol phosphatase A
2412100	2412594	495	yfbU	b2294	-	PF03887 family protein YfbU
2412677	2413132	456	yfbV	b2295	-	PF04217 family membrane protein YfbV
2413470	2414672	1203	ackA	b2296	+	acetate kinase
2414747	2416891	2145	pta	b2297	+	phosphate acetyltransferase
2417081	2418601	1521	yfcC	b2298	+	putative transporter YfcC
2418634	2419176	543	yfcD	b2299	-	putative Nudix hydrolase YfcD
2419234	2419788	555	yfcE	b2300	-	phosphodiesterase YfcE
2419841	2420485	645	yfcF	b2301	-	glutathione S-transferase YfcF
2420621	2421268	648	yfcG	b2302	+	disulfide bond oxidoreductase YfcG
2421325	2421687	363	folX	b2303	+	dihydroneopterin triphosphate 2'-epimerase
2421708	2422601	894	yfcH	b2304	+	epimerase family protein YfcH
2422649	2423539	891	rpnB	b2305	-	recombination-promoting nuclease RpnB
2423736	2424509	774	hisP	b2306	-	lysine/arginine/ornithine ABC transporter/histidine ABC transporter, ATP binding subunit
2424517	2425233	717	hisM	b2307	-	lysine/arginine/ornithine ABC transporter/histidine ABC transporter, membrane subunit HisM
2425230	2425916	687	hisQ	b2308	-	lysine/arginine/ornithine ABC transporter/histidine ABC transporter, membrane subunit HisQ
2426006	2426788	783	hisJ	b2309	-	histidine ABC transporter periplasmic binding protein
2427009	2427791	783	argT	b2310	-	lysine/arginine/ornithine ABC transporter periplasmic binding protein
2428057	2428626	570	ubiX	b2311	-	flavin prenyltransferase
2428721	2430238	1518	purF	b2312	-	amidophosphoribosyltransferase
2430275	2430763	489	cvpA	b2313	-	colicin V production protein
2431022	2431684	663	dedD	b2314	-	cell division protein DedD
2431674	2432942	1269	folC	b2315	-	bifunctional folylpolyglutamate synthetase/dihydrofolate synthetase
2433012	2433926	915	accD	b2316	-	acetyl-CoA carboxyltransferase subunit beta
2434082	2434741	660	dedA	b2317	-	DedA family protein DedA
2434824	2435636	813	truA	b2318	-	tRNA pseudouridine(38-40) synthase
2435636	2436649	1014	usg	b2319	-	putative semialdehyde dehydrogenase Usg
2436715	2437851	1137	pdxB	b2320	-	erythronate-4-phosphate dehydrogenase
2437950	2438945	996	flk	b2321	+	putative flagella assembly protein
2438942	2440120	1179	yfcJ	b2322	-	putative transporter YfcJ
2440385	2441605	1221	fabB	b2323	-	3-oxoacyl-[acyl carrier protein] synthase 1
2441764	2443770	2007	mnmC	b2324	+	fused tRNA 5-aminomethyl-2-thiouridylate methyltransferase and tRNA 5-aminomethyl-2-thiouridylate synthase
2443891	2444169	279	yfcL	b2325	-	PF08891 family protein YfcL
2444203	2444751	549	epmC	b2326	-	EF-P-Lys34 hydroxylase
2444751	2445560	810	yfcA	b2327	-	putative transporter YfcA
2445560	2446384	825	mepA	b2328	-	peptidoglycan DD-endopeptidase/peptidoglycan LD-endopeptidase
2446388	2447473	1086	aroC	b2329	-	chorismate synthase
2447508	2448440	933	prmB	b2330	-	ribosomal protein L3 N(5)-glutamine methyltransferase
2448606	2449157	552	smrB	b2331	+	ribosome rescue factor SmrB
2449228	2450049	822	yfcO	b2332	-	DUF2544 domain-containing protein YfcO
2450051	2450590	540	yfcP	b2333	-	putative fimbrial protein YfcP
2450587	2451075	489	yfcQ	b2334	-	putative fimbrial protein YfcQ
2451072	2451584	513	yfcR	b2335	-	putative fimbrial protein YfcR
2451584	2452336	753	yfcS	b2336	-	putative fimbrial chaperone YfcS
2455083	2455646	564	yfcV	b2339	-	putative fimbrial protein YfcV
2456327	2456812	486	sixA	b2340	-	phosphohistidine phosphatase SixA
2457015	2459159	2145	fadJ	b2341	-	multifunctional 3-hydroxyacyl-CoA dehydrogenase/3-hydroxyacyl-CoA epimerase/enoyl-CoA hydratase FadJ
2459159	2460469	1311	fadI	b2342	-	3-ketoacyl-CoA thiolase FadI
2460650	2460934	285	yfcZ	b2343	-	DUF406 domain-containing protein YfcZ
2461306	2462646	1341	fadL	b2344	+	long-chain fatty acid outer membrane channel/bacteriophage T2 receptor
2463012	2464070	1059	yfdF	b2345	+	protein YfdF
2464252	2465007	756	mlaA	b2346	-	intermembrane phospholipid transport system - outer membrane lipoprotein MlaA
2465301	2466233	933	yfdC	b2347	+	inner membrane protein YfdC
2466545	2467702	1158	intS	b2349	+	prophage CPS-53 integrase
2467855	2468217	363	yfdG	b2350	+	putative bactoprenol-linked glucose translocase
2468214	2469134	921	yfdH	b2351	+	bactoprenol glucosyl transferase
2469131	2470462	1332	yfdI	b2352	+	serotype-specific glucosyl transferase YfdI
2470497	2470643	147	yodE	b4780	-	toxic protein YodE
2471077	2471517	441	yfdK	b2354	-	putative tail fiber assembly protein YfdK
2472112	2472387	276	yfdM	b2356	-	putative methyltransferase YfdM
2472387	2472881	495	yfdN	b2357	-	uncharacterized protein YfdN
2472878	2473246	369	yfdO	b2358	-	protein YdfO
2473604	2473966	363	yfdP	b2359	+	uncharacterized protein YfdP
2474032	2474856	825	yfdQ	b2360	+	DUF2303 domain-containing protein YfdQ
2474984	2475520	537	yfdR	b2361	+	5'-deoxynucleotidase
2475511	2475873	363	yfdS	b2362	+	protein YfdS
2475873	2476178	306	yfdT	b2363	+	protein YfdT
2476094	2476234	141	ypdJ	b4545	+	putative uncharacterized protein YpdJ
2476310	2476510	201	torI	b4501	+	prophage CPS-53 recombination directionality factor and response regulator inhibitor
2476694	2477629	936	dsdC	b2364	-	DNA-binding transcriptional dual regulator DsdC
2477847	2479184	1338	dsdX	b2365	+	D-serine transporter
2479202	2480530	1329	dsdA	b2366	+	D-serine ammonia-lyase
2480638	2482176	1539	emrY	b2367	-	tripartite efflux pump membrane subunit EmrY
2482176	2483339	1164	emrK	b2368	-	tripartite efflux pump membrane fusion protein EmrK
2483729	2483758	30	evgL	b4781	+	protein EvgL
2483755	2484369	615	evgA	b2369	+	DNA-binding transcriptional activator EvgA
2484374	2487967	3594	evgS	b2370	+	sensor histidine kinase EvgS
2488023	2489168	1146	yfdE	b2371	-	acetyl-CoA:oxalate CoA-transferase
2489242	2490186	945	yfdV	b2372	-	putative transport protein YfdV
2490256	2491950	1695	oxc	b2373	-	oxalyl-CoA decarboxylase
2492004	2493254	1251	frc	b2374	-	formyl-CoA transferase
2493767	2494402	636	yfdX	b2375	-	protein YfdX
2494698	2494973	276	ypdI	b2376	+	colanic acid synthesis putative lipoprotein YpdI
2495050	2495292	243	yfdY	b2377	-	DUF2545 domain-containing protein YfdY
2495645	2496565	921	lpxP	b2378	+	palmitoleoyl acyltransferase
2496921	2496992	72	ypdK	b4680	+	putative membrane protein YpdK
2497057	2498295	1239	alaC	b2379	-	glutamate--pyruvate aminotransferase AlaC
2498671	2500368	1698	pyrS	b2380	+	sensor histidine kinase PyrS
2500383	2501117	735	pyrR	b2381	+	DNA-binding transcriptional activator PyrR
2501130	2501987	858	ypdC	b2382	+	putative AraC-type DNA-binding transcriptional regulator YpdC
2501990	2504485	2496	fryA	b2383	-	putative PTS multiphosphoryl transfer protein FryA
2504510	2505547	1038	ypdE	b2384	-	aminopeptidase YpdE
2505547	2506632	1086	ypdF	b2385	-	aminopeptidase YpdF
2506647	2507894	1248	fryC	b2386	-	putative PTS enzyme IIC component FryC
2507916	2508242	327	fryB	b2387	-	putative PTS enzyme IIB component FryB
2508461	2509426	966	glk	b2388	-	glucokinase
2509630	2510886	1257	yfeO	b2389	+	putative transport protein YfeO
2511001	2511327	327	ypeC	b2390	+	DUF2502 domain-containing protein YpeC
2511468	2512706	1239	mntH	b2392	-	Mn(2(+)):H(+) symporter
2512687	2512776	90	ypeD	b4819	-	protein YpeD
2513042	2514244	1203	nupC	b2393	+	nucleoside:H(+) symporter NupC
2514331	2515443	1113	insL3	b2394	+	putative IS186/IS421 transposase
2515643	2517832	2190	pdeA	b2395	-	putative cyclic di-GMP phosphodiesterase PdeA
2518467	2518811	345	yfeC	b2398	+	DNA-binding transcriptional dual regulator YfeC
2518813	2519205	393	yfeD	b2399	+	putative DNA-binding transcriptional regulator YfeD
2519257	2520672	1416	gltX	b2400	-	glutamate--tRNA ligase
2521593	2522477	885	xapR	b2405	-	DNA-binding transcriptional activator XapR
2522729	2523985	1257	xapB	b2406	-	xanthosine:H(+) symporter XapB
2524045	2524878	834	xapA	b2407	-	xanthosine phosphorylase
2525127	2525891	765	yfeN	b2408	+	putative outer membrane porin YfeN
2525930	2526856	927	yfeR	b2409	-	putative DNA-binding transcriptional regulator YfeR
2526946	2527944	999	yfeH	b2410	+	putative solute:Na(+) symporter
2527941	2528159	219	ypeB	b4546	-	PF12843 family protein YpeB
2528161	2530176	2016	ligA	b2411	-	DNA ligase
2530247	2531233	987	zipA	b2412	-	cell division protein ZipA
2531463	2532224	762	cysZ	b2413	+	sulfate:H(+) symporter
2532409	2533380	972	cysK	b2414	+	cysteine synthase A
2533764	2534021	258	ptsH	b2415	+	phosphocarrier protein HPr
2534066	2535793	1728	ptsI	b2416	+	PTS enzyme I
2535834	2536343	510	crr	b2417	+	Enzyme IIA(Glc)
2536386	2537237	852	pdxK	b2418	-	pyridoxine/pyridoxal/pyridoxamine kinase
2537342	2537716	375	yfeK	b2419	+	DUF5329 domain-containing protein YfeK
2537749	2538483	735	yfeS	b2420	+	PF05406 family protein YfeS
2538672	2539583	912	cysM	b2421	-	cysteine synthase B
2539717	2540814	1098	cysA	b2422	-	sulfate/thiosulfate ABC transporter ATP binding subunit
2540804	2541679	876	cysW	b2423	-	sulfate/thiosulfate ABC transporter inner membrane subunit CysW
2541679	2542512	834	cysU	b2424	-	sulfate/thiosulfate ABC transporter inner membrane subunit CysU
2542512	2543528	1017	cysP	b2425	-	thiosulfate/sulfate ABC transporter periplasmic binding protein CysP
2543832	2544623	792	ucpA	b2426	-	oxidoreductase UcpA
2544752	2545609	858	murR	b2427	-	DNA-binding transcriptional dual regulator MurR
2545773	2546669	897	murQ	b2428	+	N-acetylmuramic acid 6-phosphate etherase
2546673	2548097	1425	murP	b2429	+	N-acetylmuramic acid-specific PTS enzyme IICB component/anhydro-N-acetylmuramic acid transporter
2548102	2549406	1305	yfeW	b2430	+	penicillin binding protein 4B
2549646	2550545	900	yfeX	b2431	-	porphyrinogen peroxidase
2550641	2551216	576	yfeY	b2432	-	DUF1131 domain-containing lipoprotein YfeY
2551277	2551726	450	yfeZ	b2433	-	putative inner membrane protein
2551713	2552138	426	ypeA	b2434	-	putative acetyltransferase YpeA
2552352	2553221	870	amiA	b2435	+	N-acetylmuramoyl-L-alanine amidase A
2553225	2554124	900	hemF	b2436	+	coproporphyrinogen III oxidase
2554130	2555182	1053	eutR	b2437	-	putative DNA-binding transcriptional regulator EutR
2555228	2555728	501	eutK	b2438	-	putative structural protein, ethanolamine utilization microcompartment
2555741	2556400	660	eutL	b2439	-	putative structural protein, ethanolamine utilization microcompartment
2556410	2557297	888	eutC	b2440	-	ethanolamine ammonia-lyase subunit beta
2557318	2558679	1362	eutB	b2441	-	ethanolamine ammonia-lyase subunit alpha
2558858	2560066	1209	intZ	b2442	+	putative phage integrase IntZ
2560257	2560898	642	yffL	b2443	+	uncharacterized protein YffL
2561368	2561613	246	yffM	b2444	+	uncharacterized protein YffM
2561625	2561993	369	yffN	b2445	+	uncharacterized protein YffN
2562111	2562527	417	yffO	b2446	+	uncharacterized protein YffO
2562524	2563117	594	yffP	b2447	+	uncharacterized protein YffP
2563592	2563969	378	yffQ	b2448	+	uncharacterized protein YffQ
2563980	2564372	393	yffR	b2449	+	uncharacterized protein YffR
2564523	2565332	810	yffS	b2450	+	uncharacterized protein YffS
2565481	2566884	1404	eutA	b2451	-	ethanolamine ammonia-lyase reactivase EutA
2566881	2568107	1227	eutH	b2452	-	putative ethanolamine permease EutH
2568324	2569511	1188	eutG	b2453	-	putative alcohol dehydrogenase EutG
2569501	2570337	837	eutJ	b2454	-	putative ethanolamine utilization chaperonin EutJ
2570348	2571751	1404	eutE	b2455	-	acetaldehyde dehydrogenase (acetylating) EutE
2571763	2572050	288	eutN	b2456	-	putative ethanolamine catabolic microcompartment shell protein EutN
2572157	2572450	294	eutM	b2457	-	putative ethanolamine catabolic microcompartment shell protein EutM
2572489	2573505	1017	eutD	b2458	-	phosphate acetyltransferase EutD
2573502	2574305	804	eutT	b2459	-	putative ethanolamine utilization cobalamin adenosyltransferase
2574302	2575003	702	eutQ	b2460	-	putative ethanolamine utilization acetate kinase EutQ
2574978	2575457	480	eutP	b2461	-	putative ethanolamine utilization acetate kinase EutP
2575470	2575805	336	eutS	b2462	-	putative ethanolamine catabolic microcompartment shell protein EutS
2576098	2578377	2280	maeB	b2463	-	malate dehydrogenase (oxaloacetate-decarboxylating) (NADP(+))
2578666	2579616	951	talA	b2464	+	transaldolase A
2579636	2581639	2004	tktB	b2465	+	transketolase 2
2581734	2582777	1044	ypfG	b2466	-	DUF1176 domain-containing protein YpfG
2582903	2583478	576	nudK	b2467	-	GDP-mannose hydrolase
2583546	2585525	1980	aegA	b2468	-	putative oxidoreductase AegA
2585731	2587431	1701	narQ	b2469	+	sensor histidine kinase NarQ
2587595	2590708	3114	acrD	b2470	+	multidrug efflux pump RND permease AcrD
2590807	2590866	60	ypfM	b4606	-	uncharacterized protein YpfM
2591247	2591603	357	yffB	b2471	+	putative reductase YffB
2591607	2592734	1128	dapE	b2472	+	succinyl-diaminopimelate desuccinylase
2592762	2592962	201	ypfN	b4547	+	PF13980 family protein YpfN
2593072	2593770	699	ypfH	b2473	-	esterase YpfH
2593844	2595859	2016	tmcA	b2474	-	tRNA(Met) cytidine acetyltransferase
2595874	2596737	864	ypfJ	b2475	-	uncharacterized protein YpfJ
2596905	2597618	714	purC	b2476	-	phosphoribosylaminoimidazole-succinocarboxamide synthase
2597831	2598865	1035	bamC	b2477	-	outer membrane protein assembly factor BamC
2598882	2599760	879	dapA	b2478	-	4-hydroxy-tetrahydrodipicolinate synthase
2599906	2600478	573	gcvR	b2479	+	transcriptional regulator GcvR
2600478	2600948	471	bcp	b2480	+	thiol peroxidase
2601201	2601818	618	hyfA	b2481	+	hydrogenase 4 component A
2601818	2603836	2019	hyfB	b2482	+	hydrogenase 4 component B
2603847	2604794	948	hyfC	b2483	+	hydrogenase 4 component C
2604811	2606250	1440	hyfD	b2484	+	hydrogenase 4 component D
2606262	2606912	651	hyfE	b2485	+	hydrogenase 4 component E
2606917	2608497	1581	hyfF	b2486	+	hydrogenase 4 component F
2608487	2610154	1668	hyfG	b2487	+	hydrogenase 4 catalytic subunit HyfG
2610164	2610709	546	hyfH	b2488	+	hydrogenase 4 component H
2610706	2611464	759	hyfI	b2489	+	hydrogenase 4 catalytic subunit HyfI
2611457	2611870	414	hyfJ	b2490	+	putative hydrogenase 4 assembly protein
2611900	2613912	2013	hyfR	b2491	+	DNA-binding transcriptional activator HyfR
2613934	2614782	849	focB	b2492	+	formate channel FocB
2614820	2615881	1062	yfgO	b2493	-	putative transporter YfgO
2616094	2617557	1464	bepA	b2494	+	beta-barrel assembly-enhancing protease
2617578	2617937	360	yfgD	b2495	+	putative oxidoreductase YfgD
2618075	2618776	702	hda	b2496	-	inibitor of reinitiation of DNA replication
2618871	2620160	1290	uraA	b2497	-	uracil:H(+) symporter UraA
2620246	2620872	627	upp	b2498	-	uracil phosphoribosyltransferase
2621197	2622234	1038	purM	b2499	+	phosphoribosylformylglycinamide cyclo-ligase
2622234	2622872	639	purN	b2500	+	phosphoribosylglycinamide formyltransferase 1
2623044	2625110	2067	ppk	b2501	+	polyphosphate kinase
2625115	2626656	1542	ppx	b2502	+	exopolyphosphatase
2626695	2628938	2244	pdeF	b2503	-	cyclic di-GMP phosphodiesterase PdeF
2629290	2629481	192	yfgG	b2504	+	Ni/Co stress response protein YfgG
2629792	2630310	519	yfgH	b2505	+	lipoprotein YfgH
2630326	2630865	540	yfgI	b2506	+	nalidixic acid resistance protein YfgI
2630958	2632535	1578	guaA	b2507	-	GMP synthetase
2632604	2634070	1467	guaB	b2508	-	inosine 5'-monophosphate dehydrogenase
2634232	2635602	1371	xseA	b2509	+	exodeoxyribonuclease VII subunit XseA
2635599	2635814	216	yfgJ	b2510	-	zinc ribbon domain-containing protein YfgJ
2635884	2637356	1473	der	b2511	-	50S ribosomal subunit stability factor
2637474	2638652	1179	bamB	b2512	-	outer membrane protein assembly factor BamB
2638663	2639283	621	yfgM	b2513	-	ancillary SecYEG translocon subunit
2639301	2640575	1275	hisS	b2514	-	histidine--tRNA ligase
2640686	2641804	1119	ispG	b2515	-	(E)-4-hydroxy-3-methylbut-2-enyl-diphosphate synthase (flavodoxin)
2641831	2642844	1014	rodZ	b2516	-	cytoskeleton protein RodZ
2643129	2644283	1155	rlmN	b2517	-	23S rRNA m(2)A2503 methyltransferase/tRNA m(2)A37 methyltransferase
2644433	2644864	432	ndk	b2518	-	nucleoside diphosphate kinase
2645013	2647325	2313	pbpC	b2519	-	peptidoglycan glycosyltransferase PbpC
2647326	2652287	4962	yfhM	b2520	-	alpha2-macroglobulin
2652494	2653339	846	sseA	b2521	+	3-mercaptopyruvate sulfurtransferase
2654001	2654126	126	timP	b4812	+	putative toxic protein TimP
2654157	2654933	777	sseB	b2522	-	protein SseB
2655075	2656358	1284	pepB	b2523	-	aminopeptidase B
2656536	2656736	201	iscX	b2524	-	accessory [Fe-S] cluster assembly protein IscX
2656748	2657083	336	fdx	b2525	-	reduced ferredoxin
2657085	2658935	1851	hscA	b2526	-	[Fe-S] cluster biosynthesis chaperone HscA
2658952	2659467	516	hscB	b2527	-	[Fe-S] cluster biosynthesis co-chaperone HscB
2659563	2659886	324	iscA	b2528	-	iron-sulfur cluster insertion protein IscA
2659903	2660289	387	iscU	b2529	-	scaffold protein for [Fe-S] cluster assembly
2660317	2661531	1215	iscS	b2530	-	cysteine desulfurase IscS
2661643	2662131	489	iscR	b2531	-	DNA-binding transcriptional dual regulator IscR
2662583	2663323	741	trmJ	b2532	-	tRNA Cm32/Um32 methyltransferase
2663442	2664245	804	suhB	b2533	+	Nus factor SuhB
2664390	2665244	855	yfhR	b2534	+	putative peptidase
2665435	2666715	1281	csiE	b2535	+	stationary phase-inducible protein CsiE
2666707	2667846	1140	hcaT	b2536	-	putative 3-phenylpropionate transporter
2668006	2668071	66	iroK	b4706	-	protein IroK
2668006	2668896	891	hcaR	b2537	-	DNA-binding transcriptional dual regulator HcaR
2669032	2670393	1362	hcaE	b2538	+	putative 3-phenylpropionate/cinnamate dioxygenase subunit alpha
2670390	2670908	519	hcaF	b2539	+	putative 3-phenylpropionate/cinnamate dioxygenase subunit beta
2670908	2671228	321	hcaC	b2540	+	putative 3-phenylpropionate/cinnamate dioxygenase ferredoxin subunit
2671225	2672037	813	hcaB	b2541	+	2,3-dihydroxy-2,3-dihydrophenylpropionate dehydrogenase
2672047	2673249	1203	hcaD	b2542	+	putative 3-phenylpropionate/cinnamate dioxygenase ferredoxin reductase subunit
2673346	2673768	423	yphA	b2543	+	putative inner membrane protein
2673816	2674688	873	yphB	b2544	-	putative aldose 1-epimerase YphB
2674700	2675761	1062	yphC	b2545	-	putative zinc-binding dehydrogenase YphC
2675827	2676825	999	yphD	b2546	-	putative ABC transporter membrane subunit YphD
2676850	2678361	1512	yphE	b2547	-	putative ABC transporter ATP-binding protein YphE
2678384	2679367	984	yphF	b2548	-	putative ABC transporter periplasmic binding protein YphF
2679464	2682745	3282	yphG	b2549	-	DUF5107 domain-containing protein YphG
2682863	2684056	1194	yphH	b2550	+	putative DNA-binding transcriptional regulator, NAGC-like
2684254	2685507	1254	glyA	b2551	-	serine hydroxymethyltransferase
2685835	2687025	1191	hmp	b2552	+	nitric oxide dioxygenase
2687070	2687408	339	glnB	b2553	-	nitrogen regulatory protein PII-1
2687469	2688803	1335	glrR	b2554	-	DNA-binding transcriptional activator GlrR
2688793	2689506	714	qseG	b2555	-	outer membrane lipoprotein QseG
2689671	2691098	1428	glrK	b2556	-	histidine kinase GlrK
2691656	2695543	3888	purL	b2557	-	phosphoribosylformylglycinamide synthetase
2695801	2697357	1557	mltF	b2558	+	membrane-bound lytic murein transglycosylase F
2697354	2697857	504	tadA	b2559	-	tRNA adenosine(34) deaminase
2697915	2698550	636	pgpC	b2560	-	phosphatidylglycerophosphatase C
2698759	2699607	849	yfhH	b2561	+	putative DNA-binding transcriptional regulator YfhH
2699663	2699923	261	yfhL	b2562	+	putative 4Fe-4S cluster-containing protein YfhL
2700117	2700197	81	shoB	b4687	-	toxic peptide ShoB
2700618	2700998	381	acpS	b2563	-	holo-[acyl-carrier-protein] synthase
2700998	2701729	732	pdxJ	b2564	-	pyridoxine 5'-phosphate synthase
2701741	2702469	729	recO	b2565	-	recombination mediator protein RecO
2702481	2703386	906	era	b2566	-	30S ribosomal subunit maturation GTPase Era
2703383	2704063	681	rnc	b2567	-	RNase III
2704335	2705309	975	lepB	b2568	-	signal peptidase I
2705325	2707124	1800	lepA	b2569	-	30S ribosomal subunit biogenesis factor LepA
2707322	2707801	480	rseC	b2570	-	regulatory protein RseC
2707798	2708754	957	rseB	b2571	-	anti-sigma factor stabilizing protein RseB
2708754	2709404	651	rseA	b2572	-	anti-sigma-E factor RseA
2709437	2710012	576	rpoE	b2573	-	RNA polymerase sigma factor RpoE
2710009	2710164	156	rseD	b4725	-	rpoE leader peptide
2710420	2712042	1623	nadB	b2574	+	L-aspartate oxidase
2712027	2712764	738	yfiC	b2575	-	tRNA m(6)A37 methyltransferase
2712896	2714230	1335	srmB	b2576	+	ATP-dependent RNA helicase SrmB
2714439	2715320	882	yfiE	b2577	-	putative LysR-type DNA-binding transcriptional regulator YfiE
2715423	2716010	588	eamB	b2578	+	cysteine/O-acetylserine exporter EamB
2716066	2716449	384	grcA	b2579	-	stress-induced alternate pyruvate formate-lyase subunit
2716754	2717443	690	ung	b2580	+	uracil-DNA glycosylase
2717491	2718528	1038	yfiF	b2581	-	putative methyltransferase YfiF
2718735	2719154	420	trxC	b2582	+	thioredoxin 2
2719223	2719921	699	tapT	b2583	+	tRNA 3-amino-3-carboxypropyltransferase
2719953	2722613	2661	patZ	b2584	+	peptidyl-lysine N-acetyltransferase
2722702	2722743	42	pssL	b4782	+	protein PssL
2722727	2724082	1356	pssA	b2585	+	phosphatidylserine synthase
2724128	2724451	324	yfiM	b2586	+	DUF2279 domain-containing protein YfiM
2724448	2725746	1299	kgtP	b2587	-	alpha-ketoglutarate:H(+) symporter
2725925	2725987	63	yfiS	b4783	+	protein YfiS
2731600	2733729	2130			-	ClpB80
2731600	2734173	2574	clpB	b2592	-	chaperone protein ClpB
2734303	2735034	732	yfiH	b2593	-	purine nucleoside phosphorylase YfiH
2735031	2736011	981	rluD	b2594	-	23S rRNA pseudouridine(1911/1915/1917) synthase
2736146	2736883	738	bamD	b2595	+	outer membrane protein assembly factor BamD
2737154	2737495	342	raiA	b2597	+	ribosome-associated inhibitor A
2737599	2737646	48	pheL	b2598	+	phe operon leader peptide
2737745	2738905	1161	pheA	b2599	+	fused chorismate mutase/prephenate dehydratase
2738948	2740069	1122	tyrA	b2600	-	fused chorismate mutase/prephenate dehydrogenase
2740080	2741150	1071	aroF	b2601	-	3-deoxy-7-phosphoheptulonate synthase, Tyr-sensitive
2741360	2741725	366	yfiL	b2602	+	DUF2799 domain-containing lipoprotein YfiL
2741875	2742393	519	yfiR	b2603	+	DUF4154 domain-containing protein YfiR
2742383	2743609	1227	dgcN	b2604	+	diguanylate cyclase DgcN
2743625	2744107	483	yfiB	b2605	+	lipoprotein YfiB
2744183	2744530	348	rplS	b2606	-	50S ribosomal subunit protein L19
2744572	2745339	768	trmD	b2607	-	tRNA m(1)G37 methyltransferase
2745370	2745918	549	rimM	b2608	-	ribosome maturation factor RimM
2745937	2746185	249	rpsP	b2609	-	30S ribosomal subunit protein S16
2746434	2747795	1362	ffh	b2610	-	signal recognition particle protein component
2747962	2748753	792	ypjD	b2611	+	cytochrome c assembly family protein
2748774	2750060	1287	yfjD	b4461	+	UPF0053 family inner membrane protein YfjD
2750115	2750708	594	grpE	b2614	-	nucleotide exchange factor GrpE
2750831	2751709	879	nadK	b2615	+	NAD kinase
2751795	2753456	1662	recN	b2616	+	DNA repair protein RecN
2753605	2753946	342	bamE	b2617	+	outer membrane protein assembly factor BamE
2754008	2754298	291	yfjF	b2618	-	putative component of the Rsx system
2754288	2754764	477	ratA	b2619	-	ribosome association toxin RatA
2754896	2755378	483	smpB	b2620	+	SsrA-binding protein
2756159	2757400	1242	intA	b2622	+	integrase IntA
2757644	2758600	957	yfjH	b2623	-	uncharacterized protein YfjH
2758644	2758856	213	alpA	b2624	+	DNA-binding transcriptional activator AlpA
2758985	2760394	1410	yfjI	b2625	+	DUF3987 domain-containing protein YfjI
2760547	2761173	627	yfjJ	b2626	+	protein YfjJ
2761351	2763540	2190	abpB	b2627	-	putative helicase YfjK
2763537	2765153	1617	abpA	b2628	-	anti-bacteriophage protein
2765513	2765776	264	yfjM	b2629	-	protein YfjM
2765918	2766991	1074	rnlA	b2630	+	RNase LS, toxin of the RnlAB toxin-antitoxin system
2766984	2767355	372	rnlB	b2631	+	antitoxin RnlB
2767710	2768573	864	yfjP	b2632	+	putative GTP-binding protein YfjP
2768665	2769486	822	yfjQ	b2633	+	DUF932 domain-containing protein YfjQ
2769703	2770404	702	yfjR	b2634	+	putative DNA-binding transcriptional regulator YfjR
2770445	2770681	237	ypjK	b2635	+	uncharacterized protein YpjK
2770681	2771124	444	yfjS	b2636	+	inner membrane lipoprotein YfjS
2771148	2771615	468	yfjT	b2637	+	uncharacterized protein YfjT
2771840	2772154	315	yfjU	b2638	-	putative arsenate reductase-like protein YfjU
2773318	2775021	1704	yfjW	b2642	+	uncharacterized protein YfjW
2775919	2776377	459	lfgA	b2643	+	putative antirestriction protein
2776386	2776868	483	lfgB	b2644	+	CP4-57 prophage protease
2776877	2777077	201	ypjJ	b4548	+	DUF987 domain-containing protein YpjJ
2777115	2777432	318	yfjZ	b2645	+	putative antitoxin of the YpjF-YfjZ toxin-antitoxin system
2777453	2777782	330	ypjF	b2646	+	toxin of the YpjF-YfjZ toxin-antitoxin system
2778146	2782726	4581	ypjA	b2647	-	adhesin-like autotransporter YpjA
2783638	2784429	792	ypjB	b2649	-	DUF5508 domain-containing protein YpjB
2784529	2785011	483	ypjC	b2650	-	DUF5507 domain-containing protein YpjC
2788985	2789962	978	glaH	b2659	+	glutarate dioxygenase GlaH
2789982	2791250	1269	lhgD	b2660	+	L-2-hydroxyglutarate dehydrogenase
2791273	2792721	1449	gabD	b2661	+	succinate-semialdehyde dehydrogenase (NADP(+)) GabD
2792735	2794015	1281	gabT	b2662	+	4-aminobutyrate aminotransferase GabT
2794253	2795653	1401	gabP	b2663	+	4-aminobutanoate:H(+) symporter
2795674	2796336	663	glaR	b2664	+	DNA-binding transcriptional repressor GlaR
2796337	2796786	450	kbp	b2665	-	K(+) binding protein
2796870	2797028	159	yqaE	b2666	-	Pmp3 family protein YqaE
2797211	2797510	300	ygaV	b2667	+	putative DNA-binding transcriptional regulator YgaV
2797520	2798044	525	ygaP	b2668	+	thiosulfate sulfurtransferase YgaP
2798091	2798495	405	stpA	b2669	-	DNA-binding transcriptional repressor StpA with RNA chaperone activity
2799164	2799613	450	alaE	b2670	+	L-alanine exporter
2799650	2799994	345	ygaC	b2671	-	DUF2002 domain-containing protein YgaC
2800146	2800475	330	ygaM	b2672	+	tail-anchored inner membrane protein YgaM
2800723	2800968	246	nrdH	b2673	+	glutaredoxin-like protein NrdH
2800965	2801375	411	nrdI	b2674	+	dimanganese-tyrosyl radical cofactor maintenance flavodoxin NrdI
2801348	2803492	2145	nrdE	b2675	+	ribonucleoside-diphosphate reductase 2 subunit alpha
2803502	2804461	960	nrdF	b2676	+	ribonucleoside-diphosphate reductase 2 subunit beta
2804815	2806017	1203	proV	b2677	+	glycine betaine ABC transporter ATP binding subunit ProV
2806010	2807074	1065	proW	b2678	+	glycine betaine ABC transporter membrane subunit ProW
2807132	2808124	993	proX	b2679	+	glycine betaine ABC transporter periplasmic binding protein ProX
2809617	2810354	738	ygaZ	b2682	+	L-valine exporter, YgaZ component
2810344	2810679	336	ygaH	b2683	+	L-valine exporter, YgaH component
2810770	2811300	531	mprA	b2684	+	DNA-binding transcriptional regulator MprA
2811427	2812599	1173	emrA	b2685	+	multidrug efflux pump membrane fusion protein EmrA
2812616	2814154	1539	emrB	b2686	+	multidrug efflux pump membrane subunit EmrB
2814218	2814733	516	luxS	b2687	-	S-ribosylhomocysteine lyase
2814883	2816439	1557	gshA	b2688	-	glutamate--cysteine ligase
2816512	2816940	429	yqaA	b2689	-	DedA family protein YqaA
2816937	2817503	567	yqaB	b2690	-	fructose-1-phosphate phosphatase YqaB
2818961	2819146	186	csrA	b2696	-	carbon storage regulator
2819381	2822011	2631	alaS	b2697	-	alanine--tRNA ligase/DNA-binding transcriptional repressor
2822139	2822639	501	recX	b2698	-	RecA inhibitor RecX
2822708	2823769	1062	recA	b2699	-	DNA recombination/repair protein RecA
2823849	2824346	498	pncC	b2700	-	NMN aminohydrolase
2824491	2825576	1086	mltB	b2701	-	membrane-bound lytic murein transglycosylase B
2825832	2826395	564	srlA	b2702	+	sorbitol-specific PTS enzyme IIC2 component
2826392	2827351	960	srlE	b2703	+	sorbitol-specific PTS enzyme IIBC1 component
2827362	2827733	372	srlB	b2704	+	sorbitol-specific PTS enzyme IIA component
2827737	2828516	780	srlD	b2705	+	sorbitol-6-phosphate 2-dehydrogenase
2828621	2828980	360	gutM	b2706	+	DNA-binding transcriptional activator GutM
2829047	2829820	774	srlR	b2707	+	DNA-binding transcriptional repressor SrlR
2829813	2830778	966	gutQ	b2708	+	D-arabinose 5-phosphate isomerase GutQ
2830775	2832289	1515	norR	b2709	-	DNA-binding transcriptional dual regulator NorR
2832476	2833915	1440	norV	b2710	+	anaerobic nitric oxide reductase flavorubredoxin
2833912	2835045	1134	norW	b2711	+	NADH:flavorubredoxin reductase
2835173	2837425	2253	hypF	b2712	-	carbamoyl--[HypE] ligase
2837578	2838105	528	hydN	b2713	-	putative electron transport protein HydN
2838254	2839264	1011	ascG	b2714	-	DNA-binding transcriptional repressor AscG
2839524	2840981	1458	ascF	b2715	+	cryptic beta-glucoside specific PTS enzyme IIBC component
2840990	2842414	1425	ascB	b2716	+	cryptic 6-phospho-beta-glucosidase AscB
2842573	2843043	471	hycI	b2717	-	hydrogenase 3 maturation protease
2843036	2843446	411	hycH	b2718	-	formate hydrogenlyase assembly protein
2843443	2844210	768	hycG	b2719	-	hydrogenase 3 [Fe-S] protein HycG
2844210	2844752	543	hycF	b2720	-	hydrogenase 3 [Fe-S] protein HycF
2844762	2846471	1710	hycE	b2721	-	hydrogenase 3 large subunit
2846489	2847412	924	hycD	b2722	-	hydrogenase 3 membrane subunit HycD
2847415	2849241	1827	hycC	b2723	-	hydrogenase 3 membrane subunit HycC
2849238	2849849	612	hycB	b2724	-	hydrogenase 3 [Fe-S] protein HycB
2849974	2850435	462	hycA	b2725	-	regulator of the transcriptional regulator FhlA
2850647	2850997	351	hypA	b2726	+	hydrogenase 3 Ni(2(+)) incorporation protein HypA
2851001	2851873	873	hypB	b2727	+	hydrogenase isoenzymes Ni(2(+)) incorporation protein HypB
2851864	2852136	273	hypC	b2728	+	hydrogenase maturation factor HypC
2852136	2853257	1122	hypD	b2729	+	Fe-(CN)2CO cofactor assembly scaffold protein HypD
2853254	2854264	1011	hypE	b2730	+	carbamoyl dehydratase HypE
2854338	2856416	2079	fhlA	b2731	+	DNA-binding transcriptional activator FhlA
2856453	2856806	354	ygbA	b2732	-	protein YgbA
2857093	2859654	2562	mutS	b2733	+	DNA mismatch repair protein MutS
2859760	2860416	657	pphB	b2734	+	phosphoprotein phosphatase 2
2860467	2861234	768	ygbI	b2735	-	DNA-binding transcriptional repressor YgbI
2861430	2862338	909	ygbJ	b2736	+	putative L-threonate dehydrogenase
2862335	2863501	1167	ygbK	b2737	+	putative 3-oxo-tetronate kinase YgbK
2863593	2864231	639	ygbL	b2738	+	putative 3-oxo-tetronate 4-phosphate decarboxylase YgbL
2864236	2865012	777	ygbM	b2739	+	putative 2-oxo-tetronate isomerase YgbM
2865101	2866465	1365	ygbN	b2740	+	putative transporter YgbN
2866559	2867551	993	rpoS	b2741	-	RNA polymerase sigma factor RpoS
2867614	2868753	1140	nlpD	b2742	-	murein hydrolase activator NlpD
2868893	2869519	627	pcm	b2743	-	protein-L-isoaspartate O-methyltransferase
2869513	2870274	762	umpG	b2744	-	broad specificity 5'(3')-nucleotidase and polyphosphatase
2870255	2871304	1050	truD	b2745	-	tRNA pseudouridine(13) synthase
2871301	2871780	480	ispF	b2746	-	2-C-methyl-D-erythritol 2,4-cyclodiphosphate synthase
2871780	2872490	711	ispD	b2747	-	2-C-methyl-D-erythritol 4-phosphate cytidylyltransferase
2872509	2872820	312	ftsB	b2748	-	cell division protein FtsB
2873014	2873337	324	ygbE	b2749	-	DUF3561 domain-containing inner membrane protein YgbE
2873387	2873992	606	cysC	b2750	-	adenylyl-sulfate kinase
2873992	2875419	1428	cysN	b2751	-	sulfate adenylyltransferase subunit 1
2875421	2876329	909	cysD	b2752	-	sulfate adenylyltransferase subunit 2
2876581	2877618	1038	iap	b2753	+	alkaline phosphatase isozyme conversion protein
2878569	2878853	285	cas2	b2754	-	CRISPR-associated endoribonuclease Cas2
2878855	2879772	918	cas1	b2755	-	multifunctional nuclease Cas1
2879788	2880387	600	casE	b2756	-	pre-CRISPR RNA endonuclease
2880374	2881048	675	casD	b2757	-	type I-E CRISPR system Cascade subunit CasD
2881051	2882142	1092	casC	b2758	-	type I-E CRISPR system Cascade subunit CasC
2882155	2882637	483	casB	b2759	-	type I-E CRISPR system Cascade subunit CasB
2882630	2884138	1509	casA	b2760	-	type I-E CRISPR system Cascade subunit CasA
2884553	2887219	2667	cas3	b2761	-	CRISPR-associated endonuclease/helicase Cas3
2887578	2888312	735	cysH	b2762	-	phosphoadenosine phosphosulfate reductase
2888387	2890099	1713	cysI	b2763	-	sulfite reductase, hemoprotein subunit
2890099	2891898	1800	cysJ	b2764	-	sulfite reductase, flavoprotein subunit
2892214	2892579	366	queD	b2765	+	6-carboxy-5,6,7,8-tetrahydropterin synthase
2892657	2893928	1272	ygcN	b2766	+	putative oxidoreductase with FAD/NAD(P)-binding domain
2893919	2894179	261	ygcO	b2767	+	putative 4Fe-4S cluster-containing protein
2894196	2894771	576	ygcP	b2768	+	putative anti-terminator regulatory protein
2894919	2895779	861	ygcQ	b2769	-	putative flavoprotein
2895776	2896555	780	ygcR	b2770	-	putative flavoprotein
2896533	2897870	1338	ygcS	b2771	-	putative transporter YgcS
2897964	2899418	1455	ygcU	b4463	-	putative FAD-containing dehydrogenase
2899488	2900273	786	ygcW	b2774	-	putative deoxygluconate dehydrogenase
2900592	2901869	1278	yqcE	b2775	+	putative transport protein YqcE
2901896	2903374	1479	ygcE	b2776	+	putative sugar kinase YgcE
2904747	2905418	672	queE	b2777	-	putative 7-carboxy-7-deazaguanine synthase QueE
2905557	2905697	141	yqcG	b4682	+	cell envelope stress response protein YqcG
2905711	2906583	873	ygcG	b2778	+	TPM domain-containing protein YgcG
2906643	2907941	1299	eno	b2779	-	enolase
2908029	2909666	1638	pyrG	b2780	-	CTP synthetase
2909894	2910685	792	mazG	b2781	-	nucleoside triphosphate pyrophosphohydrolase
2910756	2911091	336	mazF	b2782	-	endoribonuclease toxin MazF
2911091	2911339	249	mazE	b2783	-	antitoxin of the MazF-MazE toxin-antitoxin system MazE
2911417	2913651	2235	relA	b2784	-	GDP/GTP pyrophosphokinase
2913699	2915000	1302	rlmD	b2785	-	23S rRNA m(5)U1939 methyltransferase
2915057	2917813	2757	barA	b2786	+	sensor histidine kinase BarA
2918045	2919385	1341	gudD	b2787	-	D-glucarate dehydratase
2919406	2920746	1341	gudX	b2788	-	glucarate dehydratase-related protein
2920748	2922100	1353	gudP	b2789	-	galactarate/D-glucarate transporter GudP
2922535	2922984	450	yqcA	b2790	-	putative flavodoxin YqcA
2923002	2923784	783	truC	b2791	-	tRNA pseudouridine(65) synthase
2923784	2924113	330	yqcC	b2792	-	DUF446 domain-containing protein YqcC
2924735	2925280	546	syd	b2793	-	SecY-interacting protein
2925348	2926196	849	queF	b2794	+	7-cyano-7-deazaguanine reductase
2926308	2927672	1365	ppnN	b2795	+	nucleotide 5'-monophosphate nucleosidase
2928229	2929518	1290	sdaC	b2796	+	L-serine:H(+) symporter
2929576	2930943	1368	sdaB	b2797	+	L-serine deaminase II
2931055	2931810	756	ygdG	b2798	+	flap endonuclease
2931865	2933013	1149	fucO	b2799	-	L-1,2-propanediol oxidoreductase
2933041	2933688	648	fucA	b2800	-	L-fuculose-phosphate aldolase
2934235	2935551	1317	fucP	b2801	+	L-fucose:H(+) symporter
2935584	2937359	1776	fucI	b2802	+	L-fucose isomerase
2937468	2938886	1419	fucK	b2803	+	L-fuculokinase
2938888	2939310	423	fucU	b2804	+	L-fucose mutarotase
2939368	2940099	732	fucR	b2805	+	DNA-binding transcriptional activator FucR
2940143	2941243	1101	rlmM	b2806	-	23S rRNA 2'-O-ribose C2498 methyltransferase
2941236	2941631	396	ygdD	b2807	-	DUF423 domain-containing inner membrane protein YgdD
2941650	2942567	918	gcvA	b2808	-	DNA-binding transcriptional dual regulator GcvA
2942918	2943145	228	ygdI	b2809	-	DUF903 domain-containing lipoprotein YgdI
2943337	2944542	1206	csdA	b2810	+	cysteine sulfinate desulfinase
2944542	2944985	444	csdE	b2811	+	sulfur acceptor protein CsdE
2945036	2945842	807	tcdA	b2812	-	tRNA threonylcarbamoyladenosine dehydratase
2946081	2947178	1098	mltA	b2813	-	membrane-bound lytic murein transglycosylase A
2947757	2949010	1254	amiC	b2817	-	N-acetylmuramoyl-L-alanine amidase C
2949242	2950573	1332	argA	b2818	+	N-acetylglutamate synthase
2950635	2952461	1827	recD	b2819	-	exodeoxyribonuclease V subunit RecD
2952461	2956003	3543	recB	b2820	-	exodeoxyribonuclease V subunit RecB
2955996	2958884	2889	ptrA	b2821	-	protease 3
2959060	2962428	3369	recC	b2822	-	exodeoxyribonuclease V subunit RecC
2962441	2962764	324	ppdC	b2823	-	prepilin-type N-terminal cleavage/methylation domain-containing protein PpdC
2962749	2963156	408	ygdB	b2824	-	DUF2509 domain-containing protein YgdB
2963153	2963716	564	ppdB	b2825	-	prepilin-type N-terminal cleavage/methylation domain-containing protein PpdB
2963707	2964177	471	ppdA	b2826	-	prepilin-type N-terminal cleavage/methylation domain-containing protein PpdA
2964361	2965155	795	thyA	b2827	-	thymidylate synthase
2965162	2966037	876	lgt	b2828	-	phosphatidylglycerol--prolipoprotein diacylglyceryl transferase
2966188	2968434	2247	ptsP	b2829	-	phosphoenolpyruvate-protein phosphotransferase PtsP
2968447	2968977	531	rppH	b2830	-	RNA pyrophosphohydrolase
2969330	2969476	147	ygdT	b4610	-	YgdT
2969662	2970351	690	mutH	b2831	+	DNA mismatch repair protein MutH
2970420	2971133	714	ygdQ	b2832	+	PF03741 family inner membrane protein YgdQ
2971271	2971489	219	ygdR	b2833	+	DUF903 domain-containing lipoprotein YgdR
2971597	2972637	1041	tas	b2834	+	putative NADP(H)-dependent aldo-keto reductase Tas
2972669	2973862	1194	lplT	b2835	-	lysophospholipid transporter
2973855	2976014	2160	aas	b2836	-	fused 2-acylglycerophospho-ethanolamine acyltransferase/acyl-acyl carrier protein synthetase
2976599	2977630	1032	galR	b2837	+	DNA-binding transcriptional dual regulator GalR
2977637	2978899	1263	lysA	b2838	-	diaminopimelate decarboxylase
2979021	2979956	936	lysR	b2839	+	DNA-binding transcriptional dual regulator LysR
2979943	2980635	693	ygeA	b2840	-	amino acid racemase YgeA
2980764	2982182	1419	araE	b2841	-	arabinose:H(+) symporter
2982497	2983258	762	kduD	b2842	-	2-keto-3-deoxy-D-gluconate dehydrogenase
2983288	2984124	837	kduI	b2843	-	5-dehydro-4-deoxy-D-glucuronate isomerase
2984411	2985592	1182	yqeF	b2844	-	putative acyltransferase
2985847	2987076	1230	yqeG	b2845	+	putative transporter YqeG
2987536	2988168	633	yqeH	b2846	+	putative LuxR family transcriptional regulator YqeH
2988502	2989311	810	yqeI	b2847	+	putative transcriptional regulator YqeI
2989304	2989786	483	yqeJ	b2848	+	protein YqeJ
2989819	2989899	81	yqeL	b4683	-	uncharacterized protein YqeL
2989935	2990360	426	yqeK	b2849	-	protein YqeK
2991268	2991759	492	ygeG	b2851	+	TPR repeat-containing putative chaperone YgeG
2992094	2993470	1377	ygeH	b2852	+	putative transcriptional regulator YgeH
2993638	2993856	219	ygeI	b2853	+	protein YgeI
2996372	2997277	906	insD4	b2860	-	IS2 insertion element protein InsB
2997235	2997600	366	insC4	b2861	-	IS2 insertion element repressor InsA
2998034	2998828	795	ygeQ	b2863	-	putative lipoprotein YgeQ
2999136	2999891	756	actS	b2865	-	amidase activator
3000345	3002603	2259	xdhA	b2866	+	putative xanthine dehydrogenase molybdenum-binding subunit XdhA
3002614	3003492	879	xdhB	b2867	+	putative xanthine dehydrogenase FAD-binding subunit XdhB
3003489	3003968	480	xdhC	b2868	+	putative xanthine dehydrogenase [Fe-S]-binding subunit XdhC
3004008	3005786	1779	ygeV	b2869	-	putative sigma(54)-dependent transcriptional regulator YgeV
3006262	3007452	1191	ygeW	b2870	+	putative carbamoyltransferase YgeW
3007510	3008706	1197	ygeX	b2871	+	2,3-diaminopropionate ammonia-lyase
3008764	3009975	1212	ygeY	b2872	+	putative peptidase YgeY
3010028	3011413	1386	hyuA	b2873	+	phenylhydantoinase
3011461	3012393	933	yqeA	b2874	+	putative amino acid kinase YqeA
3012614	3014239	1626	yqeB	b2875	-	XdhC-CoxI family protein YqeB
3014287	3015057	771	yqeC	b2876	-	uncharacterized protein YqeC
3015160	3015738	579	mocA	b2877	+	molybdenum cofactor cytidylyltransferase
3016060	3019158	3099	ygfK	b2878	+	putative oxidoreductase, Fe-S subunit
3019161	3020489	1329	ssnA	b2879	+	putative aminohydrolase SsnA
3020540	3021319	780	ygfM	b2880	+	putative oxidoreductase
3021316	3024186	2871	xdhD	b2881	+	fused putative xanthine/hypoxanthine oxidase: molybdopterin-binding subunit and Fe-S binding subunit
3024351	3025751	1401	xanQ	b2882	+	xanthine:H(+) symporter XanQ
3025766	3027085	1320	guaD	b2883	+	guanine deaminase
3027121	3028488	1368	ghxQ	b4464	+	guanine/hypoxanthine transporter GhxQ
3028524	3029012	489	ygfS	b2886	-	putative electron transport protein YgfS
3029012	3030931	1920	ygfT	b2887	-	putative oxidoreductase YgfT
3031367	3032815	1449	uacT	b2888	+	urate:H(+) symporter
3032817	3032942	126	yqfG	b4684	+	uncharacterized protein YqfG
3032939	3033010	72	yqfH	b4753	-	protein YqfH
3033065	3033613	549	idi	b2889	+	isopentenyl-diphosphate Delta-isomerase
3033657	3035174	1518	lysS	b2890	-	lysine--tRNA ligase
3036208	3036282	75			-	peptide chain release factor RF2
3036373	3038106	1734	recJ	b2892	-	ssDNA-specific exonuclease RecJ
3038112	3038822	711	dsbC	b2893	-	protein disulfide isomerase DsbC
3038847	3039743	897	xerD	b2894	-	site-specific recombinase
3039855	3040376	522	fldB	b2895	+	flavodoxin 2
3040416	3040823	408	ygfX	b2896	-	protein YgfX
3040804	3041070	267	sdhE	b2897	-	FAD assembly factor
3041313	3042293	981	ygfZ	b2898	+	folate-binding protein YgfZ
3042489	3043148	660	trhA	b2899	-	transmembrane homeostasis protein A
3043312	3043623	312	yqfB	b2900	-	N(4)-acetylcytidine amidohydrolase
3043662	3045101	1440	bglA	b2901	+	6-phospho-beta-glucosidase A
3045158	3045901	744	ygfF	b2902	-	putative oxidoreductase YgfF
3046168	3049041	2874	gcvP	b2903	-	glycine decarboxylase
3049160	3049549	390	gcvH	b2904	-	glycine cleavage system H protein
3049573	3050667	1095	gcvT	b2905	-	aminomethyltransferase
3050958	3051041	84	yqfI	b4754	+	protein YqfI
3051115	3052317	1203	ubiI	b2906	-	2-octaprenylphenol 6-hydroxylase
3052340	3053518	1179	ubiH	b2907	-	2-octaprenyl-6-methoxyphenol 4-hydroxylase
3053515	3054840	1326	pepP	b2908	-	Xaa-Pro aminopeptidase
3054866	3055444	579	ygfB	b2909	-	PF03695 family protein YgfB
3055612	3055941	330	zapA	b2910	+	cell division protein ZapA
3056241	3056789	549	fau	b2912	+	5-formyltetrahydrofolate cyclo-ligase
3056890	3056949	60	ibsC	b4665	-	toxic peptide IbsC
3057178	3058410	1233	serA	b2913	-	phosphoglycerate dehydrogenase
3058666	3059325	660	rpiA	b2914	-	ribose-5-phosphate isomerase A
3059753	3060646	894	argP	b2916	+	DNA-binding transcriptional dual regulator ArgP
3060850	3062994	2145	scpA	b2917	+	methylmalonyl-CoA mutase
3062987	3063982	996	argK	b2918	+	methylmalonyl-CoA mutase-interacting GTPase YgfD
3063993	3064778	786	scpB	b2919	+	methylmalonyl-CoA decarboxylase
3064802	3066280	1479	scpC	b2920	+	propionyl-CoA:succinate CoA transferase
3066277	3067173	897	srsR	b2921	-	DNA-binding transcriptional activator YgfI
3067340	3068080	741	yggE	b2922	-	DUF541 domain-containing protein YggE
3068173	3068808	636	argO	b2923	-	L-arginine exporter
3068947	3069807	861	mscS	b2924	-	small conductance mechanosensitive channel MscS
3070165	3071244	1080	fbaA	b2925	-	fructose-bisphosphate aldolase class II
3071459	3072622	1164	pgk	b2926	-	phosphoglycerate kinase
3072672	3073691	1020	epd	b2927	-	D-erythrose-4-phosphate dehydrogenase
3073976	3074689	714	yggC	b2928	-	P-loop NTPase domain-containing protein YggC
3074686	3075195	510	fumE	b2929	-	fumarase E
3075217	3076182	966	yggF	b2930	-	fructose 1,6-bisphosphatase YggF
3076179	3077456	1278	yggP	b4465	-	putative zinc-binding dehydrogenase YggP
3077471	3078859	1389	cmtA	b2933	-	mannitol-specific PTS enzyme IICB component CmtA
3078887	3079330	444	cmtB	b2934	-	mannitol-specific PTS enzyme IIA component CmtB
3079644	3081635	1992	tktA	b2935	-	transketolase 1
3081913	3082671	759	loiP	b2936	+	metalloprotease LoiP
3082877	3083797	921	speB	b2937	-	agmatinase
3083935	3085911	1977	speA	b2938	-	biosynthetic arginine decarboxylase
3085920	3086051	132	yqgB	b2939	-	acid stress response protein YqgB
3086145	3086288	144	yqgG	b4784	-	protein YqgG
3086187	3086402	216	yqgC	b2940	+	protein YqgC
3086399	3086650	252	yqgD	b2941	-	DUF2684 domain-containing protein YqgD
3086706	3087860	1155	metK	b2942	+	methionine adenosyltransferase
3088284	3089678	1395	galP	b2943	+	galactose:H(+) symporter
3089755	3090252	498	yggI	b2944	+	protein YggI
3090347	3091054	708	endA	b2945	+	DNA-specific endonuclease I
3091134	3091865	732	rsmE	b2946	+	16S rRNA m(3)U1498 methyltransferase
3091878	3092828	951	gshB	b2947	+	glutathione synthetase
3092937	3093500	564	yqgE	b2948	+	DUF179 domain-containing protein YqgE
3093500	3093916	417	yqgF	b2949	+	ribonuclease H-like domain-containing nuclease
3094100	3095080	981	yggR	b2950	-	Type II/IV secretion system family protein
3095098	3095802	705	yggS	b2951	+	PLP homeostasis protein
3095820	3096386	567	yggT	b2952	+	uncharacterized protein YggT
3096383	3096673	291	yggU	b2953	+	DUF167 domain-containing protein YggU
3096681	3097274	594	rdgB	b2954	+	dITP/XTP pyrophosphatase
3097267	3098403	1137	hemW	b2955	+	heme chaperone HemW
3098558	3099565	1008	yggM	b2956	-	DUF1202 domain-containing protein YggM
3099682	3100728	1047	ansB	b2957	-	L-asparaginase 2
3100904	3101623	720	yggN	b2958	-	DUF2884 domain-containing protein YggN
3101807	3102133	327	yggL	b2959	-	putative ribosome assembly factor YggL
3102133	3102852	720	trmB	b2960	-	tRNA m(7)G46 methyltransferase
3103013	3104065	1053	mutY	b2961	+	adenine DNA glycosylase
3104093	3104368	276	yggX	b2962	+	putative Fe(2(+))-trafficking protein
3104433	3105512	1080	mltC	b2963	+	membrane-bound lytic murein transglycosylase C
3105714	3106970	1257	nupG	b2964	+	nucleoside:H(+) symporter NupG
3107020	3109155	2136	speC	b2965	-	constitutive ornithine decarboxylase
3109317	3109400	84	yqgH	b4785	-	protein YqgH
3109553	3110260	708	yqgA	b2966	+	DUF554 domain-containing protein YqgA
3110590	3111126	537	yghD	b2968	-	putative type II secretion system M-type protein YghD
3111128	3111988	861	yghE	b2969	-	putative type II secretion system L-type protein YghE
3111266	3111325	60	yqhJ	b4786	+	protein YqhJ
3112054	3113049	996	yghF	b2970	-	putative type II secretion system C-type protein YghF
3113067	3113477	411	yghG	b2971	-	outer membrane pilotin
3113543	3114352	810	pppA	b2972	-	prepilin peptidase
3114550	3119112	4563	yghJ	b4466	-	putative mayloidogenic protein
3119597	3121279	1683	glcA	b2975	-	glycolate/lactate:H(+) symporter GlcA
3121634	3123805	2172	glcB	b2976	-	malate synthase G
3123827	3124231	405	glcG	b2977	-	putative heme-binding protein GlcG
3124236	3125459	1224	glcF	b4467	-	glycolate dehydrogenase, [Fe-S] subunit
3125470	3126522	1053	glcE	b4468	-	glycolate dehydrogenase, predicted FAD-binding subunit
3126522	3128021	1500	glcD	b2979	-	glycolate dehydrogenase, predicted FAD-linked subunit
3128272	3129036	765	glcC	b2980	+	DNA-binding transcriptional dual regulator GlcC
3129043	3130215	1173	yghO	b2981	-	putative DNA-binding transcriptional regulator YghO
3130214	3131194	981	insH9	b2982	+	IS5 transposase and trans-activator
3131341	3132408	1068	yghQ	b2983	-	putative transport protein YghQ
3132454	3133212	759	yghR	b2984	-	putative ATP-binding protein YghR
3133244	3133957	714	yghS	b2985	-	putative ATP-binding protein YghS
3134131	3134823	693	yghT	b2986	+	putative ATP-binding protein YghT
3134872	3136371	1500	pitB	b2987	-	metal phosphate:H(+) symporter PitB
3136663	3138522	1860	gss	b2988	-	fused glutathionylspermidine amidase/glutathionylspermidine synthetase
3138727	3139593	867	yghU	b2989	+	disulfide reductase/organic hydroperoxide reductase
3139716	3139964	249	hybG	b2990	-	hydrogenase maturation factor HybG
3139977	3140318	342	hybF	b2991	-	hydrogenase maturation protein HybF
3140311	3140799	489	hybE	b2992	-	hydrogenase 2-specific chaperone
3140792	3141286	495	hybD	b2993	-	hydrogenase 2 maturation protease
3141286	3142989	1704	hybC	b2994	-	hydrogenase 2 large subunit
3142986	3144164	1179	hybB	b2995	-	hydrogenase 2 membrane subunit
3144154	3145140	987	hybA	b2996	-	hydrogenase 2 [Fe-S] protein
3145143	3146261	1119	hybO	b2997	-	hydrogenase 2 small subunit
3146450	3146737	288	yghW	b2998	-	DUF2623 domain-containing protein YghW
3147597	3147740	144	yqhI	b4755	-	protein YqhI
3147897	3148937	1041	gpr	b3001	+	L-glyceraldehyde 3-phosphate reductase
3148977	3149471	495	yqhA	b3002	-	UPF0114 family protein YqhA
3149662	3150546	885	yghA	b3003	+	NADP(+)-dependent aldehyde reductase
3150818	3151243	426	exbD	b3005	-	Ton complex subunit ExbD
3151250	3151984	735	exbB	b3006	-	Ton complex subunit ExbB
3152236	3153423	1188	metC	b3008	+	cystathionine beta-lyase/L-cysteine desulfhydrase/alanine racemase
3153563	3154222	660	yghB	b3009	+	DedA family protein YghB
3154262	3155218	957	yqhC	b3010	-	DNA-binding transcriptional activator YqhC
3155355	3156518	1164	yqhD	b3011	+	NADPH-dependent aldehyde reductase YqhD
3156623	3157450	828	dkgA	b3012	+	methylglyoxal reductase DkgA
3157650	3158576	927	yqhG	b3013	+	DUF3828 domain-containing protein YqhG
3158627	3158884	258	yqhH	b3014	+	lipoprotein YqhH
3158927	3161146	2220	ygiQ	b4469	-	radical SAM superfamily protein YgiQ
3161257	3162669	1413	ftsP	b3017	-	cell division protein FtsP
3162744	3163481	738	plsC	b3018	-	1-acylglycerol-3-phosphate O-acyltransferase PlsC
3163715	3165973	2259	parC	b3019	-	DNA topoisomerase IV subunit A
3166111	3167718	1608	ygiS	b3020	-	putative deoxycholate binding periplasmic protein
3167851	3168246	396	mqsA	b3021	-	antitoxin of the MqsRA TA system/DNA-binding transcriptional repressor MqsA
3168248	3168544	297	mqsR	b3022	-	mRNA interferase toxin MqsR
3168749	3169231	483	ygiV	b3023	-	DNA-binding transcriptional repressor YgiV
3169284	3169676	393	ygiW	b3024	-	BOF family protein YgiW
3169828	3170487	660	qseB	b3025	+	DNA-binding transcriptional activator QseB
3170484	3171833	1350	qseC	b3026	+	sensor histidine kinase QseC
3171879	3172211	333	ygiZ	b3027	-	DUF2645 domain-containing inner membrane protein YgiZ
3172530	3173111	582	mdaB	b3028	+	NADPH:quinone oxidoreductase MdaB
3173142	3173456	315	ygiN	b3029	+	putative quinol monooxygenase YgiN
3173504	3175396	1893	parE	b3030	-	DNA topoisomerase IV subunit B
3175425	3176006	582	yqiA	b3031	-	esterase YqiA
3176006	3176833	828	cpdA	b3032	-	cAMP phosphodiesterase
3176858	3177280	423	yqiB	b3033	-	DUF1249 domain-containing protein YqiB
3177281	3177910	630	nudF	b3034	-	ADP-sugar pyrophosphatase
3178115	3179596	1482	tolC	b3035	+	outer membrane channel TolC
3179744	3180415	672	ygiB	b3037	+	DUF1190 domain-containing protein YgiB
3180421	3181581	1161	ygiC	b3038	+	peptide--spermidine ligase YgiC
3181619	3182434	816	ygiD	b3039	-	4,5-DOPA dioxygenase extradiol
3182550	3183323	774	zupT	b3040	+	divalent metal ion transporter ZupT
3183381	3183551	171	yqiD	b4756	-	protein YqiD
3183813	3184466	654	ribB	b3041	-	3,4-dihydroxy-2-butanone-4-phosphate synthase
3184840	3185130	291	ubiK	b3042	+	ubiquinone biosynthesis accessory factor UbiK
3185414	3185965	552	ygiL	b3043	+	putative fimbrial protein YgiL
3186025	3186095	71			+	putative outer membrane usher protein YqiG
3186187	3186552	366	insC5	b3044	+	IS2 insertion element repressor InsA
3186510	3187415	906	insD5	b3045	+	IS2 insertion element protein InsB
3189881	3190630	750	yqiH	b3047	+	putative fimbrial chaperone YqiH
3190632	3191696	1065	yqiI	b3048	+	putative fimbrial protein YqiI
3191739	3191939	201	glgS	b3049	-	surface composition regulator
3192208	3192837	630	yqiJ	b3050	+	DUF1449 domain-containing inner membrane protein YqiJ
3192864	3194525	1662	yqiK	b3051	+	flotillin family inner membrane protein YqiK
3194766	3194825	60	ibsD	b4664	+	putative toxic peptide IbsD
3195141	3195200	60	ibsE	b4666	+	toxic peptide IbsE
3195320	3196753	1434	hldE	b3052	-	fused heptose 7-phosphate kinase/heptose 1-phosphate adenyltransferase
3196801	3199641	2841	glnE	b3053	-	fused glutamine synthetase deadenylase/glutamine synthetase adenylyltransferase
3199664	3200965	1302	ygiF	b3054	-	inorganic triphosphatase
3201207	3201827	621	ygiM	b3055	+	putative signal transduction protein (SH3 domain)
3201891	3203129	1239	cca	b3056	+	fused CCA tRNA nucleotidyltransferase/phosphohydrolase
3203310	3204131	822	bacA	b3057	-	undecaprenyl pyrophosphate phosphatase
3204221	3204589	369	folB	b3058	-	dihydroneopterin aldolase
3204694	3205311	618	plsY	b3059	+	putative glycerol-3-phosphate acyltransferase
3205324	3206256	933	ttdR	b3060	-	DNA-binding transcriptional activator Dan
3206463	3207374	912	ttdA	b3061	+	L(+)-tartrate dehydratase subunit alpha
3207371	3207976	606	ttdB	b3062	+	L(+)-tartrate dehydratase subunit beta
3208024	3209487	1464	ttdT	b3063	+	L-tartrate:succinate antiporter
3209530	3210543	1014	tsaD	b3064	-	N(6)-L-threonylcarbamoyladenine synthase, TsaD subunit
3210781	3210996	216	rpsU	b3065	+	30S ribosomal subunit protein S21
3211107	3212852	1746	dnaG	b3066	+	DNA primase
3213047	3214888	1842	rpoD	b3067	+	RNA polymerase sigma factor RpoD
3214967	3215473	507	mug	b3068	-	stationary phase mismatch/uracil DNA glycosylase
3215727	3216491	765	nfeF	b3070	-	NADPH-dependent Fe(3(+))-chelate reductase
3216779	3217402	624	nfeR	b3071	+	DNA-binding transcriptional repressor NfeR
3217556	3219076	1521	aer	b3072	-	aerotaxis receptor
3219494	3220873	1380	patA	b3073	+	putrescine aminotransferase
3220915	3221247	333	ygjH	b3074	-	putative tRNA-binding protein YgjH
3221466	3222449	984	ebgR	b3075	+	DNA-binding transcriptional repressor EbgR
3222633	3225725	3093	ebgA	b3076	+	evolved beta-D-galactosidase subunit alpha
3225722	3226171	450	ebgC	b3077	+	DUF386 domain-containing evolved beta-D-galactosidase subunit beta
3226234	3227667	1434	ygjI	b3078	+	putative transporter YgjI
3227801	3228871	1071	ygjJ	b3079	+	protein YgjJ
3228888	3231239	2352	ygjK	b3080	+	glycoside hydrolase
3231665	3233683	2019	fadH	b3081	+	2,4-dienoyl-CoA reductase
3233728	3234144	417	higA	b3082	-	antitoxin/DNA-binding transcriptional repressor HigA
3234141	3234455	315	higB	b3083	-	ribosome-dependent mRNA interferase toxin HigB
3234739	3235875	1137	rlmG	b3084	-	23S rRNA m(2)G1835 methyltransferase
3235960	3236463	504	ygjP	b3085	+	putative metal-dependent hydrolase
3236540	3237232	693	ygjQ	b3086	+	DUF218 domain-containing protein YgjQ
3237311	3238297	987	ygjR	b3087	+	putative oxidoreductase YgjR
3238580	3239545	966	alx	b3088	+	Mn(2(+)) exporter Alx
3239944	3241188	1245	sstT	b3089	+	serine/threonine:Na(+) symporter
3241193	3241744	552	ygjV	b3090	-	inner membrane protein YgjV
3241827	3243314	1488	uxaA	b3091	-	D-altronate dehydratase
3243329	3244741	1413	uxaC	b3092	-	D-glucoronate/D-galacturonate isomerase
3245224	3246522	1299	exuT	b3093	+	hexuronate transporter
3246652	3247428	777	exuR	b3094	+	DNA-binding transcriptional repressor ExuR
3247668	3247751	84	yqiM	b4787	+	protein YqiM
3247773	3248435	663	yqjA	b3095	+	DedA family protein YqjA
3248439	3248822	384	mzrA	b3096	+	modulator protein MzrA
3248969	3249337	369	yqjC	b3097	+	DUF1090 domain-containing protein YqjC
3249375	3249680	306	yqjD	b3098	+	ribosome- and membrane-associated DUF883 domain-containing protein YqjD
3249683	3250087	405	yqjE	b3099	+	inner membrane protein YqjE
3250077	3250376	300	yqjK	b3100	+	PF13997 family protein YqjK
3250562	3250954	393	yqjF	b3101	+	DoxX family protein
3251024	3252010	987	yqjG	b3102	+	glutathionyl-hydroquinone reductase YqjG
3252304	3252669	366	yhaH	b3103	+	putative inner membrane protein
3252911	3253267	357	yhaI	b3104	+	putative inner membrane protein
3253318	3254214	897	yhaJ	b3105	-	DNA-binding transcriptional activator YhaJ
3254319	3255020	702	yhaK	b3106	+	bicupin-related protein
3255043	3255207	165	yhaL	b3107	+	uncharacterized protein YhaL
3255341	3256651	1311	cyuA	b4470	-	L-cysteine desulfidase
3256679	3258010	1332	cyuP	b3110	-	L-cysteine importer
3258285	3259649	1365	tdcG	b4471	-	L-serine deaminase III
3259721	3260110	390	tdcF	b3113	-	putative enamine/imine deaminase
3260124	3262418	2295	tdcE	b3114	-	2-oxobutanoate formate-lyase/pyruvate formate-lyase 4
3262452	3263660	1209	tdcD	b3115	-	propionate kinase
3263686	3265017	1332	tdcC	b3116	-	threonine/serine:H(+) symporter TdcC
3265039	3266028	990	tdcB	b3117	-	catabolic threonine dehydratase
3266127	3267065	939	tdcA	b3118	-	DNA-binding transcriptional activator TdcA
3267380	3267598	219	tdcR	b3119	+	DNA-binding transcriptional activator TdcR
3267854	3268393	540	yhaB	b3120	+	protein YhaB
3268415	3269602	1188	yhaC	b3121	+	uncharacterized protein YhaC
3270625	3271770	1146	garK	b3124	-	glycerate 2-kinase 1
3271867	3272751	885	garR	b3125	-	tartronate semialdehyde reductase
3272787	3273557	771	garL	b3126	-	alpha-dehydro-beta-deoxy-D-glucarate aldolase
3273573	3274907	1335	garP	b3127	-	galactarate/D-glucarate transporter GarP
3275282	3276853	1572	garD	b3128	+	galactarate dehydratase
3277002	3277337	336	prlF	b3129	+	antitoxin PrlF
3277337	3277801	465	yhaV	b3130	+	ribosome-dependent mRNA interferase toxin YhaV
3277856	3278665	810	agaR	b3131	-	DNA-binding transcriptional repressor AgaR
3278914	3280194	1281	kbaZ	b3132	+	putative tagatose-1,6-bisphosphate aldolase 1 chaperone
3280217	3280690	474	agaV	b3133	+	N-acetyl-D-galactosamine specific PTS enzyme IIB component
3281976	3283130	1155	agaS	b3136	+	putative galactosamine-6-phosphate deaminase/isomerase
3283143	3284003	861	kbaY	b3137	+	tagatose-1,6-bisphosphate aldolase 1
3284170	3284646	477	agaB	b3138	+	cryptic galactosamine-specific PTS enzyme IIB component
3284685	3285488	804	agaC	b3139	+	cryptic galactosamine-specific PTS enzyme IIC component
3285478	3286269	792	agaD	b3140	+	cryptic galactosamine-specific PTS enzyme IID component
3286270	3287025	756	agaI	b3141	+	putative deaminase AgaI
3287426	3288010	585	yraH	b3142	+	putative fimbrial protein YraH
3288090	3288785	696	yraI	b3143	+	putative fimbrial chaperone YraI
3288814	3291330	2517	yraJ	b3144	+	putative fimbrial usher protein YraJ
3291341	3292432	1092	yraK	b3145	+	putative fimbrial adhesin YraK
3292475	3293335	861	rsmI	b3146	-	16S rRNA 2'-O-ribose C1402 methyltransferase
3293400	3295436	2037	lpoA	b3147	+	outer membrane lipoprotein - activator of MrcA activity
3295394	3295789	396	yraN	b3148	+	PF02021 family protein YraN
3295809	3296399	591	diaA	b3149	+	DnaA initiator-associating protein DiaA
3296409	3296984	576	dolP	b3150	+	division and outer membrane stress-associated lipid-binding lipoprotein
3297098	3298138	1041	yraQ	b3151	-	permease family protein YraQ
3298211	3298846	636	yraR	b3152	-	putative nucleoside-diphosphate-sugar epimerase
3298974	3299492	519	yhbO	b3153	+	protein/nucleic acid deglycase 2
3299472	3299915	444	yhbP	b3154	-	putative FMN binding protein YhbP
3299966	3300268	303	yhbQ	b3155	+	DNA damage response nuclease YhbQ
3300255	3300758	504	yhbS	b3156	-	putative N-acetyltransferase YhbS
3300752	3301276	525	ubiT	b3157	-	anaerobic ubiquinone biosynthesis accessory factor UbiT
3301485	3302480	996	ubiU	b3158	+	ubiquinone biosynthesis protein UbiU
3302489	3303367	879	ubiV	b3159	+	ubiquinone biosynthesis protein UbiV
3303448	3304455	1008	yhbW	b3160	+	putative luciferase-like monooxygenase YhbW
3304573	3305817	1245	mtr	b3161	-	tryptophan:H(+) symporter Mtr
3305971	3307860	1890	deaD	b3162	-	ATP-dependent RNA helicase DeaD
3307853	3307933	81	yrbN	b4685	-	uncharacterized protein YrbN
3308040	3308924	885	nlpI	b3163	-	lipoprotein NlpI
3309033	3311168	2136	pnp	b3164	-	polynucleotide phosphorylase
3311415	3311684	270	rpsO	b3165	-	30S ribosomal subunit protein S15
3311833	3312777	945	truB	b3166	-	tRNA pseudouridine(55) synthase
3312777	3313178	402	rbfA	b3167	-	30S ribosome binding factor
3313342	3315522	2181			-	translation initiation factor IF-2beta'
3313342	3315543	2202			-	translation initiation factor IF-2beta'
3313342	3316014	2673	infB	b3168	-	translation initiation factor IF-2beta'
3316039	3317526	1488	nusA	b3169	-	transcription termination/antitermination protein NusA
3317554	3318006	453	rimP	b3170	-	ribosome maturation factor RimP
3318637	3319980	1344	argG	b3172	+	argininosuccinate synthetase
3319988	3321613	1626	yhbX	b3173	-	putative hydrolase YhbX
3322173	3322505	333	secG	b3175	-	Sec translocon subunit SecG
3322733	3324070	1338	glmM	b3176	-	phosphoglucosamine mutase
3324063	3324911	849	folP	b3177	-	dihydropteroate synthase
3325001	3326935	1935	ftsH	b3178	-	ATP-dependent zinc metalloprotease FtsH
3327035	3327664	630	rlmE	b3179	-	23S rRNA 2'-O-ribose U2552 methyltransferase
3327790	3328083	294	yhbY	b3180	+	ribosome assembly factor YhbY
3328239	3328715	477	greA	b3181	-	transcription elongation factor GreA
3328963	3330396	1434	dacB	b3182	+	peptidoglycan DD-endopeptidase DacB
3330582	3331754	1173	obgE	b3183	-	GTPase ObgE
3331770	3332735	966	yhbE	b3184	-	putative transporter YhbE
3332862	3333119	258	rpmA	b3185	-	50S ribosomal subunit protein L27
3333140	3333451	312	rplU	b3186	-	50S ribosomal subunit protein L21
3333710	3334681	972	ispB	b3187	+	all-trans-octaprenyl-diphosphate synthase
3334909	3335187	279	sfsB	b3188	+	putative transcriptional regulator SfsB
3335235	3336494	1260	murA	b3189	-	UDP-N-acetylglucosamine 1-carboxyvinyltransferase
3336549	3336803	255	ibaG	b3190	-	acid stress protein IbaG
3336963	3337256	294	mlaB	b3191	-	intermembrane phospholipid transport system protein MlaB
3337256	3337891	636	mlaC	b3192	-	intermembrane phospholipid transport system - periplasmic binding protein
3337910	3338461	552	mlaD	b3193	-	intermembrane phospholipid transport system, substrate binding protein MlaD
3338466	3339248	783	mlaE	b3194	-	intermembrane phospholipid transport system, integral membrane subunit MlaE
3339256	3340065	810	mlaF	b3195	-	intermembrane phospholipid transport system, ATP binding subunit MlaF
3340275	3341252	978	yrbG	b3196	+	putative transport protein YrbG
3341266	3342252	987	kdsD	b3197	+	D-arabinose 5-phosphate isomerase KdsD
3342273	3342839	567	kdsC	b3198	+	3-deoxy-D-manno-octulosonate 8-phosphate phosphatase KdsC
3342836	3343411	576	lptC	b3199	+	lipopolysaccharide transport system protein LptC
3343380	3343937	558	lptA	b3200	+	lipopolysaccharide transport system protein LptA
3343944	3344669	726	lptB	b3201	+	lipopolysaccharide transport system ATP binding protein LptB
3344717	3346150	1434	rpoN	b3202	+	RNA polymerase sigma factor RpoN
3346173	3346460	288	hpf	b3203	+	ribosome hibernation-promoting factor
3346578	3347069	492	ptsN	b3204	+	phosphotransferase system enzyme IIA(Ntr)
3347115	3347969	855	rapZ	b3205	+	RNase adaptor protein RapZ
3347966	3348238	273	npr	b3206	+	phosphorelay protein NPr
3348452	3349084	633	yrbL	b3207	+	protein kinase-like domain-containing protein YrbL
3349081	3349809	729	mtgA	b3208	-	peptidoglycan glycosyltransferase MtgA
3349806	3350459	654	elbB	b3209	-	low activity glyoxalase ElbB
3350689	3353025	2337	arcB	b3210	-	sensor histidine kinase ArcB
3353121	3354050	930	yhcC	b3211	-	radical SAM family oxidoreductase YhcC
3354725	3359185	4461	gltB	b3212	+	glutamate synthase subunit GltB
3359198	3360616	1419	gltD	b3213	+	glutamate synthase subunit GltD
3361176	3361940	765	gltF	b3214	+	periplasmic protein GltF
3362112	3362786	675	yhcA	b3215	+	putative fimbrial chaperone YhcA
3362807	3365188	2382	yhcD	b3216	+	putative fimbrial usher protein YhcD
3365185	3365555	371			+	putative uncharacterized protein YhcE
3365702	3366682	981	insH10	b3218	-	IS5 transposase and trans-activator
3366926	3367642	717	yhcF	b3219	+	DUF1120 domain-containing protein YhcF
3367827	3368954	1128	yhcG	b3220	+	DUF1016 domain-containing protein YhcG
3369014	3369478	465	nanQ	b3221	-	N-acetylneuraminate anomerase
3369475	3370350	876	nanK	b3222	-	N-acetylmannosamine kinase
3370347	3371036	690	nanE	b3223	-	putative N-acetylmannosamine-6-phosphate 2-epimerase
3371084	3372574	1491	nanT	b3224	-	N-acetylneuraminate:H(+) symporter
3372683	3373576	894	nanA	b3225	-	N-acetylneuraminate lyase
3373698	3374489	792	nanR	b3226	-	DNA-binding transcriptional dual regulator NanR
3374869	3376236	1368	dcuD	b3227	+	putative transporter DcuD
3376279	3376776	498	sspB	b3228	-	ClpXP protease specificity-enhancing factor
3376782	3377420	639	sspA	b3229	-	stringent starvation protein A
3377815	3378207	393	rpsI	b3230	-	30S ribosomal subunit protein S9
3378223	3378651	429	rplM	b3231	-	50S ribosomal subunit protein L13
3378870	3379997	1128	zapE	b3232	-	cell division protein ZapE
3380191	3380589	399	yhcB	b3233	+	inner membrane protein YhcB
3380743	3382110	1368	degQ	b3234	+	periplasmic serine endoprotease
3382200	3383267	1068	degS	b3235	+	serine endoprotease
3383330	3384268	939	mdh	b3236	-	malate dehydrogenase
3384703	3385173	471	argR	b3237	+	DNA-binding transcriptional dual regulator ArgR
3385538	3385801	264	yhcN	b3238	+	DUF1471 domain-containing stress-induced protein YhcN
3385857	3386129	273	yhcO	b3239	-	putative barnase inhibitor
3386221	3388188	1968	aaeB	b3240	-	aromatic carboxylic acid efflux pump subunit AaeB
3388194	3389126	933	aaeA	b3241	-	aromatic carboxylic acid efflux pump membrane fusion protein
3389134	3389337	204	aaeX	b3242	-	DUF1656 domain-containing protein AaeX
3389520	3390449	930	aaeR	b3243	+	DNA-binding transcriptional activator AaeR
3390583	3392028	1446	tldD	b3244	-	metalloprotease subunit TldD
3392458	3396258	3801	yhdP	b4472	-	phospholipid transport factor YhdP
3396326	3397795	1470	rng	b3247	-	RNase G
3397785	3398378	594	yhdE	b3248	-	nucleoside triphosphate pyrophosphatase YhdE
3398387	3398875	489	mreD	b3249	-	cell shape determining protein MreD
3398875	3399978	1104	mreC	b3250	-	cell shape determining protein MreC
3400044	3401087	1044	mreB	b3251	-	dynamic cytoskeletal protein MreB
3401392	3403332	1941	csrD	b3252	-	regulator of CsrB and CsrC decay
3403484	3404458	975	yhdH	b3253	+	acrylyl-CoA reductase
3405436	3405906	471	accB	b3255	+	biotin carboxyl carrier protein
3405917	3407266	1350	accC	b3256	+	biotin carboxylase
3407375	3407617	243	yhdT	b3257	+	DUF997 domain-containing protein YhdT
3407607	3409058	1452	panF	b3258	+	pantothenate:Na(+) symporter
3409070	3409951	882	prmA	b3259	+	ribosomal protein L11 methyltransferase
3410280	3411245	966	dusB	b3260	+	tRNA-dihydrouridine synthase B
3411271	3411567	297	fis	b3261	+	DNA-binding transcriptional dual regulator Fis
3411653	3412537	885	yhdJ	b3262	+	DNA adenine methyltransferase
3412621	3412800	180	yhdU	b3263	+	DUF2556 domain-containing protein YhdU
3412803	3413465	663	envR	b3264	-	DNA-binding transcriptional repressor EnvR
3413864	3415021	1158	acrE	b3265	+	multidrug efflux pump membrane fusion lipoprotein AcrE
3415033	3418137	3105	acrF	b3266	+	multidrug efflux pump RND permease AcrF
3418390	3418611	222	yhdV	b3267	+	lipoprotein YhdV
3420134	3421315	1182	yhdX	b3269	+	putative ABC transporter membrane subunit YhdX
3421325	3422428	1104	yhdY	b3270	+	putative ABC transporter membrane subunit YhdY
3422436	3423194	759	yhdZ	b3271	+	putative ABC transporter ATP-binding subunit YhdZ
3429236	3429790	555	yrdA	b3279	+	hexapeptide repeat-containing protein YrdA
3429766	3430023	258	yrdB	b3280	-	DUF1488 domain-containing protein YrdB
3430020	3430838	819	aroE	b3281	-	shikimate dehydrogenase
3430843	3431415	573	tsaC	b3282	-	L-threonylcarbamoyladenylate synthase
3431420	3431962	543	yrdD	b3283	-	putative DNA topoisomerase
3431991	3432464	474	smg	b3284	-	DUF494 domain-containing protein Smg
3432436	3433560	1125	smf	b4473	-	protein Smf
3433690	3434199	510	def	b3287	+	peptide deformylase
3434214	3435161	948	fmt	b3288	+	10-formyltetrahydrofolate:L-methionyl-tRNA(fMet) N-formyltransferase
3435207	3436496	1290	rsmB	b3289	+	16S rRNA m(5)C967 methyltransferase
3436518	3437894	1377	trkA	b3290	+	NAD-binding component of Trk potassium transporters
3438024	3438434	411	mscL	b3291	+	large conductance mechanosensitive channel
3438431	3438649	219	arfA	b4550	-	alternative ribosome-rescue factor A
3438705	3439130	426	zntR	b3292	-	DNA-binding transcriptional activator ZntR
3439141	3439509	369	yhdN	b3293	-	DUF1992 domain-containing protein YhdN
3439616	3439999	384	rplQ	b3294	-	50S ribosomal subunit protein L17
3440040	3441029	990	rpoA	b3295	-	RNA polymerase subunit alpha
3441055	3441675	621	rpsD	b3296	-	30S ribosomal subunit protein S4
3441709	3442098	390	rpsK	b3297	-	30S ribosomal subunit protein S11
3442115	3442471	357	rpsM	b3298	-	30S ribosomal subunit protein S13
3442618	3442734	117	rpmJ	b3299	-	50S ribosomal subunit protein L36
3442766	3444097	1332	secY	b3300	-	Sec translocon subunit SecY
3444105	3444539	435	rplO	b3301	-	50S ribosomal subunit protein L15
3444543	3444722	180	rpmD	b3302	-	50S ribosomal subunit protein L30
3444726	3445229	504	rpsE	b3303	-	30S ribosomal subunit protein S5
3445244	3445597	354	rplR	b3304	-	50S ribosomal subunit protein L18
3445607	3446140	534	rplF	b3305	-	50S ribosomal subunit protein L6
3446153	3446545	393	rpsH	b3306	-	30S ribosomal subunit protein S8
3446579	3446884	306	rpsN	b3307	-	30S ribosomal subunit protein S14
3446899	3447438	540	rplE	b3308	-	50S ribosomal subunit protein L5
3447453	3447767	315	rplX	b3309	-	50S ribosomal subunit protein L24
3447778	3448149	372	rplN	b3310	-	50S ribosomal subunit protein L14
3448314	3448568	255	rpsQ	b3311	-	30S ribosomal subunit protein S17
3448568	3448759	192	rpmC	b3312	-	50S ribosomal subunit protein L29
3448759	3449169	411	rplP	b3313	-	50S ribosomal subunit protein L16
3449182	3449883	702	rpsC	b3314	-	30S ribosomal subunit protein S3
3449901	3450233	333	rplV	b3315	-	50S ribosomal subunit protein L22
3450248	3450526	279	rpsS	b3316	-	30S ribosomal subunit protein S19
3450543	3451364	822	rplB	b3317	-	50S ribosomal subunit protein L2
3451382	3451684	303	rplW	b3318	-	50S ribosomal subunit protein L23
3451681	3452286	606	rplD	b3319	-	50S ribosomal subunit protein L4
3452297	3452926	630	rplC	b3320	-	50S ribosomal subunit protein L3
3452959	3453270	312	rpsJ	b3321	-	30S ribosomal subunit protein S10
3453508	3453927	420	gspB	b3322	-	cryptic type II secretion system protein GspB
3453929	3455398	1470	gspA	b3323	-	cryptic type II secretion system protein GspA
3455578	3456393	816	gspC	b3324	+	cryptic type II secretion system protein GspC
3456377	3458329	1953	gspD	b3325	+	cryptic type II secretion system secretin GspDalpha
3458339	3459820	1482	gspE	b3326	+	cryptic type II secretion system ATPase GspE
3459817	3461013	1197	gspF	b3327	+	cryptic type II secretion system protein GspF
3461023	3461460	438	gspG	b3328	+	cryptic type II secretion system major pseudopilin GspG
3461468	3461977	510	gspH	b3329	+	cryptic type II secretion system minor pseudopilin GspH
3461974	3462351	378	gspI	b3330	+	cryptic type II secretion system minor pseudopilin GspI
3462344	3462931	588	gspJ	b3331	+	cryptic type II secretion system minor pseudopilin GspJ
3462924	3463907	984	gspK	b3332	+	cryptic type II secretion system minor pseudopilin GspK
3463922	3465085	1164	gspL	b3333	+	cryptic type II secretion system protein GspL
3465082	3465543	462	gspM	b3334	+	cryptic type II secretion system protein GspM
3465543	3466220	678	gspO	b3335	+	cryptic type II secretion system prepilin peptidase
3466249	3466725	477	bfr	b3336	-	bacterioferritin
3466797	3466991	195	bfd	b3337	-	bacterioferritin-associated ferredoxin
3467160	3469853	2694	chiA	b3338	-	endochitinase
3470145	3471329	1185	tufA	b3339	-	translation elongation factor Tu 1
3471400	3473514	2115	fusA	b3340	-	elongation factor G
3473542	3474081	540	rpsG	b3341	-	30S ribosomal subunit protein S7
3474178	3474552	375	rpsL	b3342	-	30S ribosomal subunit protein S12
3474678	3474965	288	tusB	b3343	-	sulfurtransferase complex subunit TusB
3474973	3475332	360	tusC	b3344	-	sulfurtransferase complex subunit TusC
3475332	3475718	387	tusD	b3345	-	sulfurtransferase complex subunit TusD
3475718	3476440	723	yheO	b3346	-	DNA-binding transcriptional regulator YheO
3476607	3477419	813	fkpA	b3347	-	peptidyl-prolyl cis-trans isomerase/OMP chaperone FkpA
3477640	3477858	219	slyX	b3348	+	protein SlyX
3477907	3478497	591	slyD	b3349	-	FKBP-type peptidyl-prolyl cis-trans isomerase SlyD
3478592	3478792	201	yheV	b4551	-	DUF2387 domain-containing protein YheV
3478802	3480607	1806	kefB	b3350	-	K(+) : H(+) antiporter KefB
3480607	3481161	555	kefG	b3351	-	glutathione-regulated potassium-efflux system ancillary protein KefG
3481289	3483202	1914	yheS	b3352	+	putative ATP-binding protein YheS
3483202	3484224	1023	yheT	b3353	+	putative hydrolase YheT
3484218	3484436	219	yheU	b3354	+	PF06794 family protein YheU
3484490	3485359	870	prkB	b3355	+	putative phosphoribulokinase
3485414	3485818	405	yhfA	b3356	-	OsmC family protein YhfA
3486120	3486752	633	crp	b3357	+	DNA-binding transcriptional dual regulator CRP
3486791	3488893	2103	yhfK	b3358	+	putative transporter YhfK
3488960	3490180	1221	argD	b3359	-	N-acetylornithine aminotransferase/N-succinyldiaminopimelate aminotransferase
3490132	3490185	54	yrfJ	b4820	-	protein YrfJ
3490266	3490829	564	pabA	b3360	-	aminodeoxychorismate synthase subunit 2
3490861	3491463	603	fic	b3361	-	putative adenosine monophosphate--protein transferase Fic
3491453	3491620	168	yhfG	b3362	-	DUF2559 domain-containing protein YhfG
3491725	3492297	573	ppiA	b3363	-	peptidyl-prolyl cis-trans isomerase A
3492568	3493749	1182	tsgA	b3364	+	putative transporter TsgA
3494011	3496554	2544	nirB	b3365	+	nitrite reductase (NADH) large subunit
3496551	3496877	327	nirD	b3366	+	nitrite reductase (NADH) small subunit
3497003	3497809	807	nirC	b3367	+	nitrite transporter NirC
3497828	3499201	1374	cysG	b3368	+	siroheme synthase
3499448	3499615	168	yhfL	b3369	+	DUF4223 domain-containing lipoprotein YhfL
3499910	3501247	1338	frlA	b3370	+	fructoselysine/psicoselysine transporter
3501268	3502290	1023	frlB	b3371	+	fructoselysine 6-phosphate deglycase
3502340	3503170	831	frlC	b4474	+	fructoselysine 3-epimerase
3503167	3503952	786	frlD	b3374	+	fructoselysine 6-kinase
3504052	3504783	732	frlR	b3375	+	DNA-binding transcriptional regulator FrlR
3504935	3506020	1086	yhfS	b3376	-	putative aminotransferase YhfS
3506032	3507336	1305	yhfT	b3377	-	uncharacterized protein YhfT
3507348	3507701	354	yhfU	b3378	-	DUF2620 domain-containing protein YhfU
3507712	3508590	879	php	b3379	-	putative hydrolase
3508587	3509813	1227	yhfW	b3380	-	putative mutase YhfW
3509813	3510976	1164	yhfX	b3381	-	putative PLP-binding protein YhfX
3511060	3511422	363	yhfY	b3382	-	PRD domain-containing protein YhfY
3511439	3512344	906	yhfZ	b3383	-	putative DNA-binding transcriptional regulator YhfZ
3512634	3513638	1005	trpS	b3384	-	tryptophan--tRNA ligase
3513631	3514389	759	gph	b3385	-	phosphoglycolate phosphatase
3514382	3515059	678	rpe	b3386	-	ribulose-phosphate 3-epimerase
3515077	3515913	837	dam	b3387	-	DNA adenine methyltransferase
3516020	3517306	1287	damX	b3388	-	cell division protein DamX
3517398	3518486	1089	aroB	b3389	-	3-dehydroquinate synthase
3518543	3519064	522	aroK	b3390	-	shikimate kinase 1
3519465	3520703	1239	hofQ	b3391	-	DNA utilization protein HofQ
3520615	3521019	405	hofP	b3392	-	DNA utilization protein HofP
3521009	3521449	441	hofO	b3393	-	DNA utilization protein HofO
3521433	3521972	540	hofN	b3394	-	DNA utilization protein HofN
3521972	3522751	780	hofM	b3395	-	DNA utilization protein HofM
3522871	3525423	2553	mrcA	b3396	+	peptidoglycan glycosyltransferase/peptidoglycan DD-transpeptidase MrcA
3525589	3526149	561	nudE	b3397	-	ADP-sugar diphosphatase NudE
3526469	3528604	2136	igaA	b3398	+	inner membrane protein involved in phosphorelay system
3528669	3529337	669	yrfG	b3399	+	purine nucleotidase
3529348	3529749	402	hslR	b3400	+	heat shock protein Hsp15
3529774	3530652	879	hslO	b3401	+	molecular chaperone Hsp33
3530715	3532439	1725	yhgE	b3402	-	putative transport protein YhgE
3532818	3534440	1623	pck	b3403	+	phosphoenolpyruvate carboxykinase (ATP)
3534516	3535868	1353	envZ	b3404	-	sensor histidine kinase EnvZ
3535865	3536584	720	ompR	b3405	-	DNA-binding transcriptional dual regulator OmpR
3536812	3537288	477	greB	b3406	+	transcription elongation factor GreB
3537385	3539706	2322	yhgF	b3407	+	RNA-binding protein YhgF
3540163	3540390	228	feoA	b3408	+	Fe(2(+)) transport protein A
3540407	3542728	2322	feoB	b3409	+	Fe(2(+)) transporter FeoB
3542728	3542964	237	feoC	b3410	+	Fe(2(+)) transport protein FeoC
3543167	3544045	879	rpnA	b3411	+	recombination-promoting nuclease RpnA
3544074	3544844	771	bioH	b3412	-	pimeloyl-acyl carrier protein methyl ester esterase
3544882	3545565	684	yhgH	b3413	+	DNA utilization protein YhgH
3545624	3546199	576	nfuA	b3414	+	iron-sulfur cluster carrier protein NfuA
3546559	3547875	1317	gntT	b3415	+	high-affinity gluconate transporter
3547986	3550070	2085	malQ	b3416	-	4-alpha-glucanotransferase
3550080	3552473	2394	malP	b3417	-	maltodextrin phosphorylase
3553085	3555790	2706	malT	b3418	+	DNA-binding transcriptional activator MalT
3555833	3556849	1017	rtcA	b4475	-	RNA 3'-terminal phosphate cyclase
3556853	3558079	1227	rtcB	b3421	-	RNA-splicing ligase
3558268	3559866	1599	rtcR	b3422	+	DNA-binding transcriptional activator RtcR
3560622	3561452	831	glpG	b3424	-	rhomboid protease GlpG
3561497	3561823	327	glpE	b3425	-	thiosulfate sulfurtransferase GlpE
3562013	3563518	1506	glpD	b3426	+	aerobic glycerol 3-phosphate dehydrogenase
3563724	3564005	282	yzgL	b3427	-	putative uncharacterized protein YzgL
3564134	3566581	2448	glgP	b3428	-	glycogen phosphorylase
3566600	3568033	1434	glgA	b3429	-	glycogen synthase
3568033	3569328	1296	glgC	b3430	-	glucose-1-phosphate adenylyltransferase
3569346	3571319	1974	glgX	b3431	-	limit dextrin alpha-1,6-glucohydrolase
3571316	3573502	2187	glgB	b3432	-	1,4-alpha-glucan branching enzyme
3573660	3573701	42	yhgO	b4788	-	protein YhgO
3573679	3573708	30	yhgP	b4789	-	protein YhgP
3573775	3574878	1104	asd	b3433	-	aspartate-semialdehyde dehydrogenase
3575071	3575664	594	yhgN	b3434	+	MarC family putative inner membrane protein YhgN
3575721	3577061	1341	gntU	b4476	-	low-affinity gluconate transporter
3577065	3577592	528	gntK	b3437	-	D-gluconate kinase, thermostable
3577731	3578726	996	gntR	b3438	-	DNA-binding transcriptional repressor GntR
3578950	3579645	696	yhhW	b3439	-	quercetin 2,3-dioxygenase
3579768	3580805	1038	yhhX	b3440	-	putative oxidoreductase YhhX
3581138	3581626	489	yhhY	b3441	+	N-acetyltransferase YhhY
3581863	3583041	1179	yhhZ	b3442	+	putative endonuclease YhhZ
3583038	3583427	390			+	putative uncharacterized protein YrhA
3583483	3583758	276	insA6	b3444	+	IS1 protein InsA
3583677	3584180	504	insB6	b3445	+	IS1 protein InsB
3584404	3584559	156	yrhD	b4612	+	uncharacterized protein YrhD
3584759	3585043	285	yrhB	b3446	+	putative heat shock chaperone
3585081	3586823	1743	ggt	b3447	-	glutathione hydrolase proenzyme
3586943	3587383	441	yhhA	b3448	+	DUF2756 domain-containing protein YhhA
3587370	3588113	744	ugpQ	b3449	-	glycerophosphodiester phosphodiesterase UgpQ
3588110	3589180	1071	ugpC	b3450	-	sn-glycerol 3-phosphate ABC transporter ATP binding subunit
3589182	3590027	846	ugpE	b3451	-	sn-glycerol 3-phosphate ABC transporter membrane subunit UgpE
3590024	3590911	888	ugpA	b3452	-	sn-glycerol 3-phosphate ABC transporter membrane subunit UgpA
3591009	3592325	1317	ugpB	b3453	-	sn-glycerol 3-phosphate ABC transporter periplasmic binding protein
3592724	3593437	714	livF	b3454	-	branched chain amino acid/phenylalanine ABC transporter ATP binding subunit LivF
3593439	3594206	768	livG	b3455	-	branched chain amino acid/phenylalanine ABC transporter ATP binding subunit LivG
3594203	3595480	1278	livM	b3456	-	branched chain amino acid/phenylalanine ABC transporter membrane subunit LivM
3595477	3596403	927	livH	b3457	-	branched chain amino acid/phenylalanine ABC transporter membrane subunit LivH
3596451	3597560	1110	livK	b3458	-	L-leucine/L-phenylalanine ABC transporter periplasmic binding protein
3597984	3598367	384	panZ	b3459	+	PanD maturation factor
3598555	3599658	1104	livJ	b3460	-	branched chain amino acid/phenylalanine ABC transporter periplasmic binding protein
3599929	3600783	855	rpoH	b3461	-	RNA polymerase sigma factor RpoH
3601028	3602086	1059	ftsX	b3462	-	cell division protein FtsX
3602079	3602747	669	ftsE	b3463	-	cell division protein FtsE
3602750	3604243	1494	ftsY	b3464	-	signal recognition particle receptor
3604393	3604989	597	rsmD	b3465	+	16S rRNA m(2)G966 methyltransferase
3604979	3605248	270	yhhL	b3466	+	DUF1145 domain-containing protein YhhL
3605251	3605610	360	yhhM	b3467	-	DUF2500 domain-containing protein YhhM
3605751	3606377	627	yhhN	b3468	+	PF07947 family protein YhhN
3606451	3608649	2199	zntA	b3469	+	Zn(2(+))/Cd(2(+))/Pb(2(+)) exporting P-type ATPase
3608751	3608996	246	tusA	b3470	-	sulfur transfer protein TusA
3609217	3609882	666	yhhQ	b3471	+	queuosine precursor transporter
3609955	3610512	558	dcrB	b3472	+	periplasmic bacteriophage sensitivity protein DcrB
3610516	3611733	1218	yhhS	b3473	-	putative transporter YhhS
3611865	3612914	1050	yhhT	b3474	+	putative transporter YhhT
3612969	3613556	588	acpT	b3475	+	holo-[acyl carrier protein] synthase 2
3613667	3615241	1575	nikA	b3476	+	Ni(2(+)) ABC transporter periplasmic binding protein
3615241	3616185	945	nikB	b3477	+	Ni(2(+)) ABC transporter membrane subunit NikB
3616182	3617015	834	nikC	b3478	+	Ni(2(+)) ABC transporter membrane subunit NikC
3617015	3617779	765	nikD	b3479	+	Ni(2(+)) ABC transporter ATP binding subunit NikD
3617776	3618582	807	nikE	b3480	+	Ni(2(+)) ABC transporter ATP binding subunit NikE
3618588	3618989	402	nikR	b3481	+	DNA-binding transcriptional repressor NikR
3619192	3623427	4236	rhsB	b3482	+	rhs element protein RhsB
3623399	3623782	384	yhhH	b3483	+	PF15631 family protein YhhH
3624378	3625514	1137	yhhI	b3484	+	putative transposase
3625679	3626803	1125	yhhJ	b3485	-	ABC transporter family protein YhhJ
3626803	3629538	2736	rbbA	b3486	-	ribosome-associated ATPase
3629535	3630602	1068	yhiI	b3487	-	putative membrane fusion protein YhiI
3630665	3630778	114	yhiY	b4790	-	protein YhiY
3630968	3632590	1623	yhiJ	b3488	-	DUF4049 domain-containing protein YhiJ
3634841	3635893	1053	yhiM	b3491	+	inner membrane protein YhiM
3636208	3637410	1203	yhiN	b3492	-	putative oxidoreductase YhiN
3637642	3639141	1500	pitA	b3493	+	metal phosphate:H(+) symporter PitA
3639385	3639720	336	uspB	b3494	-	universal stress protein B
3640111	3640545	435	uspA	b3495	+	universal stress protein A
3640612	3640686	75	yriA	b4791	-	protein YriA
3640643	3640696	54	yriB	b4792	-	protein YriB
3640862	3642331	1470	dtpB	b3496	+	dipeptide/tripeptide:H(+) symporter DtpB
3642380	3643132	753	rsmJ	b3497	-	16S rRNA m(2)G1516 methyltransferase
3643140	3645182	2043	prlC	b3498	-	oligopeptidase A
3645385	3646227	843	rlmJ	b3499	+	23S rRNA m(6)A2030 methyltransferase
3646299	3647651	1353	gor	b3500	+	glutathione reductase (NADPH)
3647705	3647788	84	dinQ	b4613	-	membrane toxin DinQ
3648528	3648881	354	arsR	b3501	+	DNA-binding transcriptional repressor ArsR
3648935	3650224	1290	arsB	b3502	+	arsenite/antimonite:H(+) antiporter
3650237	3650662	426	arsC	b3503	+	arsenate reductase
3651291	3652036	746			+	putative uncharacterized protein YhiS
3652182	3653162	981	insH11	b3505	-	IS5 transposase and trans-activator
3653961	3654527	567	slp	b3506	+	starvation lipoprotein
3654683	3655213	531	dctR	b3507	+	putative DNA-binding transcriptional regulator DctR
3655255	3655902	648	yhiD	b3508	-	inner membrane protein YhiD
3655966	3656292	327	hdeB	b3509	-	periplasmic acid stress chaperone HdeB
3656408	3656740	333	hdeA	b3510	-	periplasmic acid stress chaperone HdeA
3656995	3657567	573	hdeD	b3511	+	acid-resistance membrane protein
3658366	3658893	528	gadE	b3512	+	DNA-binding transcriptional activator GadE
3659232	3660389	1158	mdtE	b3513	+	multidrug efflux pump membrane fusion protein MdtE
3660414	3663527	3114	mdtF	b3514	+	multidrug efflux pump RND permease MdtF
3663890	3664618	729	gadW	b3515	-	DNA-binding transcriptional dual regulator GadW
3664986	3665810	825	gadX	b3516	-	DNA-binding transcriptional dual regulator GadX
3666180	3667580	1401	gadA	b3517	-	glutamate decarboxylase A
3667791	3669188	1398	ccp	b3518	-	cytochrome c peroxidase
3669592	3671241	1650	treF	b3519	+	cytoplasmic trehalase
3671292	3671894	603	yhjB	b3520	-	putative DNA-binding transcriptional regulator YhjB
3672414	3673313	900	rcdB	b3521	+	putative DNA-binding transcriptional regulator YhjC
3673362	3674375	1014	yhjD	b3522	+	putative transporter YhjD
3674786	3676108	1323	yhjE	b3523	+	putative transporter YhjE
3676290	3678350	2061	yhjG	b3524	-	AsmA family protein YhjG
3678420	3679187	768	pdeH	b3525	-	cyclic di-GMP phosphodiesterase PdeH
3679419	3680348	930	kdgK	b3526	+	2-dehydro-3-deoxygluconokinase
3680444	3681940	1497	yhjJ	b3527	-	peptidase M16 family protein YhjJ
3682161	3683447	1287	dctA	b3528	-	C4 dicarboxylate/orotate:H(+) symporter
3683630	3685618	1989	pdeK	b3529	-	c-di-GMP phosphodiesterase PdeK
3685700	3689173	3474	bcsC	b3530	-	cellulose synthase outer membrane channel
3689155	3690261	1107	bcsZ	b3531	-	endo-1,4-D-glucanase
3690268	3692607	2340	bcsB	b3532	-	cellulose synthase periplasmic subunit
3692618	3695236	2619	bcsA	b3533	-	cellulose synthase catalytic subunit
3695997	3696185	189	yhjR	b3535	-	PF10945 family protein YhjR
3696458	3698029	1572	bcsE	b3536	+	c-di-GMP-binding protein BcsE
3698026	3698217	192	bcsF	b3537	+	putative cellulose biosynthesis protein BcsF
3698214	3699893	1680	bcsG	b3538	+	cellulose phosphoethanolamine transferase
3699980	3700087	108	ldrD	b4453	-	small toxic polypeptide LdrD
3700563	3701834	1272	yhjV	b3539	+	putative transporter YhjV
3701864	3702868	1005	dppF	b3540	-	dipeptide ABC transporter ATP binding subunit DppF
3702865	3703848	984	dppD	b3541	-	dipeptide ABC transporter ATP binding subunit DppD
3703859	3704761	903	dppC	b3542	-	dipeptide ABC transporter membrane subunit DppC
3704771	3705790	1020	dppB	b3543	-	dipeptide ABC transporter membrane subunit DppB
3706098	3707705	1608	dppA	b3544	-	dipeptide ABC transporter periplasmic binding protein
3708784	3710475	1692	eptB	b3546	-	phosphoethanolamine transferase EptB
3710799	3712007	1209	yhjX	b3547	-	putative transporter YhjX
3712236	3712934	699	yhjY	b3548	-	putative outer membrane protein YhjY
3713092	3713655	564	tag	b3549	+	3-methyl-adenine DNA glycosylase I, constitutive
3713652	3714092	441	yiaC	b3550	+	peptidyl-lysine N-acetyltransferase YiaC
3714061	3716394	2334	bisC	b3551	-	biotin sulfoxide reductase
3716547	3717206	660	yiaD	b3552	+	PF13488 family lipoprotein YiaD
3717310	3718284	975	ghrB	b3553	+	glyoxylate reductase
3718334	3719044	711	yiaF	b3554	-	DUF3053 domain-containing protein YiaF
3719478	3719768	291	yiaG	b3555	+	putative DNA-binding transcriptional regulator YiaG
3720049	3720261	213	cspA	b3556	+	cold shock protein CspA
3720400	3720471	72	ysaE	b4793	+	protein YsaE
3720448	3720600	153	hokA	b4455	-	small toxic polypeptide
3720680	3721201	522	insJ	b3557	+	insertion element IS150 protein InsA
3721198	3722049	852	insK	b3558	+	IS150 conserved protein InsB
3722328	3724397	2070	glyS	b3559	-	glycine--tRNA ligase
3724407	3725318	912	glyQ	b3560	-	glycine--tRNA ligase subunit alpha
3725413	3725712	300	ysaB	b4553	-	putative lipoprotein YsaB
3725887	3726882	996	wecH	b3561	+	O-acetyltransferase WecH
3726924	3727361	438	yiaA	b3562	-	PF05360 family inner membrane protein YiaA
3727407	3727748	342	yiaB	b3563	-	PF05360 family inner membrane protein YiaB
3727917	3729371	1455	xylB	b3564	-	xylulokinase
3729443	3730765	1323	xylA	b3565	-	xylose isomerase
3731131	3732123	993	xylF	b3566	+	xylose ABC transporter periplasmic binding protein
3732201	3733742	1542	xylG	b3567	+	xylose ABC transporter ATP binding subunit
3733720	3734901	1182	xylH	b3568	+	xylose ABC transporter membrane subunit
3734979	3736157	1179	xylR	b3569	+	DNA-binding transcriptional dual regulator XylR
3736353	3737177	825	bax	b3570	-	putative glycoside hydrolase Bax
3737177	3737203	27	baxL	b4794	-	putative translational regulatory protein BaxL
3737497	3739527	2031	malS	b3571	+	alpha-amylase
3739705	3740958	1254	avtA	b3572	+	valine--pyruvate aminotransferase
3741109	3741582	474	ysaA	b3573	-	putative electron transport protein YsaA
3741684	3742532	849	plaR	b3574	-	DNA-binding transcriptional repressor PlaR
3742733	3743731	999	yiaK	b3575	+	2,3-diketo-L-gulonate reductase
3743743	3744210	468	yiaL	b3576	+	DUF386 domain-containing protein YiaL
3744328	3744801	474	yiaM	b3577	+	2,3-diketo-L-gulonate:Na(+) symporter - membrane subunit
3744804	3746081	1278	yiaN	b3578	+	2,3-diketo-L-gulonate:Na(+) symporter - membrane subunit
3746094	3747080	987	yiaO	b3579	+	2,3-diketo-L-gulonate:Na(+) symporter - periplasmic binding protein
3747084	3748580	1497	lyxK	b3580	+	L-xylulose kinase
3748577	3749239	663	sgbH	b3581	+	3-keto-L-gulonate-6-phosphate decarboxylase SgbH
3749232	3750092	861	sgbU	b3582	+	putative L-xylulose 5-phosphate 3-epimerase
3750086	3750781	696	sgbE	b3583	+	L-ribulose-5-phosphate 4-epimerase SgbE
3751128	3751868	741	yiaT	b3584	-	outer membrane protein YiaT
3751992	3752966	975	yiaU	b3585	+	DNA-binding transcriptional activator YiaU
3752963	3754099	1137	yiaV	b3586	-	putative membrane fusion protein YiaV
3754105	3754428	324	yiaW	b3587	-	DUF3302 domain-containing protein YiaW
3754973	3756511	1539	aldB	b3588	-	aldehyde dehydrogenase B
3756676	3757827	1152	yiaY	b3589	-	L-threonine dehydrogenase
3758017	3759861	1845	selB	b3590	-	selenocysteyl-tRNA-specific translation elongation factor
3759858	3761249	1392	selA	b3591	-	selenocysteine synthase
3761347	3761955	609	yibF	b3592	-	glutathione transferase-like protein YibF
3762183	3766316	4134	rhsA	b3593	+	rhs element protein RhsA
3766337	3767179	843	yibA	b3594	+	putative lyase containing HEAT-repeat
3768177	3768638	462	yibG	b3596	+	tetratricopeptide-like domain-containing protein YibG
3769345	3769680	336	yibV	b4615	+	PF15596 family protein YibV
3770243	3771379	1137	yibH	b3597	-	inner membrane protein YibH
3771382	3771744	363	yibI	b3598	-	DUF3302 domain-containing protein YibI
3772281	3774194	1914	mtlA	b3599	+	mannitol-specific PTS enzyme IICBA component
3774424	3775572	1149	mtlD	b3600	+	mannitol-1-phosphate 5-dehydrogenase
3775572	3776159	588	mtlR	b3601	+	transcriptional repressor MtlR
3776171	3776380	210	yibT	b4554	-	protein YibT
3776665	3777027	363	yibL	b3602	+	DUF2810 domain-containing protein YibL
3777399	3779054	1656	lldP	b3603	+	lactate/glycolate:H(+) symporter LldP
3779054	3779830	777	lldR	b3604	+	DNA-binding transcriptional dual regulator LldR
3779827	3781017	1191	lldD	b3605	+	L-lactate dehydrogenase
3781215	3781688	474	trmL	b3606	+	tRNA (cytidine/uridine-2'-O)-ribose methyltransferase
3781741	3782562	822	cysE	b3607	-	serine acetyltransferase
3782642	3783661	1020	gpsA	b3608	-	glycerol-3-phosphate dehydrogenase
3783661	3784128	468	secB	b3609	-	protein export chaperone SecB
3784191	3784442	252	grxC	b3610	-	reduced glutaredoxin 3
3784584	3785015	432	yibN	b3611	-	putative sulfurtransferase YibN
3785260	3786804	1545	gpmM	b3612	+	2,3-bisphosphoglycerate-independent phosphoglycerate mutase
3786838	3788097	1260	envC	b3613	+	murein hydrolase activator EnvC
3788101	3789060	960	yibQ	b3614	+	divergent polysaccharide deacetylase domain-containing protein YibQ
3789047	3790081	1035	waaH	b3615	-	UDP-glucuronate:LPS(HepIII) glycosyltransferase
3790320	3791345	1026	tdh	b3616	-	threonine dehydrogenase
3791355	3792551	1197	kbl	b3617	-	2-amino-3-ketobutyrate CoA ligase
3792826	3793683	858	htrL	b3618	-	protein HtrL
3793987	3794919	933	rfaD	b3619	+	ADP-L-glycero-D-mannoheptose 6-epimerase
3794929	3795975	1047	waaF	b3620	+	ADP-heptose--LPS heptosyltransferase 2
3795979	3796938	960	waaC	b3621	+	ADP-heptose:LPS heptosyltransferase 1
3796948	3798207	1260	waaL	b3622	+	O-antigen ligase
3797772	3797846	75			-	protein YibX-S
3797772	3798014	243	yibX	b4795	-	protein YibX
3798039	3798149	111	yibY	b4796	-	protein YibY
3798239	3799312	1074	waaU	b3623	-	putative ADP-heptose:LPS heptosyltransferase 4
3799345	3800196	852	waaZ	b3624	-	lipopolysaccharide core biosynthesis protein WaaZ
3800267	3800965	699	waaY	b3625	-	lipopolysaccharide core heptose (II) kinase
3800983	3801999	1017	waaJ	b3626	-	UDP-glucose:(glucosyl)LPS alpha-1,2-glucosyltransferase
3802039	3803058	1020	waaO	b3627	-	UDP-D-glucose:(glucosyl)LPS alpha-1,3-glucosyltransferase
3803058	3804137	1080	waaB	b3628	-	UDP-D-galactose:(glucosyl)lipopolysaccharide-1,6-D-galactosyltransferase
3804181	3805116	936	waaS	b3629	-	lipopolysaccharide core biosynthesis protein WaaS
3805153	3805950	798	waaP	b3630	-	lipopolysaccharide core heptose (I) kinase
3805943	3807067	1125	waaG	b3631	-	lipopolysaccharide glucosyltransferase I
3807064	3808098	1035	waaQ	b3632	-	lipopolysaccharide core heptosyltransferase 3
3808540	3809817	1278	waaA	b3633	+	KDO transferase
3809825	3810304	480	coaD	b3634	+	pantetheine-phosphate adenylyltransferase
3810343	3811152	810	mutM	b3635	-	DNA-formamidopyrimidine glycosylase
3811250	3811417	168	rpmG	b3636	-	50S ribosomal subunit protein L33
3811438	3811674	237	rpmB	b3637	-	50S ribosomal subunit protein L28
3811891	3812559	669	yicR	b3638	-	RadC-like JAB domain-containing protein YicR
3812731	3813951	1221	dfp	b3639	+	fused 4'-phosphopantothenoylcysteine decarboxylase and phosphopantothenoylcysteine synthetase
3813929	3814387	459	dut	b3640	+	dUTP diphosphatase
3814494	3815090	597	slmA	b3641	+	nucleoid occlusion factor SlmA
3815127	3815768	642	pyrE	b3642	-	orotate phosphoribosyltransferase
3815863	3816549	687	rph	b3643	-	truncated RNase PH
3816676	3817539	864	yicC	b3644	+	putative RNase adaptor protein YicC
3817760	3818584	825	dinD	b3645	+	DNA damage-inducible protein D
3818874	3819491	618	yicG	b3646	+	PF03458 family inner membrane protein YicG
3819488	3821170	1683	ligB	b3647	-	DNA ligase B
3821428	3822051	624	gmk	b3648	+	guanylate kinase
3822106	3822381	276	rpoZ	b3649	+	RNA polymerase subunit omega
3822400	3824508	2109	spoT	b3650	+	bifunctional (p)ppGpp synthase/hydrolase SpoT
3824515	3825204	690	trmH	b3651	+	tRNA (Gm18) 2'-O-methyltransferase
3825210	3827291	2082	recG	b3652	+	ATP-dependent DNA helicase RecG
3827460	3828665	1206	gltS	b3653	-	glutamate:sodium symporter
3828945	3830336	1392	xanP	b3654	+	xanthine:H(+) symporter XanP
3830457	3832166	1710	yicH	b3655	+	AsmA family protein YicH
3832219	3834537	2319	yicI	b3656	-	alpha-D-xyloside xylohydrolase
3834547	3835929	1383	yicJ	b3657	-	putative xyloside transporter YicJ
3836953	3838137	1185	setC	b3659	+	putative exporter SetC
3838248	3839171	924	yicL	b3660	+	putative transporter YicL
3838642	3838701	60	yicU	b4797	-	protein YicU
3839175	3839993	819	nlpA	b3661	-	lipoprotein-28
3840215	3840508	294	yicS	b4555	+	uncharacterized protein YicS
3840549	3841739	1191	nepI	b3662	-	purine ribonucleoside exporter
3841950	3842402	453	yicN	b3663	-	DUF1198 domain-containing protein YicN
3842455	3843789	1335	adeQ	b3664	-	adenine transporter
3843964	3845730	1767	adeD	b3665	+	adenine deaminase
3845776	3847167	1392	uhpT	b3666	-	hexose-6-phosphate:phosphate antiporter
3847305	3848624	1320	uhpC	b3667	-	inner membrane protein sensing glucose-6-phosphate
3848634	3850136	1503	uhpB	b3668	-	sensor histidine kinase UhpB
3850136	3850726	591	uhpA	b3669	-	DNA-binding transcriptional activator UhpA
3850802	3851092	291	ilvN	b3670	-	acetohydroxy acid synthase I subunit IlvN
3851096	3852784	1689	ilvB	b3671	-	acetohydroxy acid synthase I subunit IlvB
3852890	3852988	99	ivbL	b3672	-	ilvBN operon leader peptide
3853553	3853642	90	tisB	b4618	+	membrane-depolarizing toxin TisB
3853766	3853840	75	ysdE	b4798	-	protein YsdE
3853922	3855106	1185	emrD	b3673	+	multidrug efflux pump EmrD
3855114	3855611	498	yidF	b3674	-	uncharacterized protein YidF
3855608	3855970	363	yidG	b3675	-	inner membrane protein YidG
3855960	3856307	348	yidH	b3676	-	DUF202 domain-containing inner membrane protein YidH
3856415	3856864	450	yidI	b3677	+	putative inner membrane protein YidI
3856911	3858404	1494	yidJ	b3678	-	putative sulfatase/phosphatase YidJ
3858401	3860116	1716	yidK	b3679	-	putative transporter YidK
3860283	3861176	894	yidL	b3680	+	putative DNA-binding transcriptional regulator YidL
3861987	3862472	486	glvB	b3682	-	putative PTS enzyme II component GlvB
3862497	3863603	1107	glvC	b3683	-	putative PTS enzyme II component GlvC
3863899	3864615	717	yidP	b3684	+	putative DNA-binding transcriptional regulator YidP
3864612	3866273	1662	yidE	b3685	-	putative transport protein YidE
3866469	3866897	429	ibpB	b3686	-	small heat shock protein IbpB
3867009	3867422	414	ibpA	b3687	-	small heat shock protein IbpA
3867728	3868060	333	yidQ	b3688	+	DUF1375 domain-containing putative lipoprotein YidQ
3868062	3869309	1248	yidR	b3689	-	DUF3748 domain-containing galacturonate catabolism protein YidR
3869377	3870441	1065	cbrA	b3690	+	colicin M resistance protein
3870438	3871730	1293	dgoT	b3691	-	D-galactonate:H(+) symporter
3871850	3872998	1149	dgoD	b4478	-	D-galactonate dehydratase
3872995	3873612	618	dgoA	b4477	-	2-dehydro-3-deoxy-6-phosphogalactonate aldolase
3873596	3874474	879	dgoK	b3693	-	2-dehydro-3-deoxygalactonokinase
3874471	3875160	690	dgoR	b4479	-	DNA-binding transcriptional regulator DgoR
3875438	3876094	657	yidX	b3696	+	putative lipoprotein YidX
3876140	3876952	813	yidA	b3697	-	sugar phosphatase YidA
3877067	3877465	399	yidB	b3698	-	DUF937 domain-containing protein YidB
3877705	3880119	2415	gyrB	b3699	-	DNA gyrase subunit B
3880148	3881221	1074	recF	b3700	-	recombination mediator protein RecF
3881221	3882321	1101	dnaN	b3701	-	beta sliding clamp
3882326	3883729	1404	dnaA	b3702	-	chromosomal replication initiator protein DnaA
3884026	3884106	81	ysdD	b4757	+	protein YsdD
3884336	3884476	141	rpmH	b3703	+	50S ribosomal subunit protein L34
3884493	3884852	360	rnpA	b3704	+	RNase P protein component
3884816	3885073	258	yidD	b4557	+	membrane protein insertion efficiency factor
3885076	3886722	1647	yidC	b3705	+	membrane protein insertase YidC
3886828	3888192	1365	mnmE	b3706	+	5-carboxymethylaminomethyluridine-tRNA synthase GTPase subunit
3888435	3888509	75	tnaC	b3707	+	tnaAB operon leader peptide
3888730	3890145	1416	tnaA	b3708	+	tryptophanase
3890236	3891483	1248	tnaB	b3709	+	tryptophan:H(+) symporter TnaB
3891615	3892790	1176	mdtL	b3710	+	efflux pump MdtL
3892765	3893724	960	yidZ	b3711	+	DNA-binding transcriptional dual regulator YidZ
3893881	3894630	750	yieE	b3712	+	putative phosphopantetheinyl transferase
3894652	3895218	567	yieF	b3713	+	quinone reductase
3895272	3896609	1338	adeP	b3714	-	adenine:H(+) symporter
3896774	3897439	666	yieH	b3715	+	6-phosphogluconate phosphatase
3897506	3897973	468	cbrB	b3716	+	putative inner membrane protein
3898022	3898609	588	cbrC	b3717	+	PF03691 family colicin E2 tolerance protein CbrC
3898671	3899393	723	yieK	b3718	-	putative glucosamine-6-phosphate deaminase YieK
3899408	3900577	1170	yieL	b3719	-	putative hydrolase YieL
3900604	3902220	1617	bglH	b3720	-	cryptic carbohydrate-specific outer membrane porin
3902289	3903701	1413	bglB	b3721	-	cryptic 6-phospho-beta-glucosidase B
3903720	3905597	1878	bglF	b3722	-	cryptic beta-glucoside specific PTS enzyme II/BglG kinase/BglG phosphatase
3905731	3906567	837	bglG	b3723	-	transcriptional antiterminator BglG
3906853	3907578	726	phoU	b3724	-	negative regulator of the pho regulon
3907593	3908366	774	pstB	b3725	-	phosphate ABC transporter ATP binding subunit
3908549	3909439	891	pstA	b3726	-	phosphate ABC transporter membrane subunit PstA
3909439	3910398	960	pstC	b3727	-	phosphate ABC transporter membrane subunit PstC
3910485	3911525	1041	pstS	b3728	-	phosphate ABC transporter periplasmic binding protein
3911839	3913668	1830	glmS	b3729	-	L-glutamine--D-fructose-6-phosphate aminotransferase
3913830	3915200	1371	glmU	b3730	-	fused N-acetylglucosamine-1-phosphate uridyltransferase and glucosamine-1-phosphate acetyltransferase
3915553	3915972	420	atpC	b3731	-	ATP synthase F1 complex subunit epsilon
3915993	3917375	1383	atpD	b3732	-	ATP synthase F1 complex subunit beta
3917402	3918265	864	atpG	b3733	-	ATP synthase F1 complex subunit gamma
3918316	3919857	1542	atpA	b3734	-	ATP synthase F1 complex subunit alpha
3919870	3920403	534	atpH	b3735	-	ATP synthase F1 complex subunit delta
3920418	3920888	471	atpF	b3736	-	ATP synthase Fo complex subunit b
3920950	3921189	240	atpE	b3737	-	ATP synthase Fo complex subunit c
3921236	3922051	816	atpB	b3738	-	ATP synthase Fo complex subunit a
3922060	3922440	381	atpI	b3739	-	ATP synthase accessory factor AtpI
3923057	3923680	624	rsmG	b3740	-	16S rRNA m(7)G527 methyltransferase
3923744	3925633	1890	mnmG	b3741	-	5-carboxymethylaminomethyluridine-tRNA synthase subunit MnmG
3926012	3926455	444	mioC	b3742	-	flavoprotein MioC
3926545	3927003	459	asnC	b3743	-	DNA-binding transcriptional dual regulator AsnC
3927155	3928147	993	asnA	b3744	+	asparagine synthetase A
3928152	3929603	1452	viaA	b3745	-	protein ViaA
3929597	3931093	1497	ravA	b3746	-	regulatory ATPase RavA
3931316	3933184	1869	kup	b3747	+	K(+):H(+) symporter Kup
3933351	3933770	420	rbsD	b3748	+	D-ribose pyranase
3933778	3935283	1506	rbsA	b3749	+	ribose ABC transporter ATP binding subunit
3935288	3936253	966	rbsC	b3750	+	ribose ABC transporter membrane subunit
3936278	3937168	891	rbsB	b3751	+	ribose ABC transporter periplasmic binding protein
3937294	3938223	930	rbsK	b3752	+	ribokinase
3938227	3939219	993	rbsR	b3753	+	DNA-binding transcriptional dual regulator RbsR
3939185	3940612	1428	hsrA	b3754	-	putative transporter HsrA
3940635	3941327	693	yieP	b3755	-	DNA-binding transcriptional dual regulator YieP
3947128	3947967	840	hdfR	b4480	-	DNA-binding transcriptional dual regulator HdfR
3948086	3948424	339	maoP	b3764	+	macrodomain Ori protein
3948449	3949969	1521	yifB	b3765	-	putative magnesium chelatase YifB
3950322	3950420	99	ilvL	b3766	+	ilvXGMEDA operon leader peptide
3950507	3950557	51	ilvX	b4669	+	uncharacterized protein IlvX
3952201	3952464	264	ilvM	b3769	+	acetolactate synthase II subunit IlvM
3952484	3953413	930	ilvE	b3770	+	branched-chain-amino-acid aminotransferase
3953478	3955328	1851	ilvD	b3771	+	dihydroxy-acid dehydratase
3955331	3956875	1545	ilvA	b3772	+	threonine deaminase
3956927	3957820	894	ilvY	b3773	-	DNA-binding transcriptional dual regulator IlvY
3957970	3959445	1476	ilvC	b3774	+	ketol-acid reductoisomerase (NADP(+))
3959532	3959813	282	ppiC	b3775	-	peptidyl-prolyl cis-trans isomerase C
3960677	3962698	2022	rep	b3778	+	ATP-dependent DNA helicase Rep
3962745	3964229	1485	gpp	b3779	-	guanosine-5'-triphosphate,3'-diphosphate phosphatase
3964365	3965630	1266	rhlB	b3780	-	ATP-dependent RNA helicase RhlB
3965761	3966090	330	trxA	b3781	+	thioredoxin 1
3966231	3966332	102	rhoL	b3782	+	rho operon leader peptide
3966417	3967676	1260	rho	b3783	+	transcription termination factor Rho
3967916	3969019	1104	wecA	b3784	+	UDP-N-acetylglucosamine--undecaprenyl-phosphate N-acetylglucosaminephosphotransferase
3969031	3970077	1047	wzzE	b3785	+	enterobacterial common antigen polysaccharide co-polymerase
3970133	3971263	1131	wecB	b3786	+	UDP-N-acetylglucosamine 2-epimerase
3971260	3972522	1263	wecC	b3787	+	UDP-N-acetyl-D-mannosamine dehydrogenase
3972522	3973589	1068	rffG	b3788	+	dTDP-glucose 4,6-dehydratase 2
3973608	3974489	882	rffH	b3789	+	glucose-1-phosphate thymidylyltransferase 2
3974467	3975141	675	rffC	b3790	+	dTDP-4-amino-4,6-dideoxy-D-galactose acyltransferase
3975146	3976276	1131	wecE	b3791	+	dTDP-4-dehydro-6-deoxy-D-glucose transaminase
3976278	3977528	1251	wzxE	b3792	+	lipid IIIECA flippase
3977525	3978604	1080	wecF	b4481	+	TDP-N-acetylfucosamine:lipid II N-acetylfucosaminyltransferase
3978601	3979953	1353	wzyE	b3793	+	enterobacterial common antigen polymerase
3979956	3980696	741	rffM	b3794	+	UDP-N-acetyl-D-mannosaminuronic acid transferase
3980887	3982272	1386	thrP	b3795	+	threonine/serine:H(+) symporter ThrP
3982958	3984193	1236	aslB	b3800	+	putative anaerobic sulfatase maturation enzyme AslB
3984352	3986007	1656	aslA	b3801	-	putative sulfatase AslA
3986686	3987882	1197	hemY	b3802	-	protein HemY
3987885	3989066	1182	hemX	b3803	-	PF04375 family protein HemX
3989088	3989828	741	hemD	b3804	-	uroporphyrinogen-III synthase
3989825	3990766	942	hemC	b3805	-	hydroxymethylbilane synthase
3991153	3993699	2547	cyaA	b3806	+	adenylate cyclase
3993739	3994059	321	cyaY	b3807	-	frataxin CyaY
3993850	3994335	486	yzcX	b3808	+	protein YzcX
3994522	3994725	204	lptM	b4558	+	LptD oxidative maturation-associated lipoprotein
3994762	3995586	825	dapF	b3809	+	diaminopimelate epimerase
3995583	3996290	708	yigA	b3810	+	DUF484 domain-containing protein YigA
3996287	3997183	897	xerC	b3811	+	site-specific tyrosine recombinase
3997183	3997899	717	yigB	b3812	+	5-amino-6-(5-phospho-D-ribitylamino)uracil phosphatase
3997983	4000145	2163	uvrD	b3813	+	DNA helicase II
4000292	4001056	765	yigE	b4482	-	DUF2233 domain-containing protein YigE
4001218	4001274	57	ysgD	b4799	+	protein YsgD
4001426	4002376	951	corA	b3816	+	Ni(2(+))/Co(2(+))/Mg(2(+)) transporter
4002419	4002799	381	yigF	b3817	-	DUF2628 domain-containing protein YigF
4002813	4003193	381	yigG	b3818	-	inner membrane protein YigG
4003288	4004178	891	rarD	b3819	-	putative transporter RarD
4004230	4004697	468	yigI	b3820	-	acyl-CoA thioesterase YigI
4004862	4005731	870	pldA	b3821	+	outer membrane phospholipase A
4005864	4007693	1830	recQ	b3822	+	ATP-dependent DNA helicase RecQ
4007757	4008377	621	rhtC	b3823	+	L-threonine exporter
4008439	4009059	621	rhtB	b3824	-	L-homoserine/L-homoserine lactone/L-threonine exporter
4009170	4010192	1023	pldB	b3825	+	lysophospholipase L2
4010200	4011000	801	yigL	b3826	+	phosphosugar phosphatase YigL
4011076	4011975	900	bioP	b3827	+	biotin transporter
4011863	4012816	954	metR	b3828	-	DNA-binding transcriptional dual regulator MetR
4013053	4015314	2262	metE	b3829	+	cobalamin-independent homocysteine transmethylase
4015354	4016169	816	ysgA	b3830	-	putative dienelactone hydrolase
4016431	4017192	762	udp	b3831	+	uridine phosphorylase
4017333	4018760	1428	rmuC	b3832	+	putative recombination limiting protein RmuC
4018855	4019610	756	ubiE	b3833	+	bifunctional 2-octaprenyl-6-methoxy-1,4-benzoquinol methylase and demethylmenaquinone methyltransferase
4019624	4020229	606	ubiJ	b3834	+	ubiquinone biosynthesis accessory factor UbiJ
4020226	4021866	1641	ubiB	b3835	+	ubiquinone biosynthesis protein UbiB
4021945	4022214	270	tatA	b3836	+	twin arginine protein translocation system - TatA protein
4022218	4022733	516	tatB	b3838	+	twin arginine protein translocation system - TatB protein
4022736	4023512	777	tatC	b3839	+	twin arginine protein translocation system - TatC protein
4023554	4024336	783	tatD	b4483	+	3' -> 5' ssDNA/RNA exonuclease TatD
4024333	4024821	489	rfaH	b3842	-	transcription antiterminator RfaH
4024988	4026481	1494	ubiD	b3843	+	3-octaprenyl-4-hydroxybenzoate decarboxylase
4026527	4027228	702	fre	b3844	+	NAD(P)H-flavin reductase
4027609	4028772	1164	fadA	b3845	-	3-ketoacyl-CoA thiolase
4028782	4030971	2190	fadB	b3846	-	multifunctional enoyl-CoA hydratase, 3-hydroxyacyl-CoA epimerase, Delta(3)-cis- Delta(2)-trans-enoyl-CoA isomerase, L-3-hydroxyacyl-CoA dehydrogenase
4031161	4032492	1332	pepQ	b3847	+	Xaa-Pro dipeptidase
4032492	4033106	615	yigZ	b3848	+	IMPACT family member YigZ
4033145	4034596	1452	trkH	b3849	+	K(+) transporter TrkH
4034608	4035153	546	hemG	b3850	+	protoporphyrinogen oxidase
4040906	4041433	528	mobB	b3856	-	molybdopterin-guanine dinucleotide biosynthesis adaptor protein
4041415	4041999	585	mobA	b3857	-	molybdenum cofactor guanylyltransferase
4042069	4042338	270	yihD	b3858	+	DUF1040 domain-containing protein YihD
4042415	4043401	987	srkA	b3859	+	stress response kinase A
4043418	4044044	627	dsbA	b3860	+	thiol:disulfide oxidoreductase DsbA
4044199	4045629	1431	yihF	b3861	+	DUF945 domain-containing protein YihF
4045670	4046602	933	yihG	b3862	-	1-acylglycerol-3-phosphate O-acyltransferase YihG
4046966	4049752	2787	polA	b3863	+	DNA polymerase I
4049917	4049964	48	spfP	b4837	+	dual-function small protein SpfP
4050133	4050765	633	yihA	b3865	-	GTP-binding protein YihA
4051347	4051856	510	yihI	b3866	+	Der GTPase-activating protein YihI
4052045	4053418	1374	hemN	b3867	+	coproporphyrinogen III dehydrogenase
4053647	4053757	111	yshB	b4686	-	uncharacterized protein YshB
4053869	4055278	1410	glnG	b3868	-	DNA-binding transcriptional dual regulator NtrC
4055290	4056339	1050	glnL	b3869	-	protein histidine kinase NtrB
4056625	4058034	1410	glnA	b3870	-	glutamine synthetase
4058407	4060230	1824	bipA	b3871	+	50S ribosomal subunit assembly factor BipA
4060447	4061157	711	yihL	b3872	+	putative DNA-binding transcriptional regulator YihL
4061165	4062145	981	yihM	b3873	+	putative TIM barrel domain-containing protein YihM
4062247	4063512	1266	yihN	b3874	+	putative transporter YihN
4063603	4064295	693	ompL	b3875	-	putative outer membrane porin L
4064363	4065766	1404	yihO	b3876	-	putative sulfoquinovose transporter
4065809	4067194	1386	yihP	b3877	-	putative 2,3-dihydroxypropane-1-sulfonate export protein
4067240	4069276	2037	yihQ	b3878	-	sulfoquinovosidase
4069475	4070401	927	yihR	b3879	-	putative sulfoquinovose mutarotase YihR
4070515	4071756	1242	yihS	b3880	-	sulfoquinovose isomerase
4071773	4072651	879	yihT	b3881	-	6-deoxy-6-sulfofructose-1-phosphate aldolase
4072675	4073571	897	yihU	b3882	-	3-sulfolactaldehyde reductase
4073739	4074635	897	yihV	b3883	+	6-deoxy-6-sulfofructose kinase
4074669	4075454	786	csqR	b3884	+	DNA-binding transcriptional dual regulator CsqR
4075553	4076152	600	yihX	b3885	+	alpha-D-glucose-1-phosphate phosphatase YihX
4076146	4077018	873	yihY	b3886	+	PF03631 family membrane protein YihY
4077015	4077452	438	dtd	b3887	+	D-aminoacyl-tRNA deacylase
4077449	4078438	990	fabY	b3888	+	putative fatty acid biosynthesis enzyme FabY
4079291	4079509	219	yiiE	b3889	+	putative DNA-binding transcriptional regulator YiiE
4079751	4079969	219	yiiF	b3890	+	protein YiiF
4080299	4081228	930	fdhE	b3891	-	formate dehydrogenase formation protein
4081225	4081860	636	fdoI	b3892	-	formate dehydrogenase O subunit gamma
4081857	4082759	903	fdoH	b3893	-	formate dehydrogenase O subunit beta
4082772	4085822	3051	fdoG	b3894	-	formate dehydrogenase O subunit alpha
4086016	4086849	834	fdhD	b3895	+	sulfurtransferase for molybdenum cofactor sulfuration
4087002	4088057	1056	yiiG	b3896	+	DUF3829 domain-containing lipoprotein YiiG
4088107	4089855	1749	frvR	b3897	-	putative DNA-binding transcriptional regulator FrvR
4089855	4090925	1071	frvX	b3898	-	peptidase M42 family protein FrvX
4090915	4092366	1452	frvB	b3899	-	putative PTS enzyme IIBC component FrvB
4092377	4092823	447	frvA	b3900	-	putative PTS enzyme IIA component FrvA
4093124	4093438	315	rhaM	b3901	-	L-rhamnose mutarotase
4093448	4094272	825	rhaD	b3902	-	rhamnulose-1-phosphate aldolase
4094723	4095982	1260	rhaA	b3903	-	L-rhamnose isomerase
4095979	4097448	1470	rhaB	b3904	-	rhamnulokinase
4097736	4098572	837	rhaS	b3905	+	DNA-binding transcriptional activator RhaS
4098646	4099494	849	rhaR	b3906	+	DNA-binding transcriptional activator RhaR
4099491	4100525	1035	rhaT	b3907	-	rhamnose/lyxose:H(+) symporter
4100810	4101430	621	sodA	b3908	+	superoxide dismutase (Mn)
4101690	4102673	984	kdgT	b3909	+	2-dehydro-3-deoxy-D-gluconate:H(+) symporter
4102822	4103496	675	yiiM	b3910	+	6-hydroxyaminopurine reductase
4103602	4104975	1374	cpxA	b3911	-	sensor histidine kinase CpxA
4104972	4105670	699	cpxR	b3912	-	DNA-binding transcriptional dual regulator CpxR
4105820	4106320	501	cpxP	b4484	+	periplasmic protein CpxP
4106469	4107371	903	fieF	b3915	+	Zn(2(+))/Fe(2(+))/Cd(2(+)) exporter
4107552	4108514	963	pfkA	b3916	+	6-phosphofructokinase 1
4108834	4109823	990	sbp	b3917	+	sulfate/thiosulfate ABC transporter periplasmic binding protein Sbp
4109930	4110685	756	cdh	b3918	+	CDP-diacylglycerol diphosphatase
4110740	4111507	768	tpiA	b3919	-	triose-phosphate isomerase
4111615	4112214	600	yiiQ	b3920	-	DUF1454 domain-containing protein YiiQ
4112315	4112755	441	yiiR	b3921	+	DUF805 domain-containing protein YiiR
4112967	4113266	300	yiiS	b3922	+	DUF406 domain-containing protein YiiS
4113293	4113721	429	uspD	b3923	+	universal stress protein D
4113726	4114472	747	fpr	b3924	-	flavodoxin/ferredoxin-NADP(+) reductase
4114569	4115579	1011	glpX	b3925	-	fructose-1,6-bisphosphatase 2
4115714	4117222	1509	glpK	b3926	-	glycerol kinase
4117245	4118090	846	glpF	b3927	-	glycerol facilitator
4118515	4118760	246	zapB	b3928	+	cell division factor ZapB
4118845	4119330	486	rraA	b3929	-	ribonuclease E inhibitor protein A
4119423	4120349	927	menA	b3930	-	1,4-dihydroxy-2-naphthoate octaprenyltransferase
4120416	4121747	1332	hslU	b3931	-	ATPase component of the HslVU protease
4121757	4122287	531	hslV	b3932	-	peptidase component of the HslVU protease
4122380	4123339	960	ftsN	b3933	-	cell division protein FtsN
4123431	4124456	1026	cytR	b3934	-	CytR
4124612	4126810	2199	priA	b3935	-	primosomal protein N'
4127013	4127225	213	rpmE	b3936	+	50S ribosomal subunit protein L31
4127286	4127894	609	yiiX	b3937	-	putative lipid-binding hydrolase YiiX
4128078	4128395	318	metJ	b3938	-	DNA-binding transcriptional repressor MetJ
4128672	4129832	1161	metB	b3939	+	O-succinylhomoserine(thiol)-lyase/O-succinylhomoserine lyase
4129835	4132267	2433	metL	b3940	+	fused aspartate kinase/homoserine dehydrogenase 2
4132616	4133506	891	metF	b3941	+	5,10-methylenetetrahydrofolate reductase
4133835	4136015	2181	katG	b3942	+	catalase/hydroperoxidase HPI
4136108	4137013	906	yijE	b3943	+	cystine exporter
4137040	4137657	618	yijF	b3944	-	DUF1287 domain-containing protein YijF
4137932	4139035	1104	gldA	b3945	-	L-1,2-propanediol dehydrogenase/glycerol dehydrogenase
4139046	4139708	663	fsaB	b3946	-	fructose-6-phosphate aldolase 2
4139720	4142221	2502	ptsA	b3947	-	putative PTS multiphosphoryl transfer protein PtsA
4142530	4143609	1080	frwC	b3949	+	putative PTS enzyme IIC component FrwC
4143624	4143944	321	frwB	b3950	+	putative PTS enzyme IIB component FrwB
4143995	4146292	2298	pflD	b3951	+	putative formate acetyltransferase 2
4146258	4147136	879	pflC	b3952	+	putative pyruvate formate-lyase 2 activating enzyme PflC
4147138	4147479	342	frwD	b3953	+	putative PTS enzyme IIB component FrwD
4147466	4148317	852	yijO	b3954	-	putative DNA-binding transcriptional regulator YijO
4148532	4150265	1734	eptC	b3955	-	phosphoethanolamine transferase EptC
4150447	4153098	2652	ppc	b3956	-	phosphoenolpyruvate carboxylase
4153696	4154847	1152	argE	b3957	-	acetylornithine deacetylase
4155001	4156005	1005	argC	b3958	+	N-acetylglutamylphosphate reductase
4156013	4156789	777	argB	b3959	+	acetylglutamate kinase
4156850	4158223	1374	argH	b3960	+	argininosuccinate lyase
4158490	4159407	918	oxyR	b3961	+	DNA-binding transcriptional dual regulator OxyR
4159390	4160790	1401	sthA	b3962	-	soluble pyridine nucleotide transhydrogenase
4161067	4161771	705	fabR	b3963	+	DNA-binding transcriptional repressor FabR
4161771	4162130	360	yijD	b3964	+	DUF1422 domain-containing inner membrane protein YijD
4162170	4163270	1101	trmA	b3965	-	tRNA m(5)U54 methyltransferase
4163639	4165483	1845	btuB	b3966	+	cobalamin outer membrane transporter
4165428	4166285	858	murI	b3967	+	glutamate racemase
4172057	4173085	1029	murB	b3972	+	UDP-N-acetylenolpyruvoylglucosamine reductase
4173082	4174047	966	birA	b3973	+	DNA-binding transcriptional repressor/biotin-[acetyl-CoA-carboxylase] ligase BirA
4174076	4175026	951	coaA	b3974	-	pantothenate kinase
4175944	4177128	1185	tufB	b3980	+	translation elongation factor Tu 2
4177358	4177741	384	secE	b3981	+	Sec translocon subunit SecE
4177743	4178288	546	nusG	b3982	+	transcription termination/antitermination factor NusG
4178447	4178875	429	rplK	b3983	+	50S ribosomal subunit protein L11
4178879	4179583	705	rplA	b3984	+	50S ribosomal subunit protein L1
4179996	4180493	498	rplJ	b3985	+	50S ribosomal subunit protein L10
4180560	4180925	366	rplL	b3986	+	50S ribosomal subunit protein L12
4181245	4185273	4029	rpoB	b3987	+	RNA polymerase subunit beta
4185350	4189573	4224	rpoC	b3988	+	RNA polymerase subunit beta'
4189786	4190325	540	yjaZ	b3989	+	protein YjaZ
4190735	4191868	1134	thiH	b3990	-	2-iminoacetate synthase
4191865	4192635	771	thiG	b3991	-	1-deoxy-D-xylulose 5-phosphate:thiol sulfurtransferase
4192637	4192837	201	thiS	b4407	-	sulfur carrier protein ThiS
4192821	4193576	756	thiF	b3992	-	sulfur carrier protein ThiS adenylyltransferase
4193569	4194204	636	thiE	b3993	-	thiamine phosphate synthase
4194204	4196099	1896	thiC	b3994	-	phosphomethylpyrimidine synthase
4196332	4196808	477	rsd	b3995	-	regulator of sigma D
4196903	4197676	774	nudC	b3996	+	RNA decapping hydrolase
4197716	4198780	1065	hemE	b3997	+	uroporphyrinogen decarboxylase
4198790	4199461	672	nfi	b3998	+	endonuclease V
4199504	4200094	591	yjaG	b3999	+	DUF416 domain-containing protein YjaG
4200281	4200553	273	hupA	b4000	+	DNA-binding protein HU-alpha
4200566	4201261	696	yjaH	b4001	+	DUF1481 domain-containing protein YjaH
4201263	4201688	426	zraP	b4002	-	signaling pathway modulator ZraP
4201926	4203323	1398	zraS	b4003	+	sensor histidine kinase ZraS
4203320	4204645	1326	zraR	b4004	+	DNA-binding transcriptional activator ZraR
4204642	4205931	1290	purD	b4005	-	phosphoribosylamine--glycine ligase
4205943	4207532	1590	purH	b4006	-	bifunctional AICAR transformylase/IMP cyclohydrolase
4213234	4213617	384	yjaA	b4011	+	stress response protein
4213680	4214123	444	yjaB	b4012	-	peptidyl-lysine N-acetyltransferase YjaB
4214280	4215209	930	metA	b4013	+	homoserine O-succinyltransferase
4215478	4217079	1602	aceB	b4014	+	malate synthase A
4217109	4218413	1305	aceA	b4015	+	isocitrate lyase
4218596	4220332	1737	aceK	b4016	+	isocitrate dehydrogenase kinase/phosphatase
4220301	4222487	2187	arpA	b4017	-	ankyrin-like regulator
4222804	4223628	825	iclR	b4018	-	DNA-binding transcriptional repressor IclR
4223828	4227511	3684	metH	b4019	+	cobalamin-dependent methionine synthase
4227731	4229362	1632	yjbB	b4020	+	putative inorganic phosphate export protein YjbB
4229453	4230142	690	pepE	b4021	-	peptidase E
4230354	4231226	873	rluF	b4022	+	23S rRNA pseudouridine(2604) and tRNA(Tyr) pseudouridine(35) synthase
4231359	4231631	273	yjbD	b4023	-	DUF3811 domain-containing protein YjbD
4231884	4233233	1350	lysC	b4024	-	aspartate kinase III
4233758	4235407	1650	pgi	b4025	+	glucose-6-phosphate isomerase
4235906	4236148	243	yjbE	b4026	+	uncharacterized protein YjbE
4236262	4236900	639	yjbF	b4027	+	lipoprotein YjbF
4236897	4237634	738	yjbG	b4028	+	capsule biosynthesis GfcC family protein YjbG
4237634	4239730	2097	yjbH	b4029	+	putative lipoprotein YjbH
4239777	4240055	279	yjbT	b4620	-	PF17089 family protein YjbT
4240325	4240735	411	psiE	b4030	+	putative phosphate starvation-inducible protein PsiE
4240779	4242254	1476	xylE	b4031	-	D-xylose:H(+) symporter
4242626	4243516	891	malG	b4032	-	maltose ABC transporter membrane subunit MalG
4243531	4245075	1545	malF	b4033	-	maltose ABC transporter membrane subunit MalF
4245229	4246419	1191	malE	b4034	-	maltose ABC transporter periplasmic binding protein
4246784	4247899	1116	malK	b4035	+	maltose ABC transporter ATP binding subunit
4247971	4249311	1341	lamB	b4036	+	maltose outer membrane channel/phage lambda receptor protein
4249554	4250474	921	malM	b4037	+	maltose regulon periplasmic protein
4252506	4253003	498	ubiC	b4039	+	chorismate lyase
4253016	4253888	873	ubiA	b4040	+	4-hydroxybenzoate octaprenyltransferase
4254043	4256466	2424	plsB	b4041	-	glycerol-3-phosphate 1-O-acyltransferase
4256637	4257005	369	dgkA	b4042	+	diacylglycerol kinase
4257115	4257723	609	lexA	b4043	+	DNA-binding transcriptional repressor LexA
4257742	4259121	1380	dinF	b4044	+	DNA damage-inducible protein F
4259237	4259446	210	yjbJ	b4045	+	putative stress response protein YjbJ
4259488	4260003	516	zur	b4046	-	DNA-binding transcriptional repressor Zur
4260321	4260575	255	yjbL	b4047	+	uncharacterized protein YjbL
4260599	4261306	708	yjbM	b4048	+	DUF2713 domain-containing protein YjbM
4261669	4262706	1038	dusA	b4049	+	tRNA-dihydrouridine synthase A
4262840	4263082	243	pspG	b4050	+	phage shock protein G
4263248	4264231	984	qorA	b4051	-	putative quinone oxidoreductase 1
4264314	4265729	1416	dnaB	b4052	+	replicative DNA helicase
4265782	4266861	1080	alr	b4053	+	alanine racemase 1
4267114	4268307	1194	tyrB	b4054	+	tyrosine aminotransferase
4268809	4269012	204	yjbS	b4621	-	uncharacterized protein YjbS
4269414	4270127	714	aphA	b4055	+	acid phosphatase/phosphotransferase
4270238	4270654	417	yjbQ	b4056	+	PF01894 family protein YjbQ
4270658	4271014	357	yjbR	b4057	+	PF04237 family protein YjbR
4271049	4273871	2823	uvrA	b4058	-	UvrABC excision nuclease subunit A
4274125	4274661	537	ssb	b4059	+	ssDNA-binding protein
4274760	4275041	282	yjcB	b4060	-	uncharacterized protein YjcB
4275471	4277057	1587	pdeC	b4061	+	cyclic di-GMP phosphodiesterase PdeC
4277060	4277383	324	soxS	b4062	-	DNA-binding transcriptional dual regulator SoxS
4277469	4277933	465	soxR	b4063	+	DNA-binding transcriptional dual regulator SoxR
4278479	4279828	1350	ghxP	b4064	+	guanine/hypoxanthine transporter GhxP
4279980	4281629	1650	yjcE	b4065	+	putative transporter YjcE
4281783	4283075	1293	yjcF	b4066	-	pentapeptide repeat-containing protein YjcF
4283253	4284902	1650	actP	b4067	-	acetate/glycolate:cation symporter
4284899	4285213	315	yjcH	b4068	-	DUF485 domain-containing inner membrane protein YjcH
4285413	4287371	1959	acs	b4069	-	acetyl-CoA synthetase (AMP-forming)
4287611	4287667	57	ytcB	b4821	+	protein YtcB
4287764	4289200	1437	nrfA	b4070	+	cytochrome c552 nitrite reductase
4289245	4289811	567	nrfB	b4071	+	periplasmic nitrite reductase penta-heme c-type cytochrome
4289808	4290479	672	nrfC	b4072	+	putative menaquinol-cytochrome c reductase 4Fe-4S subunit
4290476	4291432	957	nrfD	b4073	+	putative menaquinol-cytochrome c reductase subunit NrfD
4291512	4293170	1659	nrfE	b4074	+	putative cytochrome c-type biogenesis protein NrfE
4293163	4293546	384	nrfF	b4075	+	putative formate-dependent nitrite reductase complex subunit NrfF
4293543	4294139	597	nrfG	b4076	+	putative formate-dependent nitrite reductase complex subunit NrfG
4294481	4295794	1314	gltP	b4077	+	glutamate/aspartate : H(+) symporter GltP
4296436	4297125	690	yjcO	b4078	-	Sel1 repeat-containing protein YjcO
4297219	4299366	2148	fdhF	b4079	-	formate dehydrogenase H
4299564	4301030	1467	mdtP	b4080	-	putative multidrug efflux pump outer membrane channel
4301027	4303078	2052	mdtO	b4081	-	putative multidrug efflux pump subunit MdtO
4303078	4304109	1032	mdtN	b4082	-	putative multidrug efflux pump membrane fusion protein
4304128	4304403	276	ytcA	b4622	-	putative lipoprotein YtcA
4304612	4306597	1986	yjcS	b4083	-	linear primary-alkylsulfatase
4306870	4307799	930	alsK	b4084	-	D-allose kinase
4307783	4308478	696	alsE	b4085	-	D-allulose-6-phosphate 3-epimerase
4308489	4309469	981	alsC	b4086	-	D-allose ABC transporter membrane subunit
4309448	4310980	1533	alsA	b4087	-	D-allose ABC transporter ATP binding subunit
4311107	4312042	936	alsB	b4088	-	D-allose ABC transporter periplasmic binding protein
4312101	4312991	891	alsR	b4089	-	DNA-binding transcriptional repressor AlsR
4313350	4313799	450	rpiB	b4090	+	allose-6-phosphate isomerase/ribose-5-phosphate isomerase B
4313868	4314197	330	yjdP	b4487	+	protein YjdP
4314344	4315102	759	phnP	b4092	-	5-phospho-alpha-D-ribosyl 1,2-cyclic phosphate phosphodiesterase
4315104	4315538	435	phnO	b4093	-	aminoalkylphosphonate N-acetyltransferase
4315525	4316082	558	phnN	b4094	-	ribose 1,5-bisphosphate phosphokinase
4316082	4317218	1137	phnM	b4095	-	RPnTP hydrolase
4317215	4317895	681	phnL	b4096	-	carbon-phosphorus lyase ATP-binding protein PhnL
4318006	4318764	759	phnK	b4097	-	carbon-phosphorus lyase ATP-binding protein PhnK
4318761	4319606	846	phnJ	b4098	-	carbon-phosphorus lyase core complex subunit PhnJ
4319599	4320663	1065	phnI	b4099	-	carbon-phosphorus lyase core complex subunit PhnI
4320663	4321247	585	phnH	b4100	-	carbon-phosphorus lyase core complex subunit PhnH
4321244	4321696	453	phnG	b4101	-	carbon-phosphorus lyase core complex subunit PhnG
4321697	4322422	726	phnF	b4102	-	putative transcriptional regulator PhnF
4322443	4323281	839	phnE1	b4583	-	phosphonate/phosphate ABC transporter membrane subunit PhnE1
4323336	4324352	1017	phnD	b4105	-	phosphonate/phosphate ABC transporter periplasmic binding protein
4324377	4325165	789	phnC	b4106	-	phosphonate/phosphate ABC transporter ATP binding subunit
4325298	4325741	444	yjdN	b4107	-	PF06983 family protein YjdN
4326399	4326734	336	yjdM	b4108	-	zinc ribbon domain-containing protein YjdM
4327135	4329363	2229	rdcA	b4109	+	regulator of diguanylate cyclase RdcA
4329360	4330238	879	rdcB	b4110	+	regulator of diguanylate cyclase RdcB
4330502	4332004	1503	proP	b4111	+	osmolyte:H(+) symporter ProP
4332116	4332205	90	pmrR	b4703	+	small regulatory membrane protein PmrR
4332181	4333272	1092	basS	b4112	-	sensor histidine kinase BasS
4333282	4333950	669	basR	b4113	-	DNA-binding transcriptional dual regulator BasR
4333947	4335590	1644	eptA	b4114	-	phosphoethanolamine transferase EptA
4335694	4337031	1338	adiC	b4115	-	arginine:agmatine antiporter
4337168	4337929	762	adiY	b4116	-	DNA-binding transcriptional activator AdiY
4338254	4340521	2268	adiA	b4117	-	arginine decarboxylase, degradative
4340720	4341628	909	melR	b4118	-	DNA-binding transcriptional dual regulator MelR
4341911	4343266	1356	melA	b4119	+	alpha-galactosidase
4343369	4344790	1422	melB	b4120	+	melibiose:H(+)/Na(+)/Li(+) symporter
4344929	4345558	630	yjdF	b4121	-	DUF2238 domain-containing inner membrane protein YjdF
4345680	4347326	1647	fumB	b4122	-	fumarase B
4347404	4348744	1341	dcuB	b4123	-	anaerobic C4-dicarboxylate transporter DcuB
4349315	4350034	720	dcuR	b4124	-	DNA-binding transcriptional activator DcuR
4350031	4351662	1632	dcuS	b4125	-	sensor histidine kinase DcuS
4351843	4352073	231	yjdI	b4126	+	PF06902 family protein YjdI
4352085	4352357	273	yjdJ	b4127	+	putative N-acetyltransferase YjdJ
4352584	4352880	297	ghoS	b4128	+	antitoxin of the GhoTS toxin-antitoxin system
4352908	4353081	174	ghoT	b4559	+	toxin of the GhoTS toxin-antitoxin system
4353200	4354717	1518	lysU	b4129	-	lysyl-tRNA synthetase
4354954	4356411	1458	dtpC	b4130	-	dipeptide/tripeptide:H(+) symporter DtpC
4356470	4358617	2148	cadA	b4131	-	lysine decarboxylase 1
4358697	4360031	1335	cadB	b4132	-	lysine:cadaverine antiporter
4360396	4361934	1539	cadC	b4133	-	DNA-binding transcriptional activator CadC
4362733	4363308	576	dicD	b4135	-	DNA-binding transcriptional regulator DicD
4363345	4365042	1698	dsbD	b4136	-	thiol-disulfide exchange protein DsbD
4365018	4365356	339	cutA	b4137	-	copper binding protein CutA
4365472	4366773	1302	dcuA	b4138	-	C4-dicarboxylate transporter DcuA
4366891	4368327	1437	aspA	b4139	-	aspartate ammonia-lyase
4368664	4369140	477	fxsA	b4140	+	protein FxsA
4369156	4370412	1257	yjeH	b4141	-	L-methionine/branched chain amino acid exporter
4370688	4370981	294	groS	b4142	+	cochaperonin GroES
4371025	4372671	1647	groL	b4143	+	chaperonin GroEL
4372809	4373162	354	yjeI	b4144	+	DUF4156 domain-containing lipoprotein YjeI
4373365	4374234	870	yjeJ	b4145	-	protein YjeJ
4374629	4375657	1029	epmB	b4146	-	lysine 2,3-aminomutase
4375699	4376265	567	efp	b4147	+	protein chain elongation factor EF-P
4376317	4376442	126	ecnA	b4410	+	entericidin A lipoprotein, antidote to entericidin B
4376553	4376699	147	ecnB	b4411	+	bacteriolytic entericidin B lipoprotein
4376875	4377192	318	gdx	b4148	+	guanidinium exporter
4377189	4377722	534	blc	b4149	-	outer membrane lipocalin protein
4377811	4378944	1134	ampC	b4150	-	beta-lactamase
4379007	4379366	360	frdD	b4151	-	fumarate reductase membrane protein FrdD
4379377	4379772	396	frdC	b4152	-	fumarate reductase membrane protein FrdC
4379783	4380517	735	frdB	b4153	-	fumarate reductase [Fe-S] protein
4380510	4382318	1809	frdA	b4154	-	fumarate reductase flavoprotein subunit
4382643	4383620	978	epmA	b4155	+	EF-P-lysine lysyltransferase
4383839	4385341	1503	yjeM	b4156	+	putative transporter YjeM
4385393	4385707	315	yjeN	b4157	+	uncharacterized protein YjeN
4385704	4386018	315	yjeO	b4158	+	DUF2645 domain-containing inner membrane protein YjeO
4386047	4389370	3324	mscM	b4159	-	miniconductance mechanosensitive channel MscM
4389392	4390360	969	psd	b4160	-	phosphatidylserine decarboxylase proenzyme
4390457	4391509	1053	rsgA	b4161	-	ribosome small subunit-dependent GTPase A
4391604	4392149	546	orn	b4162	+	oligoribonuclease
4392892	4392945	54	yjeV	b4670	+	uncharacterized protein YjeV
4392928	4394067	1140	queG	b4166	-	epoxyqueuosine reductase
4394066	4395613	1548	nnr	b4167	+	NAD(P)HX epimerase/NAD(P)HX dehydratase
4395585	4396046	462	tsaE	b4168	+	N(6)-L-threonylcarbamoyladenine synthase, TsaE subunit
4396065	4397402	1338	amiB	b4169	+	N-acetylmuramoyl-L-alanine amidase B
4397412	4399259	1848	mutL	b4170	+	DNA mismatch repair protein MutL
4399252	4400202	951	miaA	b4171	+	tRNA dimethylallyltransferase
4400288	4400596	309	hfq	b4172	+	RNA-binding protein Hfq
4400672	4401952	1281	hflX	b4173	+	ribosome rescue factor HflX
4402038	4403297	1260	hflK	b4174	+	regulator of FtsH protease
4403300	4404304	1005	hflC	b4175	+	regulator of FtsH protease
4404386	4404583	198	yjeT	b4176	+	DUF2065 domain-containing protein YjeT
4404687	4405985	1299	purA	b4177	+	adenylosuccinate synthetase
4406190	4406615	426	nsrR	b4178	+	DNA-binding transcriptional regulator NsrR
4406654	4409095	2442	rnr	b4179	+	RNase R
4409275	4410006	732	rlmB	b4180	+	23S rRNA 2'-O-ribose G2251 methyltransferase
4410133	4410534	402	yjfI	b4181	+	DUF2170 domain-containing protein YjfI
4410553	4411251	699	yjfJ	b4182	+	PspA family protein YjfJ
4411302	4411961	660	yjfK	b4183	+	DUF2491 domain-containing protein YjfK
4411979	4412377	399	yjfL	b4184	+	DUF350 domain-containing inner membrane protein YjfL
4412387	4413025	639	yjfM	b4185	+	DUF1190 domain-containing protein YjfM
4413028	4414191	1164	yjfC	b4186	+	peptide--spermidine ligase YjfC
4414275	4415900	1626	aidB	b4187	+	isovaleryl-CoA dehydrogenase and DNA-binding transcriptional repressor
4416017	4416292	276	yjfN	b4188	-	protease activator YjfN
4416441	4416770	330	bsmA	b4189	-	DUF1471 domain-containing putative lipoprotein BsmA
4416952	4417701	750	yjfP	b4190	+	carboxylesterase
4417698	4418453	756	ulaR	b4191	-	DNA-binding transcriptional repressor UlaR
4418561	4419625	1065	ulaG	b4192	-	L-ascorbate-6-phosphate lactonase
4419980	4421377	1398	ulaA	b4193	+	L-ascorbate specific PTS enzyme IIC component
4421393	4421698	306	ulaB	b4194	+	L-ascorbate specific PTS enzyme IIB component
4421708	4422172	465	ulaC	b4195	+	L-ascorbate specific PTS enzyme IIA component
4422186	4422836	651	ulaD	b4196	+	3-keto-L-gulonate-6-phosphate decarboxylase UlaD
4422846	4423700	855	ulaE	b4197	+	L-ribulose-5-phosphate 3-epimerase UlaE
4423700	4424386	687	ulaF	b4198	+	L-ribulose-5-phosphate 4-epimerase UlaF
4424516	4424791	276	yjfY	b4199	-	DUF1471 domain-containing protein YjfY
4425118	4425513	396	rpsF	b4200	+	30S ribosomal subunit protein S6
4425520	4425834	315	priB	b4201	+	primosomal replication protein N
4425839	4426066	228	rpsR	b4202	+	30S ribosomal subunit protein S18
4426108	4426557	450	rplI	b4203	+	50S ribosomal subunit protein L9
4426628	4427422	795	yjfZ	b4204	-	DUF2686 domain-containing protein YjfZ
4428079	4428717	639	ytfB	b4206	-	cell division protein YtfB
4428935	4429555	621	fklB	b4207	+	peptidyl-prolyl cis-trans isomerase FklB
4429864	4431276	1413	cycA	b4208	+	D-serine/alanine/glycine:H(+)symporter
4431321	4431983	663	ytfE	b4209	-	[Fe-S] cluster repair protein YtfE
4432091	4433056	966	ytfF	b4210	-	inner membrane protein YtfF
4433164	4434024	861	qorB	b4211	-	NAD(P)H:quinone oxidoreductase
4434113	4434493	381	ytfH	b4212	+	putative transcriptional regulator YtfH
4434622	4436565	1944	cpdB	b4213	-	2',3'-cyclic-nucleotide 2'-phosphodiesterase/3'-nucleotidase
4436755	4437495	741	cysQ	b4214	+	3'(2'),5'-bisphosphate nucleotidase
4437707	4438645	939	ytfI	b4215	+	protein YtfI
4438708	4439262	555	ytfJ	b4216	-	PF09695 family protein YtfJ
4439587	4439793	207	ytfK	b4217	+	stringent response modulator YtfK
4439872	4441215	1344	paeA	b4218	-	putative cadaverine/putrescine exporter
4441538	4442176	639	msrA	b4219	-	methionine sulfoxide reductase A
4442382	4444115	1734	tamA	b4220	+	translocation and assembly module subunit TamA
4444112	4447891	3780	tamB	b4221	+	translocation and assembly module subunit TamB
4447894	4448235	342	ytfP	b4222	+	gamma-glutamylamine cyclotransferase family protein YtfP
4448447	4448698	252	chpS	b4224	+	ChpS antitoxin of the ChpB-ChpS toxin-antitoxin system
4448692	4449042	351	chpB	b4225	+	endoribonuclease toxin ChpB
4449122	4449652	531	ppa	b4226	-	inorganic pyrophosphatase
4449962	4450918	957	ytfQ	b4227	+	galactofuranose ABC transporter periplasmic binding protein
4451058	4452560	1503	ytfR	b4485	+	galactofuranose ABC transporter putative ATP binding subunit
4452571	4453596	1026	ytfT	b4230	+	galactofuranose ABC transporter putative membrane subunit YtfT
4453583	4454578	996	yjfF	b4231	+	galactofuranose ABC transporter putative membrane subunit YjtF
4454611	4455609	999	fbp	b4232	-	fructose-1,6-bisphosphatase 1
4455785	4457158	1374	mpl	b4233	+	UDP-N-acetylmuramate--L-alanyl-gamma-D-glutamyl-meso-2,6-diaminoheptanedioate ligase
4457314	4457865	552	yjgA	b4234	-	putative ribosome biogenesis factor YjgA
4457959	4459311	1353	tldE	b4235	+	metalloprotease subunit TldE
4459900	4460364	465	nrdG	b4237	-	anaerobic ribonucleoside-triphosphate reductase activating protein
4460522	4462660	2139	nrdD	b4238	-	anaerobic ribonucleoside-triphosphate reductase
4463054	4464709	1656	treC	b4239	-	trehalose-6-phosphate hydrolase
4464759	4466180	1422	treB	b4240	-	trehalose-specific PTS enzyme IIBC component
4466299	4467246	948	treR	b4241	-	DNA-binding transcriptional repressor TreR
4467431	4467484	54	mgtL	b4702	+	leader peptide MgtL
4467625	4470321	2697	mgtA	b4242	+	Mg(2(+)) importing P-type ATPase
4470527	4470913	387	ridA	b4243	-	enamine/imine deaminase, redox-regulated chaperone
4470986	4471447	462	pyrI	b4244	-	aspartate carbamoyltransferase, PyrI subunit
4471460	4472395	936	pyrB	b4245	-	aspartate carbamoyltransferase catalytic subunit
4472399	4472533	135	pyrL	b4246	-	pyrBI operon leader peptide
4472814	4473209	396	yjgH	b4248	-	RutC family protein YjgH
4473340	4474053	714	bdcA	b4249	-	c-di-GMP-binding biofilm dispersal mediator protein
4474124	4474717	594	bdcR	b4251	+	putative transcriptional regulator BdcR
4474862	4475314	453	tabA	b4252	+	DUF386 domain-containing toxin-antitoxin biofilm protein TabA
4475437	4477251	1815	yjgL	b4253	+	protein YjgL
4477307	4478311	1005	argI	b4254	-	ornithine carbamoyltransferase ArgI
4478473	4478889	417	rraB	b4255	+	ribonuclease E inhibitor protein B
4479034	4479537	504	yjgM	b4256	-	putative N-acetyltransferase YjgM
4479730	4480926	1197	yjgN	b4257	+	inner membrane protein YjgN
4480982	4483837	2856	valS	b4258	-	valine--tRNA ligase
4483837	4484280	444	holC	b4259	-	DNA polymerase III subunit chi
4484440	4485951	1512	pepA	b4260	-	aminopeptidase A/I
4486043	4486099	57	ytgB	b4822	+	protein YtgB
4486105	4486155	51	ytgA	b4800	+	protein YtgA
4486218	4487318	1101	lptF	b4261	+	lipopolysaccharide transport system protein LptF
4487318	4488400	1083	lptG	b4262	+	lipopolysaccharide transport system protein LptG
4488561	4490063	1503	yjgR	b4263	-	DUF853 domain-containing protein YjgR
4490141	4491139	999	idnR	b4264	-	DNA-binding transcriptional dual regulator IdnR
4491206	4492525	1320	idnT	b4265	-	L-idonate/5-ketogluconate/gluconate transporter
4492587	4493351	765	idnO	b4266	-	5-keto-D-gluconate 5-reductase
4493375	4494406	1032	idnD	b4267	-	L-idonate 5-dehydrogenase
4494623	4495186	564	idnK	b4268	+	D-gluconate kinase, thermosensitive
4495190	4496209	1020	ahr	b4269	-	NADPH-dependent aldehyde reductase Ahr
4498272	4498637	366	insC6	b4272	+	IS2 insertion element repressor InsA
4498595	4499500	906	insD6	b4273	+	IS2 insertion element protein InsB
4501260	4501589	330	yjgZ	b4277	+	uncharacterized protein YjgZ
4502103	4503431	1329	insG	b4278	-	IS4 putative transposase
4504058	4505275	1218	nanX	b4279	+	2,7-anhydro-N-acetylneuraminate transporter NanX
4505287	4506405	1119	nanY	b4280	+	2,7-anhydro-N-acetylneuraminate hydratase
4506448	4506573	126	ythA	b4655	+	uncharacterized protein YthA
4507197	4507451	255			+	KpLE2 phage-like element; IS911B regulator fragment
4507466	4508617	1152	insI3	b4284	-	IS30 transposase
4510690	4511457	768	fecE	b4287	-	ferric citrate ABC transporter ATP binding subunit
4511458	4512414	957	fecD	b4288	-	ferric citrate ABC transporter membrane subunit FecD
4512411	4513409	999	fecC	b4289	-	ferric citrate ABC transporter membrane subunit FecC
4513406	4514308	903	fecB	b4290	-	ferric citrate ABC transporter periplasmic binding protein
4514353	4516677	2325	fecA	b4291	-	ferric citrate outer membrane transporter
4516764	4517717	954	fecR	b4292	-	ferric citrate regulator FecR
4517714	4518235	522	fecI	b4293	-	RNA polymerase sigma factor FecI
4518372	4518440	69	ykiE	b4801	+	protein YkiE
4518527	4518802	276	insA7	b4294	+	IS1 repressor protein InsA
4519338	4520324	987	yjhU	b4295	-	putative DNA-binding transcriptional regulator YjhU
4520671	4522020	1350	yjhF	b4296	-	putative transporter YjhF
4522127	4524094	1968	yjhG	b4297	-	D-xylonate dehydratase
4524105	4525010	906	yjhH	b4298	-	putative 2-dehydro-3-deoxy-D-pentonate aldolase
4525015	4525803	789	yjhI	b4299	-	putative DNA-binding transcriptional regulator YjhI
4526106	4526888	783	sgcR	b4300	-	putative DNA-binding transcriptional regulator SgcR
4526905	4527537	633	sgcE	b4301	-	putative epimerase SgcE
4527549	4527980	432	sgcA	b4302	-	putative PTS enzyme IIA component SgcA
4528111	4528917	807	sgcQ	b4303	-	putative nucleoside triphosphatase
4528930	4530243	1314	sgcC	b4304	-	putative PTS enzyme IIC component SgcC
4530255	4530533	279	sgcB	b4565	-	putative PTS enzyme IIB component SgcB
4530530	4531651	1122	sgcX	b4305	-	putative endoglucanase with Zn-dependent exopeptidase domain
4532437	4533183	747	yjhP	b4306	-	putative methyltransferase YjhP
4533239	4533784	546	yjhQ	b4307	-	putative acetyltransferase TopAI antitoxin YjhQ
4533796	4534053	258	topAI	b4566	-	toxin of the TopAI-YjhQ toxin-antitoxin system, TopA inhibitor
4536597	4536695	99	ythB	b4802	+	protein YthB
4536614	4537594	981	nanS	b4309	-	N-acetyl-9-O-acetylneuraminate esterase
4537659	4538765	1107	nanM	b4310	-	N-acetylneuraminate mutarotase
4538785	4539501	717	nanC	b4311	-	N-acetylneuraminate outer membrane channel
4540957	4541559	603	fimB	b4312	+	Type 1 fimbriae regulatory protein FimB
4542037	4542633	597	fimE	b4313	+	regulator for fimA
4543115	4543663	549	fimA	b4314	+	type 1 fimbriae major subunit
4543728	4544267	540	fimI	b4315	+	putative fimbrial protein FimI
4544304	4545029	726	fimC	b4316	+	type 1 fimbriae periplasmic chaperone
4545096	4547732	2637	fimD	b4317	+	type I fimbriae usher protein
4547742	4548272	531	fimF	b4318	+	type 1 fimbriae minor subunit FimF
4548285	4548788	504	fimG	b4319	+	type 1 fimbriae minor subunit FimG
4548808	4549710	903	fimH	b4320	+	type 1 fimbriae D-mannose specific adhesin
4549953	4551296	1344	gntP	b4321	-	fructuronate transporter
4551636	4552820	1185	uxuA	b4322	+	D-mannonate dehydratase
4552901	4554361	1461	uxuB	b4323	+	D-mannonate oxidoreductase
4554576	4555349	774	uxuR	b4324	+	DNA-binding transcriptional repressor UxuR
4555490	4556320	831	yjiC	b4325	-	DUF2686 domain-containing protein YjiC
4556574	4556675	102	ytiC	b4720	+	protein YtiC
4556654	4556797	144	ytiD	b4721	+	protein YtiD
4556913	4556996	84	idlP	b4722	+	iraD leader peptide
4556993	4557385	393	iraD	b4326	+	anti-adaptor protein IraD
4557378	4558289	912	hypT	b4327	-	DNA-binding transcriptional dual regulator HypT
4558354	4559526	1173	iadA	b4328	-	isoaspartyl dipeptidase
4559539	4560000	462	yjiG	b4329	-	Gate family protein YjiG
4559997	4560680	684	yjiH	b4330	-	uncharacterized protein YjiH
4560930	4561484	555	kptA	b4331	+	RNA 2'-phosphotransferase
4561497	4562675	1179	yjiJ	b4332	-	putative transporter YjiJ
4562743	4563603	861	yjiK	b4333	-	PF06977 family protein YjiK
4563668	4563925	258	ytiA	b4715	-	uncharacterized protein YtiA
4563922	4564689	768	yjiL	b4334	-	putative ATPase, activator of (R)-hydroxyglutaryl-CoA dehdratase
4564699	4565850	1152	yjiM	b4335	-	putative dehydratase subunit
4565966	4567246	1281	yjiN	b4336	-	DUF445 domain-containing protein YjiN
4567287	4568519	1233	mdtM	b4337	-	multidrug efflux pump/bile salt:H(+) antiporter/Na(+):H(+) antiporter/K(+):H(+) antiporter
4568692	4568727	36	ytiE	b4823	-	protein YtiE
4570162	4571574	1413	yjiR	b4340	-	fused putative DNA-binding transcriptional regulator/putative aminotransferase YjiR
4571751	4571915	165	yjiS	b4341	+	DUF1127 domain-containing protein YjiS
4572414	4573931	1518	yjiT	b4342	+	putative uncharacterized protein YjiT
4576912	4577958	1047	mcrC	b4345	-	Type IV methyl-directed restriction enzyme EcoKMcrBC subunit
4577958	4578854	897			-	mcrB-S
4577958	4579337	1380	mcrB	b4346	-	5-methylcytosine-specific restriction enzyme subunit McrB
4579499	4579840	342	symE	b4347	-	nucleoid-associated protein SymE
4580068	4581462	1395	hsdS	b4348	-	type I restriction enzyme EcoKI specificity subunit
4581459	4583048	1590	hsdM	b4349	-	type I restriction enzyme EcoKI methylase subunit
4583249	4586761	3513	hsdR	b4350	-	type I restriction enzyme EcoKI endonuclease subunit
4586949	4587863	915	mrr	b4351	+	Type IV methyl-directed restriction enzyme EcoKMrr
4587909	4588865	957	yjiA	b4352	-	P-loop guanosine triphosphatase YjiA
4588876	4589079	204	yjiX	b4353	-	PF04328 family protein YjiX
4589129	4591279	2151	btsT	b4354	-	pyruvate:H(+) symporter
4591657	4593312	1656	tsr	b4355	+	methyl-accepting chemotaxis protein Tsr
4593361	4594722	1362	lgoT	b4356	-	galactonate:H(+) symporter
4594937	4595851	915	lgoR	b4357	-	putative DNA-binding transcriptional regulator LgoR
4595990	4597012	1023	lgoD	b4358	+	L-galactonate oxidoreductase
4597150	4599441	2292	opgB	b4359	-	phosphoglycerol transferase I
4599695	4600189	495	yjjA	b4360	-	DUF2501 domain-containing protein YjjA
4600238	4600975	738	dnaC	b4361	-	DNA replication protein DnaC
4600978	4601517	540	dnaT	b4362	-	primosomal protein DnaT
4601624	4602097	474	yjjB	b4363	-	putative succinate exporter YjjB
4602088	4602858	771	yjjP	b4364	-	putative succinate exporter YjjP
4603477	4604202	726	yjjQ	b4365	+	DNA-binding transcriptional repressor YjjQ
4604160	4604837	678	bglJ	b4366	+	DNA-binding transcriptional regulator BglJ
4604875	4605663	789	fhuF	b4367	-	ferric-siderophore reductase FhuF
4605804	4606040	237	yjjZ	b4567	+	DUF1435 domain-containing protein YjjZ
4606669	4607700	1032	rsmC	b4371	-	16S rRNA m(2)G1207 methyltransferase
4607803	4608216	414	holD	b4372	+	DNA polymerase III subunit psi
4608185	4608631	447	rimI	b4373	+	protein N-acetyltransferase RimI
4608646	4609323	678	yjjG	b4374	+	pyrimidine 5'-nucleotidase YjjG
4609414	4611003	1590	prfC	b4375	+	peptide chain release factor RF3
4611396	4612001	606	osmY	b4376	+	osmotically inducible protein Y
4612128	4612289	162	ytjA	b4568	+	DUF1328 domain-containing protein YtjA
4612411	4613484	1074	yjjU	b4377	+	putative patatin-like phospholipase YjjU
4613481	4614260	780	yjjV	b4378	+	putative metal-dependent hydrolase YjjV
4614680	4615543	864	yjjW	b4379	-	putative glycyl-radical enzyme activating enzyme YjjW
4615515	4617065	1551	yjjI	b4380	-	DUF3029 domain-containing protein YjjI
4617323	4618102	780	deoC	b4381	+	deoxyribose-phosphate aldolase
4618229	4619551	1323	deoA	b4382	+	thymidine phosphorylase
4619603	4620826	1224	deoB	b4383	+	phosphopentomutase
4620883	4621602	720	deoD	b4384	+	purine nucleoside phosphorylase
4621769	4623100	1332	hipH	b4385	+	serine/threonine-protein kinase toxin HipH
4623101	4624117	1017	lplA	b4386	-	lipoate--protein ligase A
4624145	4624789	645	ytjB	b4387	-	putative inner membrane protein Smp
4624895	4625863	969	serB	b4388	+	phosphoserine phosphatase
4625912	4627294	1383	radA	b4389	+	DNA recombination protein
4627315	4628547	1233	nadR	b4390	+	DNA-binding transcriptional repressor/NMN adenylyltransferase NadR
4628855	4630522	1668	ettA	b4391	-	energy-dependent translational throttle protein EttA
4630733	4632670	1938	slt	b4392	+	soluble lytic murein transglycosylase
4632760	4633086	327	trpR	b4393	+	DNA-binding transcriptional repressor TrpR
4633233	4633745	513	yjjX	b4394	-	inosine/xanthosine triphosphatase
4633797	4634444	648	ytjC	b4395	+	putative phosphatase
4634441	4635310	870	rob	b4396	-	DNA-binding transcriptional dual regulator Rob
4635521	4635994	474	creA	b4397	+	PF05981 family protein CreA
4636007	4636696	690	creB	b4398	+	DNA-binding transcriptional regulator CreB
4636696	4638120	1425	creC	b4399	+	sensory histidine kinase CreC
4638178	4639530	1353	creD	b4400	+	putative inner membrane protein CreD
4639590	4640306	717	arcA	b4401	-	DNA-binding transcriptional dual regulator ArcA
4640402	4640542	141	yjjY	b4402	+	uncharacterized protein YjjY
4640718	4640771	54	ytjE	b4824	+	protein YtjE
4640942	4641628	687	yjtD	b4403	+	putative tRNA/rRNA methyltransferase YjtD
