type	start	end	length_bp	gene	product_or_note	strand
CDS	190	255	66	thrL	thr operon leader peptide	+
CDS	337	2799	2463	thrA	Bifunctional aspartokinase/homoserine dehydrogenase 1	+
CDS	2801	3733	933	thrB	homoserine kinase	+
CDS	3734	5020	1287	thrC	L-threonine synthase	+
CDS	5234	5530	297	yaaX	DUF2502 family putative periplasmic protein	+
CDS	5683	6459	777	yaaA	peroxide resistance protein, lowers intracellular iron	-
CDS	6529	7959	1431	yaaJ	putative transporter	-
CDS	8238	9191	954	talB	transaldolase B	+
CDS	9306	9893	588	mog	molybdochelatase incorporating molybdenum into molybdopterin	+
CDS	9928	10494	567	satP	succinate-acetate transporter	-
CDS	10643	11356	714	yaaW	UPF0174 family protein	-
CDS	11382	11786	405	yaaI	UPF0412 family protein	-
CDS	12163	14079	1917	dnaK	chaperone Hsp70, with co-chaperone DnaJ	+
CDS	14168	15298	1131	dnaJ	chaperone Hsp40, DnaK co-chaperone	+
mobile_element	15387	16731	1345		insertion sequence:IS186A	+
CDS	15445	16557	1113	insL1	IS186 transposase	+
CDS	16751	16960	210	mokC	regulatory protein for HokC, overlaps CDS of hokC	-
CDS	16751	16903	153	hokC	toxic membrane protein, small	-
CDS	17489	18655	1167	nhaA	sodium-proton antiporter	+
CDS	18715	19620	906	nhaR	transcriptional activator of nhaA	+
mobile_element	19796	20563	768		insertion sequence:IS1A	-
CDS	19811	20314	504	insB1	IS1 transposase B	-
CDS	20233	20508	276	insA	IS1 repressor TnpA	-
CDS	20815	21078	264	rpsT	30S ribosomal subunit protein S20	-
CDS	21181	21399	219	yaaY	uncharacterized protein	+
CDS	21407	22348	942	ribF	bifunctional riboflavin kinase/FAD synthetase	+
CDS	22391	25207	2817	ileS	isoleucyl-tRNA synthetase	+
CDS	25207	25701	495	lspA	prolipoprotein signal peptidase (signal peptidase II)	+
CDS	25826	26275	450	fkpB	FKBP-type peptidyl-prolyl cis-trans isomerase (rotamase)	+
CDS	26277	27227	951	ispH	4-hydroxy-3-methylbut-2-enyl diphosphate reductase, 4Fe-4S protein	+
CDS	27293	28207	915	rihC	ribonucleoside hydrolase 3	+
CDS	28374	29195	822	dapB	dihydrodipicolinate reductase	+
CDS	29651	30799	1149	carA	carbamoyl phosphate synthetase small subunit, glutamine amidotransferase	+
CDS	30817	34038	3222	carB	carbamoyl-phosphate synthase large subunit	+
CDS	34300	34695	396	caiF	cai operon transcriptional activator	+
CDS	34781	35371	591	caiE	stimulator of CaiD and CaiB enzyme activities	-
CDS	35377	36162	786	caiD	carnitinyl-CoA dehydratase	-
CDS	36271	37824	1554	caiC	putative crotonobetaine/carnitine-CoA ligase	-
CDS	37898	39115	1218	caiB	crotonobetainyl CoA:carnitine CoA transferase	-
CDS	39244	40386	1143	caiA	crotonobetaine reductase subunit II, FAD-binding	-
CDS	40417	41931	1515	caiT	putative transporter	-
CDS	42403	43173	771	fixA	anaerobic carnitine reduction putative electron transfer flavoprotein subunit	+
CDS	43188	44129	942	fixB	putative electron transfer flavoprotein, NAD/FAD-binding domain and ETFP adenine nucleotide-binding domain-like protein	+
CDS	44180	45466	1287	fixC	putative oxidoreductase	+
CDS	45463	45750	288	fixX	putative 4Fe-4S ferredoxin-type protein	+
CDS	45807	47138	1332	yaaU	putative transporter	+
CDS	47246	47776	531	kefF	potassium-efflux system ancillary protein for KefC, glutathione-regulated; quinone oxidoreductase, FMN-dependent	+
CDS	47769	49631	1863	kefC	potassium:proton antiporter	+
CDS	49823	50302	480	folA	dihydrofolate reductase	+
CDS	50380	51222	843	apaH	diadenosine tetraphosphatase	-
CDS	51229	51606	378	apaG	protein associated with Co2+ and Mg2+ efflux	-
CDS	51609	52430	822	rsmA	16S rRNA m(6)A1518, m(6)A1519 dimethyltransferase, SAM-dependent	-
CDS	52427	53416	990	pdxA	4-hydroxy-L-threonine phosphate dehydrogenase, NAD-dependent	-
CDS	53416	54702	1287	surA	peptidyl-prolyl cis-trans isomerase (PPIase)	-
CDS	54755	57109	2355	lptD	LPS assembly OM complex LptDE, beta-barrel component	-
CDS	57364	58179	816	djlA	membrane-anchored DnaK co-chaperone, DNA-binding protein	+
CDS	58474	59052	579		pseudogene, pentapeptide repeats-containing	+
CDS	59687	60346	660	rluA	dual specificity 23S rRNA pseudouridine(746), tRNA pseudouridine(32) synthase, SAM-dependent	-
CDS	60358	63264	2907	rapA	RNA polymerase remodeling/recycling factor ATPase; RNA polymerase-associated, ATP-dependent RNA translocase	-
CDS	63429	65780	2352	polB	DNA polymerase II	-
CDS	65855	66532	678	araD	pseudogene, truncated	-
CDS	66874	67752	879	araC	ara regulon transcriptional activator; autorepressor	+
CDS	67838	68602	765	yabI	DedA family inner membrane protein	+
CDS	68716	69414	699	thiQ	thiamine, thiamine pyrophosphate ABC transporter ATPase; ThiBPQ thiamine, thiamine pyrophosphate importer	-
CDS	69398	71008	1611	thiP	thiamine, thiamine pyrophosphate ABC transporter permease; ThiBPQ thiamine, thiamine pyrophosphate importer	-
CDS	70984	71967	984	thiB	thiamine-, thiamine pyrophosphate-, thiamine monophosphate-binding ABC transporter periplasmic protein; ThiBPQ thiamine, thiamine pyrophosphate importer	-
CDS	72131	73786	1656	sgrR	transcriptional DNA-binding transcriptional activator of sgrS sRNA	-
CDS	73875	74006	132	sgrT	inhibitor of glucose uptake	+
CDS	74108	75286	1179	setA	broad specificity sugar efflux system	+
CDS	75335	75940	606	leuD	3-isopropylmalate dehydratase small subunit	-
CDS	75951	77351	1401	leuC	3-isopropylmalate dehydratase large subunit	-
CDS	77354	78445	1092	leuB	3-isopropylmalate dehydrogenase, NAD(+)-dependent	-
CDS	78445	80016	1572	leuA	2-isopropylmalate synthase	-
CDS	80109	80195	87	leuL	leu operon leader peptide	-
CDS	80855	81799	945	leuO	global transcription factor	+
CDS	82117	83841	1725	ilvI	acetolactate synthase 3 large subunit	+
CDS	83844	84335	492	ilvH	acetolactate synthase 3, small subunit, valine-sensitive	+
CDS	84515	85519	1005	cra	transcriptional repressor-activator for carbon metabolism	+
CDS	86121	86579	459	mraZ	RsmH methytransferase inhibitor	+
CDS	86581	87522	942	rsmH	16S rRNA m(4)C1402 methyltransferase, SAM-dependent	+
CDS	87519	87884	366	ftsL	membrane bound cell division protein at septum containing leucine zipper motif	+
CDS	87900	89666	1767	ftsI	transpeptidase involved in septal peptidoglycan synthesis (penicillin-binding protein 3)	+
CDS	89653	91140	1488	murE	UDP-N-acetylmuramoyl-L-alanyl-D-glutamate:meso- diaminopimelate ligase	+
CDS	91137	92495	1359	murF	UDP-N-acetylmuramoyl-tripeptide:D-alanyl-D- alanine ligase	+
CDS	92489	93571	1083	mraY	phospho-N-acetylmuramoyl-pentapeptide transferase	+
CDS	93574	94890	1317	murD	UDP-N-acetylmuramoyl-L-alanine:D-glutamate ligase	+
CDS	94890	96134	1245	ftsW	lipid II flippase; integral membrane protein involved in stabilizing FstZ ring during cell division	+
CDS	96131	97198	1068	murG	N-acetylglucosaminyl transferase	+
CDS	97252	98727	1476	murC	UDP-N-acetylmuramate:L-alanine ligase	+
CDS	98720	99640	921	ddlB	D-alanine:D-alanine ligase	+
CDS	99642	100472	831	ftsQ	divisome assembly protein, membrane anchored protein involved in growth of wall at septum	+
CDS	100469	101731	1263	ftsA	ATP-binding cell division protein involved in recruitment of FtsK to Z ring	+
CDS	101792	102943	1152	ftsZ	GTP-binding tubulin-like cell division protein	+
CDS	103044	103961	918	lpxC	UDP-3-O-acyl N-acetylglucosamine deacetylase	+
CDS	104192	104704	513	secM	regulator of secA translation	+
CDS	104766	107471	2706	secA	preprotein translocase subunit, ATPase	+
CDS	107531	107920	390	mutT	nucleoside triphosphate pyrophosphohydrolase, marked preference for dGTP	+
CDS	108136	108333	198	yacG	DNA gyrase inhibitor	-
CDS	108343	109086	744	zapD	FtsZ stabilizer	-
CDS	109086	109706	621	coaE	dephospho-CoA kinase	-
CDS	109931	110974	1044	guaC	GMP reductase	+
CDS	111009	112211	1203	hofC	assembly protein in type IV pilin biogenesis, transmembrane protein	-
CDS	112201	113586	1386	hofB	T2SE secretion family protein; P-loop ATPase superfamily protein	-
CDS	113596	114036	441	ppdD	putative prepilin peptidase-dependent pilin	-
CDS	114239	115132	894	nadC	quinolinate phosphoribosyltransferase	-
CDS	115220	115771	552	ampD	1,6-anhydro-N-acetylmuramyl-L-alanine amidase, Zn-dependent; murein amidase	+
CDS	115768	116622	855	ampE	ampicillin resistance inner membrane protein; putative signaling protein in beta-lactamase regulation	+
CDS	116665	118038	1374	aroP	aromatic amino acid transporter	-
CDS	118579	119343	765	pdhR	pyruvate dehydrogenase complex repressor; autorepressor	+
CDS	119504	122167	2664	aceE	pyruvate dehydrogenase, decarboxylase component E1, thiamine triphosphate-binding	+
CDS	122182	124074	1893	aceF	pyruvate dehydrogenase, dihydrolipoyltransacetylase component E2	+
CDS	124399	125823	1425	lpd	lipoamide dehydrogenase, E3 component is part of three enzyme complexes	+
CDS	125894	127747	1854	yacH	uncharacterized protein	-
CDS	128102	130699	2598	acnB	bifunctional aconitate hydratase 2/2-methylisocitrate dehydratase	+
CDS	130875	131237	363	yacL	UPF0231 family protein	+
CDS	131275	132069	795	speD	S-adenosylmethionine decarboxylase	-
CDS	132085	132951	867	speE	spermidine synthase (putrescine aminopropyltransferase)	-
CDS	133057	133404	348	yacC	PulS_OutS family protein	-
CDS	133570	135120	1551	cueO	multicopper oxidase (laccase)	+
CDS	135322	137712	2391	gcd	glucose dehydrogenase	-
CDS	137918	138454	537	hpt	hypoxanthine phosphoribosyltransferase	+
CDS	138495	139157	663	can	carbonic anhydrase	-
CDS	139266	140192	927	yadG	putative ABC superfamily transporter ATP-binding subunit	+
CDS	140189	140959	771	yadH	inner membrane putative ABC superfamily transporter permease	+
CDS	141064	141504	441	yadI	putative PTS Enzyme IIA	+
CDS	141568	142797	1230	yadE	putative polysaccharide deacetylase lipoprotein	+
CDS	142801	143181	381	panD	aspartate 1-decarboxylase	-
CDS	143455	144357	903	yadD	transposase_31 family protein	+
CDS	144431	145282	852	panC	pantothenate synthetase	-
CDS	145294	146088	795	panB	3-methyl-2-oxobutanoate hydroxymethyltransferase	-
CDS	146202	147440	1239	yadC	putative fimbrial-like adhesin protein	-
CDS	147490	148086	597	yadK	putative fimbrial-like adhesin protein	-
CDS	148113	148718	606	yadL	putative fimbrial-like adhesin protein	-
CDS	148730	149299	570	yadM	putative fimbrial-like adhesin protein	-
CDS	149316	151913	2598	htrE	putative outer membrane usher protein	-
CDS	151948	152688	741	yadV	putative periplasmic pilin chaperone	-
CDS	152786	153370	585	yadN	putative fimbrial-like adhesin protein	-
CDS	153740	154219	480	folK	2-amino-4-hydroxy-6-hydroxymethyldihyropteridine pyrophosphokinase	-
CDS	154216	155613	1398	pcnB	poly(A) polymerase	-
CDS	155673	156599	927	gluQ	glutamyl-Q tRNA(Asp) synthetase	-
CDS	156636	157091	456	dksA	transcriptional regulator of rRNA transcription, DnaK suppressor protein	-
CDS	157269	157973	705	sfsA	sugar fermentation stimulation protein A	-
CDS	157988	158518	531	ligT	2'-5' RNA ligase	-
CDS	158592	161021	2430	hrpB	putative ATP-dependent helicase	+
CDS	161217	163751	2535	mrcB	fused glycosyl transferase and transpeptidase	+
CDS	163971	166214	2244	fhuA	ferrichrome outer membrane transporter	+
CDS	166265	167062	798	fhuC	iron-hydroxamate transporter subunit	+
CDS	167062	167952	891	fhuD	iron-hydroxamate transporter subunit	+
CDS	167949	169931	1983	fhuB	fused iron-hydroxamate transporter subunits of ABC superfamily: membrane components	+
CDS	170089	171369	1281	hemL	glutamate-1-semialdehyde aminotransferase (aminomutase)	-
CDS	171594	173015	1422	clcA	H(+)/Cl(-) exchange transporter	+
CDS	173097	173441	345	erpA	iron-sulfur cluster insertion protein	+
CDS	173488	174111	624	yadS	UPF0126 family inner membrane protein	-
CDS	174149	174949	801	btuF	vitamin B12 transporter subunit: periplasmic-binding component of ABC superfamily	-
CDS	174942	175640	699	mtn	5'-methylthioadenosine/S-adenosylhomocysteine nucleosidase	-
CDS	175724	177241	1518	dgt	deoxyguanosine triphosphate triphosphohydrolase	+
CDS	177371	178795	1425	degP	serine endoprotease (protease Do), membrane-associated	+
CDS	178950	180107	1158	cdaR	carbohydrate diacid regulon transcriptional regulator; autoregulator	+
CDS	180196	180582	387	yaeH	UPF0325 family protein	-
CDS	180744	181556	813	yaeI	phosphodiesterase with model substrate bis-pNPP	-
CDS	181610	182434	825	dapD	2,3,4,5-tetrahydropyridine-2-carboxylate N-succinyltransferase	-
CDS	182465	185137	2673	glnD	uridylyltransferase	-
CDS	185199	185993	795	map	methionine aminopeptidase	-
CDS	186361	187086	726	rpsB	30S ribosomal subunit protein S2	+
CDS	187344	188195	852	tsf	translation elongation factor EF-Ts	+
CDS	188342	189067	726	pyrH	uridylate kinase	+
CDS	189359	189916	558	frr	ribosome recycling factor	+
CDS	190008	191204	1197	dxr	1-deoxy-D-xylulose 5-phosphate reductoisomerase	+
CDS	191390	192151	762	ispU	undecaprenyl pyrophosphate synthase	+
CDS	192164	193021	858	cdsA	CDP-diglyceride synthase	+
CDS	193033	194385	1353	rseP	inner membrane zinc RIP metalloprotease; RpoE activator, by degrading RseA; cleaved signal peptide endoprotease	+
CDS	194415	196847	2433	bamA	BamABCDE complex OM biogenesis outer membrane pore-forming assembly factor	+
CDS	196969	197454	486	skp	periplasmic chaperone	+
CDS	197458	198483	1026	lpxD	UDP-3-O-(3-hydroxymyristoyl)-glucosamine N-acyltransferase	+
CDS	198588	199043	456	fabZ	(3R)-hydroxymyristol acyl carrier protein dehydratase	+
CDS	199047	199835	789	lpxA	UDP-N-acetylglucosamine acetyltransferase	+
CDS	199835	200983	1149	lpxB	tetraacyldisaccharide-1-P synthase	+
CDS	200980	201576	597	rnhB	ribonuclease HII, degrades RNA of DNA-RNA hybrids	+
CDS	201613	205095	3483	dnaE	DNA polymerase III alpha subunit	+
CDS	205108	206067	960	accA	acetyl-CoA carboxylase, carboxytransferase, alpha subunit	+
CDS	206166	208307	2142	ldcC	lysine decarboxylase 2, constitutive	+
CDS	208364	208753	390	yaeR	putative lyase	+
CDS	208818	210116	1299	tilS	tRNA(Ile)-lysidine synthetase	+
CDS	210165	210419	255	rof	modulator of Rho-dependent transcription termination	-
CDS	210412	210612	201	yaeP	UPF0253 family protein	-
CDS	210778	211323	546	yaeQ	PDDEXK superfamily protein	+
CDS	211320	211742	423	arfB	alternative stalled-ribosome rescue factor B; peptidyl-tRNA hydrolase, ribosome-attached	+
CDS	211756	212466	711	nlpE	lipoprotein involved with copper homeostasis and adhesion	+
CDS	212666	213490	825	yaeF	putative lipoprotein	-
CDS	213544	215262	1719	proS	prolyl-tRNA synthetase	-
CDS	215374	216081	708	tsaA	tRNA-Thr(GGU) m(6)t(6)A37 methyltransferase, SAM-dependent	-
CDS	216078	216482	405	rcsF	putative outer membrane protein	-
CDS	216600	217415	816	metQ	DL-methionine transporter subunit	-
CDS	217455	218108	654	metI	DL-methionine transporter subunit	-
CDS	218101	219132	1032	metN	DL-methionine transporter subunit	-
CDS	219320	219895	576	gmhB	D,D-heptose 1,7-bisphosphate phosphatase	+
CDS	225654	226457	804	dkgB	2,5-diketo-D-gluconate reductase B	+
CDS	226454	227368	915	yafC	LysR family putative transcriptional regulator	-
CDS	227609	228409	801	yafD	endo/exonuclease/phosphatase family protein	+
CDS	228413	229036	624	yafE	putative S-adenosyl-L-methionine-dependent methyltransferase	+
CDS	229084	230442	1359	mltD	putative membrane-bound lytic murein transglycosylase D	-
CDS	230514	231269	756	gloB	hydroxyacylglutathione hydrolase	-
CDS	231303	232025	723	yafS	putative S-adenosyl-L-methionine-dependent methyltransferase	+
CDS	232022	232489	468	rnhA	ribonuclease HI, degrades RNA of DNA-RNA hybrids	-
CDS	232554	233285	732	dnaQ	DNA polymerase III epsilon subunit	+
CDS	233822	234607	786	yafT	lipoprotein	+
CDS	234744	235223	480	ykfM	lethality reduction protein, putative inner membrane protein	-
CDS	235233	235589	357	yafU	pseudogene	-
CDS	235593	235865	273	yafF	pseudogene, H repeat-associated protein	+
CDS	235906	236676	771	yafV	putative NAD(P)-binding C-N hydrolase family amidase	-
CDS	236830	237303	474	ivy	inhibitor of c-type lysozyme, periplasmic	+
CDS	237346	239790	2445	fadE	acyl coenzyme A dehydrogenase	-
CDS	240030	240608	579	gmhA	D-sedoheptulose 7-phosphate isomerase	+
CDS	240814	241581	768	yafJ	putative amidotransfease	+
CDS	241552	242292	741	yafK	L,D-transpeptidase-related protein	-
CDS	242448	242726	279	yafQ	translation inhibitor toxin of toxin-antitoxin pair YafQ/DinJ	-
CDS	242729	242989	261	dinJ	antitoxin of YafQ-DinJ toxin-antitoxin system	-
CDS	243199	243948	750	yafL	putative lipoprotein and C40 family peptidase	+
CDS	244124	244621	498	rayT	RAYT REP element-mobilizing transposase; TnpA(REP)	+
CDS	244845	246557	1713	lfhA	pseudogene, flagellar system protein, promoterless fragment; flagellar biosynthesis	-
CDS	246559	247314	756	lafU	pseudogene, lateral flagellar motor protein fragment	+
CDS	247385	248440	1056	dinB	DNA polymerase IV	+
CDS	248492	248785	294	yafN	antitoxin of the YafO-YafN toxin-antitoxin system	+
CDS	248788	249186	399	yafO	mRNA interferase toxin of the YafO-YafN toxin-antitoxin system	+
CDS	249196	249648	453	yafP	putative acyl-CoA transferase	+
CDS	249966	250172	207	ykfJ	pseudogene	+
CDS	250189	250689	501	prfH	pseudogene, RF-1 domain family; probable peptide chain release factor	+
CDS	250746	252203	1458	pepD	aminoacyl-histidine dipeptidase (peptidase D)	-
CDS	252464	252922	459	gpt	xanthine phosphoribosyltransferase; xanthine-guanine phosphoribosyltransferase	+
CDS	253014	254258	1245	frsA	fermentation-respiration switch protein; PTS Enzyme IIA(Glc)-binding protein; pNP-butyrate esterase activity	+
CDS	254316	254717	402	crl	RNA polymerase holoenzyme assembly factor crl	+
CDS	254756	255811	1056	phoE	outer membrane phosphoporin protein E	-
CDS	256099	257202	1104	proB	gamma-glutamate kinase	+
CDS	257214	258467	1254	proA	gamma-glutamylphosphate reductase	+
CDS	258861	258923	63	ykfN	pseudogene, YdiA family	-
CDS	259039	259380	342	ykfI	CP4-6 prophage; toxin of the YkfI-YafW toxin-antitoxin system	-
CDS	259401	259718	318	yafW	CP4-6 prophage; antitoxin of the YkfI-YafW toxin-antitoxin system	-
CDS	259737	259958	222	ykfH	uncharacterized protein	-
CDS	259967	260443	477	ykfG	CP4-6 prophage; RadC-like JAB domain protein	-
CDS	260459	260917	459	yafX	CP4-6 prophage; uncharacterized protein	-
CDS	261015	261254	240	ykfF	CP4-6 prophage; uncharacterized protein	-
CDS	261331	261798	468	ykfB	CP4-6 prophage; uncharacterized protein	-
CDS	261821	262264	444	yafY	lipoprotein, inner membrane; overproduction stimulates degP expression; CP4-6 prophage	-
CDS	262264	262485	222	ykfL	pseudogene, CP4-6 putative prophage remnant;Phage or Prophage Related	-
CDS	262487	262678	192	ykfK	CP4-6 prophage; putative DNA-binding transcriptional regulator;Phage or Prophage Related	-
CDS	262895	263716	822	yafZ	CP4-6 prophage; conserved protein	-
CDS	263808	264671	864	ykfA	CP4-6 prophage; putative GTP-binding protein	-
CDS	265000	265893	894	perR	CP4-6 prophage; putative DNA-binding transcriptional regulator	-
CDS	265989	266246	258	insN	pseudogene, IS911 transposase A;IS, phage, Tn; Transposon-related functions; extrachromosomal; transposon related	+
CDS	266314	267465	1152	insI1	IS30 transposase	+
CDS	268558	269665	1108	ykfC	CP4-6 prophage; conserved protein;Phage or Prophage Related	+
mobile_element	269666	270860	1195		insertion sequence:IS5A	-
CDS	269812	270828	1017	insH1	IS5 transposase and trans-activator	-
mobile_element	270206	270540	335		insertion sequence:IS911A	+
mobile_element	270541	271761	1221		insertion sequence:IS30A	+
CDS	271036	272439	1404	mmuP	CP4-6 prophage; putative S-methylmethionine transporter	+
mobile_element	271762	272190	429		insertion sequence:IS911A	+
CDS	272426	273358	933	mmuM	CP4-6 prophage; S-methylmethionine:homocysteine methyltransferase	+
CDS	273467	274513	1047	afuC	CP4-6 prophage; putative ferric transporter subunit	-
CDS	274525	274872	348	afuB	pseudogene, CP4-6 prophage; ABC transporter permease family;Phage or Prophage Related	-
mobile_element	274874	275641	768		insertion sequence:IS1B	-
CDS	274889	275392	504	insB1	IS1 transposase B	-
CDS	275311	275586	276	insA	IS1 repressor TnpA	-
CDS	275642	275815	174	insI1	IS30 transposase;IS, phage, Tn; Transposon-related functions; extrachromosomal; transposon related	+
CDS	275825	276073	249	insX	pseudogene, IS3 family transposase family	-
mobile_element	275825	276136	312		insertion sequence:ISX	-
CDS	276138	276446	309	yagB	pseudogene, CP4-6 prophage;Phage or Prophage Related	-
CDS	276540	277694	1155	yagA	CP4-6 prophage; putative DNA-binding transcriptional regulator	-
CDS	277989	278897	909	yagE	2-keto-3-deoxy gluconate (KDG) aldolase; CP4-6 prophage	+
CDS	278912	280879	1968	yagF	CP4-6 prophage; dehydratase family protein	+
mobile_element	279931	280111	181		insertion sequence:IS30B	+
CDS	281106	282488	1383	yagG	CP4-6 prophage; putative sugar transporter	+
CDS	282500	284110	1611	yagH	CP4-6 prophage; putative xylosidase/arabinosidase	+
CDS	284115	284873	759	yagI	CP4-6 prophage; putative DNA-binding transcriptional regulator	-
CDS	285012	286016	1005	argF	ornithine carbamoyltransferase 2, chain F; CP4-6 prophage	-
CDS	286140	286344	205	ykgS	pseudogene	+
mobile_element	286345	287112	768		insertion sequence:IS1C	-
CDS	286360	286863	504	insB1	IS1 transposase B	-
CDS	286782	287057	276	insA	IS1 repressor TnpA	-
CDS	287115	287942	828	yagJ	CP4-6 prophage; uncharacterized protein;Phage or Prophage Related	+
CDS	288033	288659	627	yagK	CP4-6 prophage; conserved protein	-
CDS	288931	289629	699	yagL	CP4-6 prophage; DNA-binding protein	-
CDS	289656	290510	855	yagM	CP4-6 prophage; uncharacterized protein	-
CDS	290850	291290	441	yagN	CP4-6 prophage; uncharacterized protein	-
CDS	291407	292807	1401	intF	CP4-6 prophage; putative phage integrase	-
CDS	293092	293430	339	yagP	pseudogene, LysR family, fragment;putative regulator; Not classified; putative transcriptional regulator LYSR-type	-
CDS	293425	293502	78	ykgT	pseudogene, MobA-related	-
CDS	293481	294437	957	paoD	moco insertion factor for PaoABC aldehyde oxidoreductase	-
CDS	294447	296645	2199	paoC	PaoABC aldehyde oxidoreductase, Moco-containing subunit	-
CDS	296642	297598	957	paoB	PaoABC aldehyde oxidoreductase, FAD-containing subunit	-
CDS	297595	298284	690	paoA	PaoABC aldehyde oxidoreductase, 2Fe-2S subunit	-
CDS	298702	299316	615	yagU	DUF1440 family inner membrane protein	+
CDS	299564	299893	330	ykgJ	UPF0153 cysteine cluster protein	-
CDS	300206	300916	711	ecpE	ECP production pilus chaperone	-
CDS	300885	302528	1644	ecpD	polymerized tip adhesin of ECP fibers	-
CDS	302518	305043	2526	ecpC	ECP production outer membrane protein	-
CDS	305069	305737	669	ecpB	ECP production pilus chaperone	-
CDS	305795	306382	588	ecpA	ECP pilin	-
CDS	306457	307047	591	ecpR	putative transcriptional regulator for the ecp operon	-
CDS	307823	308050	228	ykgL	uncharacterized protein	+
CDS	308085	308225	141	ykgO	RpmJ-like protein	-
CDS	308225	308488	264	ykgM	50S ribosomal protein L31 type B; alternative L31 utilized during zinc limitation	-
CDS	308852	308953	102	ykgR	uncharacterized protein	-
CDS	309427	309516	90	ykgP	pseudogene, oxidoreductase family	-
CDS	310068	310939	872	eaeH	pseudogene, attaching and effacing protein homology;factor; Not classified	+
CDS	311002	311301	300	insE1	IS3 transposase A	+
CDS	311298	312164	867	insF1	IS3 transposase B	+
CDS	312197	312880	684	ykgA	pseudogene, AraC family;putative regulator; Not classified; putative ARAC-type regulatory protein	-
CDS	313150	313278	129	ykgQ	pseudogene, putative dehydrogenase	+
CDS	313437	314030	594	rclC	reactive chlorine species (RCS) stress resistance inner membrane protein	-
CDS	314042	314278	237	rclB	reactive chlorine species (RCS) stress resistance periplasmic protein	-
CDS	314387	315712	1326	rclA	reactive chlorine stress species (RCS) resistance protein; pyridine nucleotide-dependent disulfide oxidoreductase family	-
mobile_element	315229	316483	1255		insertion sequence:IS3A	+
CDS	315938	316792	855	rclR	reactive chlorine species (RCS)-specific activator of the rcl genes	+
CDS	317319	318038	720	ykgE	cysteine-rich LutA family protein; putative electron transport chain YkgEFG component	+
CDS	318049	319476	1428	ykgF	ferridoxin-like LutB family protein; putative electron transport chain YkgEFG component	+
CDS	319469	320164	696	ykgG	LutC family protein; putative electron transport chain YkgEFG component	+
CDS	320407	321075	669	ykgH	putative inner membrane protein	-
CDS	321288	322958	1671	betA	choline dehydrogenase, a flavoprotein	-
CDS	322972	324444	1473	betB	betaine aldehyde dehydrogenase, NAD-dependent	-
CDS	324458	325045	588	betI	choline-inducible betIBA-betT divergent operon transcriptional repressor	-
CDS	325174	327207	2034	betT	choline transporter of high affinity	+
CDS	328082	329170	1089	yahA	c-di-GMP-specific phosphodiesterase	+
CDS	329212	330144	933	yahB	putative DNA-bindng transcriptional regulator	-
CDS	330236	330733	498	yahC	putative inner membrane protein	-
CDS	330991	331596	606	yahD	ankyrin repeat protein	+
CDS	331636	332499	864	yahE	DUF2877 family protein	+
CDS	332489	334036	1548	yahF	putative NAD(P)-binding succinyl-CoA synthase	+
CDS	334036	335454	1419	yahG	DUF1116 family protein	+
CDS	335876	336826	951	yahI	carbamate kinase-like protein	+
CDS	336836	338218	1383	yahJ	putative metallo-dependent hydrolase domain deaminase	+
CDS	338595	339644	1050	yahK	aldehyde reductase, NADPH-dependent, Zn-containing, broad specificity	+
CDS	339887	340702	816	yahL	uncharacterized protein	+
CDS	341115	341360	246	yahM	uncharacterized protein	+
CDS	341377	342048	672	yahN	amino acid exporter for proline, lysine, glutamate, homoserine	-
CDS	342195	342470	276	yahO	periplasmic protein, function unknown, YhcN family	+
CDS	342568	344154	1587	prpR	propionate catabolism operon regulatory protein	-
CDS	344393	345283	891	prpB	2-methylisocitrate lyase	+
CDS	345723	346892	1170	prpC	2-methylcitrate synthase	+
CDS	346926	348377	1452	prpD	2-methylcitrate dehydratase	+
CDS	348417	350303	1887	prpE	propionate--CoA ligase	+
CDS	350633	351892	1260	codB	cytosine transporter	+
CDS	351882	353165	1284	codA	cytosine/isoguanine deaminase	+
CDS	353502	354401	900	cynR	transcriptional activator of cyn operon; autorepressor	-
CDS	354510	355169	660	cynT	carbonic anhydrase	+
CDS	355200	355670	471	cynS	cyanate aminohydrolase	+
CDS	355703	356857	1155	cynX	putative cyanate transporter	+
CDS	356960	357571	612	lacA	thiogalactoside acetyltransferase	-
CDS	357637	358890	1254	lacY	lactose permease	-
CDS	358942	360066	1125	lacZ	pseudogene, truncated	-
CDS	360661	361743	1083	lacI	DNA-binding transcriptional repressor	-
CDS	361820	362653	834	mhpR	mhp operon transcriptional activator	-
CDS	362844	364508	1665	mhpA	3-(3-hydroxyphenyl)propionate hydroxylase	+
CDS	364510	365454	945	mhpB	2,3-dihydroxyphenylpropionate 1,2-dioxygenase	+
CDS	365457	365990	534	mhpC	pseudogene, IS30 insertion	+
mobile_element	365991	367213	1223		insertion sequence:IS30	+
CDS	367571	368380	810	mhpD	2-keto-4-pentenoate hydratase	+
CDS	368377	369327	951	mhpF	acetaldehyde-CoA dehydrogenase II, NAD-binding	+
CDS	369324	370337	1014	mhpE	4-hyroxy-2-oxovalerate/4-hydroxy-2-oxopentanoic acid aldolase, class I	+
CDS	370915	372126	1212	mhpT	3-hydroxyphenylpropionic transporter	+
CDS	372228	372767	540	yaiL	DUF2058 family protein	+
CDS	372991	373824	834	frmB	S-formylglutathione hydrolase	-
CDS	373918	375027	1110	frmA	alcohol dehydrogenase class III/glutathione-dependent formaldehyde dehydrogenase	-
CDS	375062	375337	276	frmR	regulator protein that represses frmRAB operon	-
CDS	375525	376298	774	yaiO	outer membrane protein	-
CDS	376807	377172	366	insC1	IS2 repressor TnpA	+
CDS	377130	378035	906	insD1	IS2 transposase TnpB	+
CDS	378047	378328	282	yaiX	pseudogene, interrupted by IS2A, acetyltransferase homolog; nonfunctional; interruped by IS2; putative transferase	-
CDS	378195	379391	1197	yaiP	putative family 2 glycosyltransferase	-
CDS	379515	380072	558	yaiS	putative PIG-L family deacetylase	-
CDS	380688	381650	963	tauA	taurine transporter subunit	+
mobile_element	381260	382590	1331		insertion sequence:IS2A	+
CDS	381663	382430	768	tauB	taurine transporter subunit	+
CDS	382427	383254	828	tauC	taurine transporter subunit	+
CDS	383251	384102	852	tauD	taurine dioxygenase, 2-oxoglutarate-dependent	+
CDS	384209	385183	975	hemB	5-aminolevulinate dehydratase (porphobilinogen synthase)	-
CDS	385707	387164	1458	yaiT	pseudogene, autotransporter family;putative structure; Not classified; interrupted by IS3; putative flagellin structural protein	+
mobile_element	387165	388422	1258		insertion sequence:IS3B	-
CDS	387195	388061	867	insF1	IS3 transposase B	-
CDS	388058	388357	300	insE1	IS3 transposase A	-
CDS	389962	390585	624	yaiV	putative transcriptional regulator	+
CDS	390586	391743	1158	ampH	D-alanyl-D-alanine- carboxypeptidase/endopeptidase; penicillin-binding protein; weak beta-lactamase	-
CDS	392095	393315	1221	sbmA	microcin B17 transporter	+
CDS	393328	394422	1095	yaiW	putative lipoprotein	+
CDS	394481	394789	309	yaiY	DUF2755 family inner membrane protein	-
CDS	395049	395261	213	yaiZ	DUF2754 family putative inner membrane protein	+
CDS	395285	396379	1095	ddlA	D-alanine-D-alanine ligase A	-
CDS	396842	397102	261	iraP	anti-RssB factor, RpoS stabilzer during Pi starvation; anti-adapter protein	+
CDS	397203	398618	1416	phoA	bacterial alkaline phosphatase	+
CDS	398737	399057	321	psiF	PsiF family protein	+
CDS	399159	400274	1116	yaiC	diguanylate cyclase, cellulose regualtor	+
CDS	400291	401100	810	proC	pyrroline-5-carboxylate reductase, NAD(P)-binding	-
CDS	401220	401678	459	yaiI	UPF0178 family protein	+
CDS	401861	402385	525	aroL	shikimate kinase II	+
CDS	402435	402626	192	yaiA	OxyR-regulated conserved protein	+
CDS	402884	403561	678	aroM	AroM family protein	+
CDS	403633	403917	285	yaiE	UPF0345 family protein	+
CDS	404065	404406	342	ykiA	pseudogene	+
CDS	404564	405475	912	rdgC	nucleoid-associated ssDNA and dsDNA binding protein; competitive inhibitor of RecA function	-
CDS	405600	406508	909	mak	manno(fructo)kinase	+
CDS	406753	407937	1185	araJ	arabinose-inducible putative transporter, MFS family	-
CDS	408063	411209	3147	sbcC	exonuclease, dsDNA, ATP-dependent	-
CDS	411206	412408	1203	sbcD	exonuclease, dsDNA, ATP-dependent	-
CDS	412598	413287	690	phoB	response regulator in two-component regulatory system with PhoR (or CreC)	+
CDS	413345	414640	1296	phoR	sensory histidine kinase in two-component regulatory system with PhoB	+
CDS	415047	416366	1320	brnQ	branched-chain amino acid transport system 2 carrier protein; LIV-II transport system for Ile, Leu, and Val	+
CDS	416442	417815	1374	proY	proline-specific permease	+
CDS	417974	419788	1815	malZ	maltodextrin glucosidase	+
CDS	419793	420374	582	acpH	acyl carrier protein (ACP) phosphodiesterase; ACP hydrolyase	-
CDS	420467	421537	1071	queA	S-adenosylmethionine:tRNA ribosyltransferase-isomerase	+
CDS	421593	422720	1128	tgt	tRNA-guanine transglycosylase	+
CDS	422743	423075	333	yajC	SecYEG protein translocase auxillary subunit	+
CDS	423103	424950	1848	secD	SecYEG protein translocase auxillary subunit	+
CDS	424961	425932	972	secF	SecYEG protein translocase auxillary subunit	+
CDS	426061	426408	348	yajD	HNH nuclease family protein	+
CDS	426585	427469	885	tsx	nucleoside channel, receptor of phage T6 and colicin K	-
CDS	427768	428307	540	yajI	putative lipoprotein	-
CDS	428458	428907	450	nrdR	Nrd regulon repressor	+
CDS	428911	430014	1104	ribD	fused diaminohydroxyphosphoribosylaminopyrimidine deaminase and 5-amino-6-(5-phosphoribosylamino) uracil reductase	+
CDS	430103	430573	471	ribE	riboflavin synthase beta chain	+
CDS	430593	431012	420	nusB	transcription antitermination protein	+
CDS	431090	432067	978	thiL	thiamine monophosphate kinase	+
CDS	432045	432563	519	pgpA	phosphatidylglycerophosphatase A	+
CDS	432617	433591	975	yajO	2-carboxybenzaldehyde reductase	-
CDS	433771	435633	1863	dxs	1-deoxyxylulose-5-phosphate synthase, thiamine triphosphate-binding, FAD-requiring	-
CDS	435658	436557	900	ispA	geranyltranstransferase	-
CDS	436557	436799	243	xseB	exonuclease VII small subunit	-
CDS	437005	438453	1449	thiI	tRNA s(4)U8 sulfurtransferase	+
CDS	438507	439097	591	yajL	oxidative-stress-resistance chaperone	-
CDS	439060	439971	912	panE	2-dehydropantoate reductase, NADPH-specific	-
CDS	440139	440630	492	yajQ	phage Phi6 host factor, ATP/GTP binding protein	+
CDS	440758	442122	1365	yajR	putative transporter	-
CDS	442271	443161	891	cyoE	protoheme IX farnesyltransferase	-
CDS	443173	443502	330	cyoD	cytochrome o ubiquinol oxidase subunit IV	-
CDS	443502	444116	615	cyoC	cytochrome o ubiquinol oxidase subunit III	-
CDS	444106	446097	1992	cyoB	cytochrome o ubiquinol oxidase subunit I	-
CDS	446119	447066	948	cyoA	cytochrome o ubiquinol oxidase subunit II	-
CDS	447526	449001	1476	ampG	muropeptide transporter	-
CDS	449045	449623	579	yajG	putative lipoprotein	-
CDS	449928	450245	318	bolA	stationary-phase morphogene, transcriptional repressor for mreB; also regulator for dacA, dacC, and ampC	+
CDS	450589	451887	1299	tig	peptidyl-prolyl cis/trans isomerase (trigger factor)	+
CDS	452133	452756	624	clpP	proteolytic subunit of ClpA-ClpP and ClpX-ClpP ATP-dependent serine proteases	+
CDS	452882	454156	1275	clpX	ATPase and specificity subunit of ClpX-ClpP ATP-dependent serine protease	+
CDS	454344	456698	2355	lon	DNA-binding ATP-dependent protease La	+
CDS	456907	457179	273	hupB	HU, DNA-binding transcriptional regulator, beta subunit	+
CDS	457371	459242	1872	ppiD	periplasmic folding chaperone, has an inactive PPIase domain	+
CDS	459393	459764	372	ybaV	putative competence-suppressing periplasmic helix-hairpin-helix DNA-binding protein	+
CDS	459858	460256	399	fadM	long-chain acyl-CoA thioesterase III	+
CDS	460308	461003	696	queC	7-cyano-7-deazaguanine (preQ0) synthase; queuosine biosynthesis	-
CDS	461068	462768	1701	ybaE	putative ABC superfamily transporter periplasmic-binding protein	-
CDS	462868	463686	819	cof	thiamine pyrimidine pyrophosphate hydrolase; HMP-PP phosphatase	+
CDS	463839	464297	459	ybaO	putative DNA-binding transcriptional regulator	+
CDS	464327	466099	1773	mdlA	putative multidrug transporter subunit of ABC superfamily, ATP-binding component	+
CDS	466092	467873	1782	mdlB	putative multidrug transporter subunit of ABC superfamily, ATP-binding component	+
CDS	468054	468392	339	glnK	nitrogen assimilation regulatory protein for GlnL, GlnE, and AmtB	+
CDS	468422	469708	1287	amtB	ammonium transporter	+
CDS	469757	470617	861	tesB	acyl-CoA thioesterase 2	-
CDS	470835	471407	573	ybaY	outer membrane lipoprotein	+
CDS	471438	471827	390	ybaZ	excision repair protein, alkyltransferase-like protein ATL	-
CDS	472128	472481	354	ybaA	DUF1428 family protein	+
CDS	472523	474073	1551	ylaB	putative membrane-anchored cyclic-di-GMP phosphodiesterase	-
CDS	474237	474707	471	ylaC	DUF1449 family inner membrane protein	-
CDS	474823	475374	552	maa	maltose O-acetyltransferase	-
CDS	475546	475764	219	hha	modulator of gene expression, with H-NS	-
CDS	475790	476164	375	tomB	Hha toxicity attenuator; conjugation-related protein	-
CDS	476710	479859	3150	acrB	multidrug efflux system protein	-
CDS	479882	481075	1194	acrA	multidrug efflux system	-
CDS	481217	481864	648	acrR	transcriptional repressor	+
CDS	481992	485354	3363	mscK	mechanosensitive channel protein, intermediate conductance, K+ regulated	+
CDS	485566	485727	162	ybaM	DUF2496 family protein	-
CDS	485741	486268	528	priC	primosomal replication protein N''	-
CDS	486338	486715	378	ybaN	DUF454 family inner membrane protein	+
CDS	486868	487419	552	apt	adenine phosphoribosyltransferase	+
CDS	487548	489479	1932	dnaX	DNA polymerase III/DNA elongation factor III, tau and gamma subunits	+
CDS	489532	489861	330	ybaB	DNA-binding protein, putative nucleoid-associated protein	+
CDS	489861	490466	606	recR	gap repair protein	+
CDS	490576	492450	1875	htpG	protein refolding molecular co-chaperone Hsp90, Hsp70-dependent; heat-shock protein; ATPase	+
CDS	492631	493275	645	adk	adenylate kinase	+
CDS	493511	494473	963	hemH	ferrochelatase	+
CDS	494470	495429	960	aes	acetyl esterase	-
CDS	495581	496885	1305	gsk	inosine/guanosine kinase	+
CDS	497018	498694	1677	ybaL	inner membrane putative NAD(P)-binding transporter	-
CDS	498932	500152	1221	fsr	putative fosmidomycin efflux system protein	-
CDS	500370	502022	1653	ushA	bifunctional UDP-sugar hydrolase/5'-nucleotidase	+
CDS	502059	502538	480	ybaK	Cys-tRNA(Pro)/Cys-tRNA(Cys) deacylase	-
CDS	502742	503536	795	ybaP	TraB family protein	-
CDS	503674	504015	342	ybaQ	putative DNA-binding transcriptional regulator	+
CDS	504331	506835	2505	copA	copper transporter	-
CDS	507097	508029	933	glsA	glutaminase 1	+
CDS	508032	509324	1293	ybaT	putative amino acid transporter	+
CDS	509449	509856	408	cueR	copper-responsive regulon transcriptional regulator	+
CDS	509857	510315	459	ybbJ	inner membrane protein that stimulates the ftsH htpX mutant suppressor activity of QmcA	-
CDS	510312	511229	918	qmcA	PHB domain membrane-anchored putative protease	-
CDS	511375	512052	678	fetA	iron exporter, ATP-binding subunit, ABC transporter FetAB subunit; peroxide resistance protein	+
CDS	512039	512818	780	fetB	iron exporter permease subunit, ABC transporter FetAB; peroxide resistance protein	+
CDS	512881	513735	855	ybbN	DnaK co-chaperone, thioredoxin-like protein	-
CDS	513796	514605	810	ybbO	putative oxidoreductase	-
CDS	514595	515221	627	tesA	multifunctional acyl-CoA thioesterase 1; protease I; lysophospholipase L1	-
CDS	515189	515875	687	ybbA	putative ABC superfamily transporter ATP-binding subunit	+
CDS	515872	518286	2415	ybbP	putative ABC transporter permease	+
CDS	518717	522997	4281	rhsD	Rhs family putative polymorphic toxin	+
CDS	523037	523405	369	ybbC	putative immunity protein	+
CDS	523408	524115	708	rhsH	pseudogene, Rhs familly protein	+
CDS	524096	524586	491	ybbD	pseudogene	+
CDS	524956	525048	93	ylbI	pseudogene, Rhs family protein	+
CDS	525116	525472	357		pseudogene, DNA-binding transcriptional regulator homology	-
CDS	525588	526682	1095	mnmH	tRNA 2-selenouridine synthase, selenophosphate-dependent	-
CDS	526751	527677	927	allS	allD operon transcriptional activator	-
CDS	527907	528389	483	allA	ureidoglycolate lyase, releasing urea	+
CDS	528467	529282	816	allR	transcriptional repressor of all and gcl operons; glyoxylate-induced	+
CDS	529372	531153	1782	gcl	glyoxylate carboligase	+
CDS	531166	531942	777	hyi	hydroxypyruvate isomerase	+
CDS	532042	532920	879	glxR	tartronate semialdehyde reductase, NADH-dependent	+
CDS	533089	534543	1455	ybbW	putative allantoin transporter	+
CDS	534603	535964	1362	allB	allantoinase	+
CDS	536021	537322	1302	ybbY	putative uracil/xanthine transporter	+
CDS	537344	538489	1146	glxK	glycerate kinase II	+
CDS	538717	539502	786	allE	S-ureidoglycine aminohydrolase	-
CDS	539513	540748	1236	allC	allantoate amidohydrolase	-
CDS	540770	541819	1050	allD	ureidoglycolate dehydrogenase	-
CDS	542136	543803	1668	fdrA	putative NAD(P)-binding acyl-CoA synthetase	+
CDS	543813	545072	1260	ylbE	NO-induced DUF1116 protein	+
CDS	545083	545898	816	ylbF	putative anaerobic allantoin catabolic oxamate carbamoyltransferase; DUF2877 family protein	+
CDS	545895	546788	894	ybcF	putative carbonate kinase	+
CDS	546983	548050	1068	purK	N5-carboxyaminoimidazole ribonucleotide synthase	-
CDS	548047	548556	510	purE	N5-carboxyaminoimidazole ribonucleotide mutase	-
CDS	548674	549396	723	lpxH	UDP-2,3-diacylglucosamine pyrophosphohydrolase	-
CDS	549399	549893	495	ppiB	peptidyl-prolyl cis-trans isomerase B (rotamase B)	-
CDS	550067	551452	1386	cysS	cysteinyl-tRNA synthetase	+
CDS	551488	552009	522	ybcI	DUF457 family inner membrane protein	-
CDS	552117	552329	213	ybcJ	ribosome-associated protein; putative RNA-binding protein	-
CDS	552331	553197	867	folD	bifunctional 5,10-methylene-tetrahydrofolate dehydrogenase/ 5,10-methylene-tetrahydrofolate cyclohydrolase	-
CDS	553668	554210	543	sfmA	FimA homolog	+
CDS	554430	555122	693	sfmC	putative periplasmic pilus chaperone	+
CDS	555153	557756	2604	sfmD	putative outer membrane export usher protein	+
CDS	557792	558775	984	sfmH	FimA homolog	+
CDS	558786	559301	516	sfmF	FimA homolog	+
CDS	559304	559936	633	sfmZ	response regulator family protein	-
CDS	560271	561434	1164	intD	DLP12 prophage; putative phage integrase	-
CDS	561314	561535	222	xisD	pseudogene, exisionase in defective prophage DLP12;Phage or Prophage Related	-
CDS	561554	561832	279	exoD	pseudogene, DLP12 prophage; phage-type exonuclease family;Phage or Prophage Related	-
CDS	561832	562143	312	peaD	pseudogene; DLP12 prophage; replication protein family;Phage or Prophage Related	+
CDS	562140	562232	93	renD	pseudogene, DLP12 prophage;Phage or Prophage Related	+
CDS	562298	562597	300	insE1	IS3 transposase A	+
CDS	562594	563460	867	insF1	IS3 transposase B	+
CDS	563771	564103	333	emrE	DLP12 prophage; multidrug resistance protein	+
CDS	564358	565884	1527	ybcK	DLP12 prophage; putative recombinase	+
CDS	566349	566900	552	ybcL	inactive polymorphonuclear leukocyte migration suppressor; DLP12 prophage; secreted protein, UPF0098 family	+
mobile_element	566777	568034	1258		insertion sequence:IS3C	+
CDS	566910	567707	798	ybcM	DLP12 prophage; putative DNA-binding transcriptional regulator	+
CDS	567824	567925	102	ylcH	uncharacterized protein, DLP12 prophage	+
CDS	567922	568377	456	ybcN	DLP12 prophage; uncharacterized protein	+
CDS	568377	568547	171	ninE	DLP12 prophage; conserved protein	+
CDS	568540	568830	291	ybcO	DLP12 prophage; uncharacterized protein	+
CDS	568827	569189	363	rusA	DLP12 prophage; endonuclease RUS	+
CDS	569186	569326	141	ylcG	uncharacterized protein, DLP12 prophage	+
CDS	569412	569795	384	quuD	DLP12 prophage; putative antitermination protein	+
mobile_element	570047	571241	1195		insertion sequence:IS5B	-
CDS	570193	571209	1017	insH1	IS5 transposase and trans-activator	-
CDS	571242	572281	1040	nmpC	DLP12 prophage; truncated outer membrane porin (pseudogene);IS, phage, Tn; Phage or Prophage Related; outer membrane porin protein; locus of qsr prophage	-
CDS	572854	573069	216	essD	DLP12 prophage; putative phage lysis protein	+
CDS	573069	573566	498	rrrD	DLP12 prophage; putative lysozyme	+
CDS	573563	574024	462	rzpD	DLP12 prophage; putative murein endopeptidase	+
CDS	573783	573965	183	rzoD	DLP12 prophage; putative lipoprotein	+
CDS	574056	574349	294	borD	DLP12 prophage; putative lipoprotein	-
CDS	574640	575050	411	ybcV	DLP12 prophage; uncharacterized protein	-
CDS	575336	575542	207	ybcW	DLP12 prophage; uncharacterized protein	+
CDS	575707	575901	195	ylcI	DUF3950 family protein, DLP12 prophage	-
CDS	576290	576835	546	nohD	DLP12 prophage; DNA packaging protein	+
CDS	576810	577118	309	aaaD	pseudogene; DLP12 prophage; tail fiber assembly protein family;Phage or Prophage Related	+
CDS	577116	577553	438	tfaD	pseudogene, DLP12 prophage; tail fiber assembly protein family;Phage or Prophage Related	+
CDS	578259	578262	4		pseudogene, DLP12 prophage; methyltransferase homology;Phage or Prophage Related	-
CDS	578409	578591	183	tfaX	pseudogene, DLP12 prophage;Phage or Prophage Related	+
CDS	579137	579886	750	appY	global transcriptional activator; DLP12 prophage	+
CDS	580136	581089	954	ompT	DLP12 prophage; outer membrane protease VII (outer membrane protein 3b)	-
CDS	581603	582364	762	envY	porin thermoregulatory transcriptional activator	-
CDS	582547	583437	891	ybcH	PRK09936 family protein	-
CDS	583438	586410	2973	nfrA	bacteriophage N4 receptor, outer membrane subunit	-
CDS	586397	588634	2238	nfrB	bacteriophage N4 receptor, inner membrane subunit	-
CDS	588784	590226	1443	cusS	sensory histidine kinase in two-component regulatory system with CusR, senses copper ions	-
CDS	590216	590899	684	cusR	response regulator in two-component regulatory system with CusS	-
CDS	591056	592429	1374	cusC	copper/silver efflux system, outer membrane component	+
CDS	592587	592919	333	cusF	periplasmic copper- and silver-binding protein	+
CDS	592935	594158	1224	cusB	copper/silver efflux system, membrane fusion protein	+
CDS	594170	597313	3144	cusA	copper/silver efflux system, membrane component	+
CDS	597415	598791	1377	pheP	phenylalanine transporter	+
CDS	598872	600119	1248	ybdG	mechanosensitive channel protein, miniconductance	-
CDS	600227	600880	654	nfsB	dihydropteridine reductase, NAD(P)H-dependent, oxygen-insensitive	-
CDS	600974	601342	369	ybdF	DUF419 family protein	-
CDS	601407	601655	249	ybdJ	DUF1158 family putative inner membrane protein	-
CDS	601721	602839	1119	ybdK	weak gamma-glutamyl:cysteine ligase	-
CDS	603292	603444	153	hokE	toxic polypeptide, small	+
CDS	603521	604633	1113	insL1	IS186 transposase	+
CDS	604915	605535	621	entD	phosphopantetheinyltransferase component of enterobactin synthase multienzyme complex	-
CDS	605710	607950	2241	fepA	iron-enterobactin outer membrane transporter	-
mobile_element	608007	609351	1345		insertion sequence:IS186B	+
CDS	608193	609395	1203	fes	enterobactin/ferric enterobactin esterase	+
CDS	609398	609616	219	ybdZ	stimulator of EntF adenylation activity, MbtH-like	+
CDS	609613	613494	3882	entF	enterobactin synthase multienzyme complex component, ATP-dependent	+
CDS	613710	614843	1134	fepE	regulator of length of O-antigen component of lipopolysaccharide chains	+
CDS	614840	615655	816	fepC	iron-enterobactin transporter subunit	-
CDS	615652	616644	993	fepG	iron-enterobactin transporter subunit	-
CDS	616641	617645	1005	fepD	iron-enterobactin transporter subunit	-
CDS	617756	619006	1251	entS	enterobactin exporter, iron-regulated	+
CDS	619010	619966	957	fepB	iron-enterobactin transporter subunit	-
CDS	620341	621516	1176	entC	isochorismate synthase 1	+
CDS	621526	623136	1611	entE	2,3-dihydroxybenzoate-AMP ligase component of enterobactin synthase multienzyme complex	+
CDS	623150	624007	858	entB	isochorismatase	+
CDS	624007	624753	747	entA	2,3-dihydro-2,3-dihydroxybenzoate dehydrogenase	+
CDS	624756	625169	414	entH	enterobactin synthesis proofreading thioesterase	+
CDS	625350	627455	2106	cstA	carbon starvation protein involved in peptide utilization; APC peptide transporter family protein	+
CDS	627638	627835	198	ybdD	DUF466 family protein	+
CDS	627845	628933	1089	ybdH	putative oxidoreductase	-
CDS	629042	630202	1161	ybdL	methionine aminotransferase, PLP-dependent	+
CDS	630203	630832	630	ybdM	Spo0J family protein, ParB-like nuclease domain	-
CDS	630805	632025	1221	ybdN	PAPS reductase-like domain protein	-
CDS	632172	633074	903	ybdO	putative DNA-binding transcriptional regulator	-
CDS	633283	634029	747	dsbG	thiol:disulfide interchange protein, periplasmic	-
CDS	634401	634964	564	ahpC	alkyl hydroperoxide reductase, C22 subunit	+
CDS	635209	636774	1566	ahpF	alkyl hydroperoxide reductase, F52a subunit, FAD/NAD(P)-binding	+
CDS	636895	637323	429	uspG	universal stress protein UP12	-
CDS	637544	638782	1239	ybdR	putative Zn-dependent NAD(P)-binding oxidoreductase	+
CDS	639013	639423	411	rnk	regulator of nucleoside diphosphate kinase	-
CDS	639653	640459	807	rna	ribonuclease I	-
CDS	640573	642036	1464	citT	citrate:succinate antiporter	-
CDS	642087	642965	879	citG	2-(5''-triphosphoribosyl)-3'-dephosphocoenzyme-A synthase	-
CDS	642940	643491	552	citX	apo-citrate lyase phosphoribosyl-dephospho-CoA transferase	-
CDS	643495	645027	1533	citF	citrate lyase, citrate-ACP transferase (alpha) subunit	-
CDS	645038	645946	909	citE	citrate lyase, citryl-ACP lyase (beta) subunit	-
CDS	645943	646239	297	citD	citrate lyase, acyl carrier (gamma) subunit	-
CDS	646254	647312	1059	citC	[citrate [pro-3S]-lyase] ligase	-
CDS	647691	649349	1659	citA	sensory histidine kinase in two-component regulatory system with CitB	+
CDS	649318	649998	681	citB	response regulator in two-component regulatory system with CitA	+
CDS	650039	651424	1386	dcuC	anaerobic C4-dicarboxylate transport	-
CDS	652013	652573	561	pagP	phospholipid:lipid A palmitoyltransferase	+
CDS	652748	652957	210	cspE	constitutive cold shock family transcription antitermination protein; negative regulator of cspA transcription; RNA melting protein; ssDNA-binding protein	+
CDS	653011	653394	384	flc	fluoride efflux channel, dual topology membrane protein	-
CDS	653487	653681	195		pseudogene, C-N hydrolase superfamily homology;putative enzyme; Not classified; putative amidase	+
CDS	654403	654606	204	tatE	TatABCE protein translocation system subunit	+
CDS	654707	655672	966	lipA	lipoate synthase	-
CDS	655881	656834	954	ybeF	LysR family putative transcriptional regulator	-
CDS	657093	657734	642	lipB	octanoyltransferase; octanoyl-[ACP]:protein N-octanoyltransferase	-
CDS	657835	658098	264	ybeD	UPF0250 family protein	-
CDS	658208	659419	1212	dacA	D-alanyl-D-alanine carboxypeptidase (penicillin-binding protein 5)	-
CDS	659558	660646	1089	rlpA	septal ring protein, suppressor of prc, minor lipoprotein	-
CDS	660657	661769	1113	mrdB	cell wall shape-determining protein	-
CDS	661772	663673	1902	mrdA	transpeptidase involved in peptidoglycan synthesis (penicillin-binding protein 2)	-
CDS	663704	664171	468	rlmH	23S rRNA m(3)Psi1915 pseudouridine methyltransferase, SAM-dependent	-
CDS	664175	664492	318	rsfS	ribosomal silencing factor	-
CDS	664752	665363	612	cobC	putative alpha-ribazole-5'-P phosphatase	-
CDS	665387	666028	642	nadD	nicotinic acid mononucleotide adenylyltransferase, NAD(P)-dependent	-
CDS	666030	667061	1032	holA	DNA polymerase III, delta subunit	-
CDS	667061	667642	582	lptE	LPS assembly OM complex LptDE, lipoprotein component	-
CDS	667657	670239	2583	leuS	leucyl-tRNA synthetase	-
CDS	670474	670956	483	ybeL	DUF1451 family protein	+
CDS	671026	672003	978	ybeQ	Sel1 family TPR-like repeat protein	-
CDS	672167	672874	708	ybeR	uncharacterized protein	+
CDS	672871	674298	1428	djlB	putative HscC co-chaperone, uncharacterized J domain-containing protein	+
CDS	674308	674862	555	ybeT	Sel1 family TPR-like repeat protein	-
CDS	674964	675671	708	ybeU	DUF1266 family protein	+
CDS	675668	677119	1452	djlC	J domain-containing HscC co-chaperone; Hsc56	+
CDS	677179	678849	1671	hscC	Hsp70 family chaperone Hsc62, binds to RpoD and inhibits transcription	-
CDS	678933	679868	936	rihA	ribonucleoside hydrolase 1	-
CDS	679986	680711	726	gltL	glutamate, aspartate ABC transporter ATP-binding subunit	-
CDS	680711	681385	675	gltK	glutamate, aspartate ABC transporter permease subunit	-
CDS	681385	682125	741	gltJ	glutamate, aspartate ABC transporter permease subunit	-
CDS	682295	683203	909	gltI	glutamate, aspartate binding protein, periplasmic; part of GltJKLI ABC transporter	-
mobile_element	683307	684501	1195		insertion sequence:IS5D	-
CDS	683453	684469	1017	insH1	IS5 transposase and trans-activator	-
CDS	684799	686337	1539	lnt	apolipoprotein N-acyltransferase	-
CDS	686362	687240	879	ybeX	putative ion transport	-
CDS	687330	687797	468	ybeY	ssRNA-specific endoribonuclease; co-endoribonuclease working with RNase R in 16S rRNA 3' end maturation and quality control; rRNA transcription antitermination factor	-
CDS	687794	688834	1041	ybeZ	PhoH-like heat shock protein	-
CDS	688987	690411	1425	miaB	tRNA-i(6)A37 methylthiotransferase	-
CDS	690557	691732	1176	ubiF	2-octaprenyl-3-methyl-6-methoxy-1,4-benzoquinol oxygenase	+
CDS	692969	694633	1665	asnB	asparagine synthetase B	-
CDS	695030	695782	753	umpH	UMP phosphatase	-
CDS	695830	697050	1221	nagC	N-acetylglucosamine-inducible nag divergent operon transcriptional repressor	-
CDS	697059	698207	1149	nagA	N-acetylglucosamine-6-phosphate deacetylase	-
CDS	698267	699067	801	nagB	glucosamine-6-phosphate deaminase	-
CDS	699400	701346	1947	nagE	fused N-acetyl glucosamine specific PTS enzyme: IIC, IIB, and IIA components	+
CDS	701549	703213	1665	glnS	glutamyl-tRNA synthetase	+
CDS	703790	705196	1407	chiP	chitoporin, uptake of chitosugars	+
CDS	705246	705572	327	chiQ	chitosugar-induced verified lipoprotein	+
CDS	705656	706102	447	fur	ferric iron uptake regulon transcriptional repressor; autorepressor	-
CDS	706095	706181	87	uof	ryhB-regulated fur leader peptide	-
CDS	706391	706921	531	fldA	flavodoxin 1	-
CDS	707061	707354	294	ybfE	LexA-regulated protein, CopB family	-
CDS	707494	708258	765	ybfF	acyl-CoA esterase	-
CDS	708443	708988	546	seqA	negative modulator of initiation of replication	+
CDS	709014	710654	1641	pgm	phosphoglucomutase	+
CDS	710868	711362	495	ybfP	lipoprotein	+
CDS	711403	712053	651	ybfG	pseudogene	-
CDS	712177	712326	150	ybfI	pseudogene	-
CDS	712402	713721	1320	potE	putrescine/proton symporter: putrescine/ornithine antiporter	-
CDS	713718	715916	2199	speF	ornithine decarboxylase isozyme, inducible	-
CDS	716039	716296	258	ybfK	uncharacterized protein	+
CDS	716512	717189	678	kdpE	response regulator in two-component regulatory system with KdpD	-
CDS	717186	719870	2685	kdpD	fused sensory histidine kinase in two-component regulatory system with KdpE: signal sensing protein	-
CDS	719863	720435	573	kdpC	potassium translocating ATPase, subunit C	-
CDS	720444	722492	2049	kdpB	potassium translocating ATPase, subunit B	-
CDS	722515	724188	1674	kdpA	potassium translocating ATPase, subunit A	-
CDS	724188	724277	90	kdpF	potassium ion accessory transporter subunit	-
CDS	724590	724796	207	ybfA	DUF2517 family protein	+
CDS	725039	729232	4194	rhsC	Rhs family putative polymorphic toxin	+
CDS	729232	729558	327	ybfB	putative membrane protein	+
CDS	729589	731109	1521	rhsO	pseudogene, Rhs family protein	+
CDS	731106	731675	570	ybfC	putative periplasmic protein	+
CDS	731901	732140	240	ybfQ	pseudogene, H repeat-associated protein	+
CDS	732281	733417	1137	ybfL	pseudogene, DDE domain transposase family;putative factor; Not classified; putative receptor protein	+
CDS	733548	734309	762	ybfD	H repeat-associated putative transposase	+
CDS	734457	734966	510	ybgA	DUF1722 family protein	+
CDS	734963	736381	1419	phr	deoxyribodipyrimidine photolyase, FAD-binding	+
CDS	736531	738012	1482	dtpD	dipeptide and tripeptide permease D	-
CDS	738283	739026	744	ybgI	NIF3 family metal-binding protein	+
CDS	739049	739705	657	ybgJ	putative allophanate hydrolase, subunit 1	+
CDS	739699	740631	933	ybgK	putative allophanate hydrolase, subunit 2	+
CDS	740621	741355	735	ybgL	UPF0271 family protein	+
CDS	741391	742182	792	nei	endonuclease VIII/ 5-formyluracil/5-hydroxymethyluracil DNA glycosylase	+
CDS	742179	743225	1047	abrB	regulator of aidB expression; inner membrane protein	-
CDS	743377	744438	1062	ybgO	putative fimbrial protein	-
CDS	744435	745163	729	ybgP	putative periplasmic pilin chaperone	-
CDS	745178	747625	2448	ybgQ	putative outer membrane protein	-
CDS	747685	748251	567	ybgD	putative fimbrial-like adhesin protein	-
CDS	748641	749924	1284	gltA	citrate synthase	-
CDS	750633	751022	390	sdhC	succinate dehydrogenase, membrane subunit, binds cytochrome b556	+
CDS	751016	751363	348	sdhD	succinate dehydrogenase, membrane subunit, binds cytochrome b556	+
CDS	751363	753129	1767	sdhA	succinate dehydrogenase, flavoprotein subunit	+
CDS	753145	753861	717	sdhB	succinate dehydrogenase, FeS subunit	+
CDS	754162	756963	2802	sucA	2-oxoglutarate decarboxylase, thiamine triphosphate-binding	+
CDS	756978	758195	1218	sucB	dihydrolipoyltranssuccinase	+
CDS	758470	759636	1167	sucC	succinyl-CoA synthetase, beta subunit	+
CDS	759636	760505	870	sucD	succinyl-CoA synthetase, NAD(P)-binding, alpha subunit	+
CDS	760609	761331	723	mngR	Transcriptional repressor for the mannosyl-D-glycerate catabolic operon	-
CDS	761440	763416	1977	mngA	fused 2-O-a-mannosyl-D-glycerate specific PTS enzymes: IIA component/IIB component/IIC component	+
CDS	763434	766067	2634	mngB	alpha-mannosidase	+
CDS	766914	768482	1569	cydA	cytochrome d terminal oxidase, subunit I	+
CDS	768498	769637	1140	cydB	cytochrome d terminal oxidase, subunit II	+
CDS	769652	769765	114	cydX	cytochrome d (bd-I) ubiquinol oxidase subunit X	+
CDS	769765	770058	294	ybgE	putative inner membrane protein in cydABX-ybgE operon	+
CDS	770208	770612	405	ybgC	acyl-CoA thioester hydrolase	+
CDS	770609	771301	693	tolQ	membrane spanning protein in TolA-TolQ-TolR complex	+
CDS	771305	771733	429	tolR	membrane spanning protein in TolA-TolQ-TolR complex	+
CDS	771798	773063	1266	tolA	membrane anchored protein in TolA-TolQ-TolR complex	+
CDS	773196	774488	1293	tolB	periplasmic protein	+
CDS	774523	775044	522	pal	peptidoglycan-associated outer membrane lipoprotein	+
CDS	775054	775845	792	ybgF	periplasmic TolA-binding protein	+
CDS	777541	778584	1044	nadA	quinolinate synthase, subunit A	+
CDS	778622	779341	720	pnuC	nicotinamide riboside transporter	+
CDS	779338	780279	942	zitB	zinc efflux system	-
CDS	780393	780773	381	ybgS	putative periplasmic protein	-
CDS	781089	782141	1053	aroG	3-deoxy-D-arabino-heptulosonate-7-phosphate synthase, phenylalanine repressible	+
CDS	782299	783051	753	gpmA	phosphoglyceromutase 1	-
CDS	783253	784293	1041	galM	aldose 1-epimerase; type-1 mutarotase	-
CDS	784287	785435	1149	galK	galactokinase	-
CDS	785439	786485	1047	galT	galactose-1-phosphate uridylyltransferase	-
CDS	786495	787511	1017	galE	UDP-galactose-4-epimerase	-
CDS	787772	789244	1473	modF	fused molybdate transporter subunits of ABC superfamily: ATP-binding components	-
CDS	789312	790100	789	modE	transcriptional repressor for the molybdenum transport operon modABC	-
CDS	790229	790378	150	acrZ	AcrAB-TolC efflux pump accessory protein, membrane-associated	+
CDS	790545	791318	774	modA	molybdate transporter subunit	+
CDS	791318	792007	690	modB	molybdate transporter subunit	+
CDS	792010	793068	1059	modC	molybdate transporter subunit	+
CDS	793069	793887	819	ybhA	pyridoxal phosphate (PLP) phosphatase	-
CDS	794042	795037	996	pgl	6-phosphogluconolactonase	+
CDS	795078	796031	954	ybhD	putative DNA-binding transcriptional regulator	-
CDS	796215	797267	1053	ybhH	putative PrpF family isomerase	+
CDS	797343	798776	1434	ybhI	putative transporter	+
CDS	798959	801220	2262	ybhJ	putative hydratase	+
CDS	801454	802737	1284	ybhC	acyl-CoA thioesterase, lipoprotein	-
CDS	802889	803365	477	ybhB	kinase inhibitor homolog, UPF0098 family	-
CDS	803424	804713	1290	bioA	7,8-diaminopelargonic acid synthase, PLP-dependent	-
CDS	804800	805840	1041	bioB	biotin synthase	+
CDS	805837	806991	1155	bioF	8-amino-7-oxononanoate synthase	+
CDS	806978	807733	756	bioC	malonyl-ACP O-methyltransferase, SAM-dependent	+
CDS	807726	808403	678	bioD	dethiobiotin synthetase	+
CDS	808982	811003	2022	uvrB	excinulease of nucleotide excision repair, DNA damage recognition component	+
CDS	811195	812103	909	ybhK	putative NAD(P)-binding transferase	-
CDS	812500	813489	990	moaA	molybdopterin biosynthesis protein A	+
CDS	813511	814023	513	moaB	inactive molybdopterin adenylyltransferase	+
CDS	814026	814511	486	moaC	molybdopterin biosynthesis, protein C	+
CDS	814504	814749	246	moaD	molybdopterin synthase, small subunit	+
CDS	814751	815203	453	moaE	molybdopterin synthase, large subunit	+
CDS	815340	816044	705	ybhL	UPF0005 family inner membrane protein	+
CDS	816249	816962	714	ybhM	UPF0005 family inner membrane protein	+
CDS	816998	817954	957	ybhN	UPF0104 family inner membrane protein	-
CDS	817954	819195	1242	clsB	cardiolipin synthase 2	-
CDS	819192	819953	762	ybhP	endo/exonuclease/phosphatase family protein	-
CDS	820086	820496	411	ybhQ	inner membrane protein	+
CDS	820458	821564	1107	ybhR	inner membrane putative ABC superfamily transporter permease	-
CDS	821575	822708	1134	ybhS	inner membrane putative ABC superfamily transporter permease	-
CDS	822701	824437	1737	ybhF	putative transporter subunit of ABC superfamily: ATP-binding component	-
CDS	824430	825428	999	ybhG	putative membrane fusion protein (MFP) component of efflux pump, membrane anchor	-
CDS	825428	826099	672	ybiH	DUF1956 domain-containing tetR family putative transcriptional regulator	-
CDS	826328	827692	1365	rhlE	ATP-dependent RNA helicase	+
CDS	827924	828406	483	ybiA	DUF1768 family protein	-
CDS	828526	830676	2151	dinG	ATP-dependent DNA helicase	+
CDS	830704	831666	963	ybiB	putative family 3 glycosyltransferase	+
CDS	831807	832892	1086	ybiC	putative dehydrogenase	+
CDS	833121	833381	261	ybiJ	DUF1471 family putative periplasmic protein	-
CDS	833646	833912	267	ybiI	DksA-type zinc finger protein	-
CDS	833986	834663	678	ybiX	Fe(II)-dependent oxygenase superfamily protein	-
CDS	834705	836987	2283	fiu	catecholate siderophore receptor Fiu	-
CDS	837252	837512	261	mcbA	colanic acid mucoidy stimulation protein	-
CDS	837788	838714	927	rlmF	23S rRNA m(6)A1618 methyltransferase, SAM-dependent	+
CDS	838711	840936	2226	ybiO	mechanosensitive channel protein, intermediate conductance	-
CDS	841197	841919	723	glnQ	glutamine transporter subunit	-
CDS	841916	842575	660	glnP	glutamine transporter subunit	-
CDS	842714	843460	747	glnH	glutamine transporter subunit	-
CDS	843864	844367	504	dps	Fe-binding and storage protein; stress-inducible DNA-binding protetin	-
CDS	844666	845553	888	rhtA	threonine and homoserine efflux system	-
CDS	845906	846421	516	ompX	outer membrane protein X	+
CDS	846470	848053	1584	ybiP	putative EptAB family phosphoethanolamine transferase, inner membrane protein	-
CDS	848325	848453	129	mntS	Mn(2)-response protein, MntR-repressed	-
CDS	848639	849106	468	mntR	Mn(2+)-responsive manganese regulon transcriptional regulator	+
CDS	849103	850221	1119	ybiR	putative transporter	+
CDS	850280	851200	921	ldtB	L,D-transpeptidase linking Lpp to murein	-
CDS	851419	853011	1593	ybiT	putative transporter subunit of ABC superfamily: ATP-binding component	+
CDS	853252	854517	1266	ybiU	DUF1479 family protein	-
CDS	854669	855484	816	ybiV	sugar phosphatase; preference for fructose-1-P, ribose-5-P and glucose-6-P	-
CDS	855630	858062	2433	ybiW	putative pyruvate formate lyase	-
CDS	858068	858967	900	ybiY	putative pyruvate formate lyase activating enzyme	-
CDS	859098	859760	663	fsaA	fructose-6-phosphate aldolase 1	+
CDS	859836	860585	750	moeB	molybdopterin synthase sulfurylase	-
CDS	860585	861820	1236	moeA	molybdopterin molybdenumtransferase; molybdopterin biosynthesis protein	-
CDS	862024	862989	966	iaaA	Isoaspartyl peptidase	+
CDS	862976	864847	1872	gsiA	glutathione transporter ATP-binding protein, ABC superfamily	+
CDS	864867	866405	1539	gsiB	glutathione periplasmic binding protein, ABC superfamily transporter	+
CDS	866423	867343	921	gsiC	glutathione transporter, permease component, ABC superfamily	+
CDS	867346	868257	912	gsiD	glutathione transporter, permease component, ABC superfamily	+
CDS	868435	870783	2349	yliE	putative membrane-anchored cyclic-di-GMP phosphodiesterase	+
CDS	870791	872119	1329	yliF	putative membrane-anchored diguanylate cyclase	+
CDS	872166	873491	1326	rimO	ribosomal protein S12 methylthiotransferase; radical SAM superfamily	-
CDS	873704	874087	384	bssR	repressor of biofilm formation by indole transport regulation	+
CDS	874198	875313	1116	yliI	soluble aldose sugar dehydrogenase	+
CDS	875310	875936	627	gstB	glutathione S-transferase	-
CDS	876183	877385	1203	dacC	D-alanyl-D-alanine carboxypeptidase (penicillin-binding protein 6a)	+
CDS	877432	878190	759	deoR	deoxyribose-5-phosphate-inducible deoxyribose operon transcriptional repressor; repressor of nupG and tsx	-
CDS	878248	878844	597	ybjG	undecaprenyl pyrophosphate phosphatase	-
CDS	879129	880361	1233	mdfA	multidrug efflux system protein	+
CDS	880402	880686	285	ybjH	uncharacterized protein	-
CDS	880772	881587	816	ybjI	5-amino-6-(5-phospho-D-ribitylamino)uracil phosphatase; pyrimidine phosphatase; riboflavin synthesis	-
CDS	881587	882795	1209	ybjJ	putative transporter	-
CDS	882879	883415	537	rcdA	transcriptional regulator of csgD and ybiJI; autoregulator	+
CDS	883590	885275	1686	ybjL	putative transporter	-
CDS	885545	885922	378	ybjM	inner membrane protein	+
CDS	885952	886209	258	grxA	glutaredoxin 1, redox coenzyme for ribonucleotide reductase (RNR1a)	-
CDS	886369	886656	288	ybjC	DUF1418 family protein	+
CDS	886640	887362	723	nfsA	nitroreductase A, NADPH-dependent, FMN-dependent	+
CDS	887423	888325	903	rimK	ribosomal protein S6 modification protein	+
CDS	888413	888889	477	ybjN	negative regulator of motility; multicopy suppressor of coaA(Ts)	+
CDS	889240	890352	1113	potF	putrescine transporter subunit: periplasmic-binding component of ABC superfamily	+
CDS	890447	891580	1134	potG	putrescine transporter subunit: ATP-binding component of ABC superfamily	+
CDS	891590	892543	954	potH	putrescine transporter subunit: membrane component of ABC superfamily	+
CDS	892540	893385	846	potI	putrescine transporter subunit: membrane component of ABC superfamily	+
CDS	893445	893933	489	ybjO	DUF2593 family inner membrane protein	+
CDS	893974	895101	1128	rlmC	23S rRNA m(5)U747 methyltransferase, SAM-dependent	+
CDS	895300	896031	732	artJ	arginine binding protein, periplasmic	-
CDS	896322	896990	669	artM	arginine transporter subunit	-
CDS	896990	897706	717	artQ	arginine transporter subunit	-
CDS	897713	898444	732	artI	arginine transporter subunit	-
CDS	898462	899190	729	artP	arginine transporter subunit	-
CDS	899408	899923	516	ybjP	lipoprotein	-
CDS	900049	900372	324	ybjQ	UPF0145 family protein	+
CDS	900369	901199	831	amiD	1,6-anhydro-N-acetylmuramyl-L-alanine amidase, Zn-dependent; OM lipoprotein	+
CDS	901196	902209	1014	ybjS	putative NAD(P)H-dependent oxidoreductase with NAD(P)-binding Rossmann-fold domain	-
CDS	902308	903738	1431	ybjT	putative NAD-dependent oxidoreductase	-
CDS	903749	904750	1002	ltaE	L-allo-threonine aldolase, PLP-dependent	-
CDS	904787	906505	1719	poxB	pyruvate dehydrogenase (pyruvate oxidase), thiamine triphosphate-binding, FAD-binding	-
CDS	906638	907606	969	hcr	HCP oxidoreductase, NADH-dependent	-
CDS	907618	909270	1653	hcp	hybrid-cluster [4Fe-2S-2O] protein in anaerobic terminal reductases	-
CDS	909414	910313	900	ybjE	putative transporter	-
CDS	910808	911503	696	aqpZ	aquaporin Z	-
CDS	911929	913587	1659	ybjD	putative OLD family ATP-dependent endonuclease; DUF2813 family protein	+
CDS	913584	914576	993	ybjX	DUF535 family protein	-
CDS	914691	915806	1116	macA	macrolide transporter subunit, membrane fusion protein (MFP) component	+
CDS	915803	917749	1947	macB	fused macrolide transporter subunits of ABC superfamily: ATP-binding component/membrane component	+
CDS	917822	918046	225	cspD	inhibitor of DNA replication, cold shock protein homolog	-
CDS	918369	918689	321	clpS	regulatory protein for ClpA substrate specificity	+
CDS	918720	920996	2277	clpA	ATPase and specificity subunit of ClpA-ClpP ATP-dependent serine protease, chaperone activity	+
CDS	921681	921899	219	infA	translation initiation factor IF-1	-
CDS	922184	922888	705	aat	leucyl/phenylalanyl-tRNA-protein transferase	-
CDS	922930	924651	1722	cydC	fused glutathione, cysteine exporter subunits of ABC superfamily: membrane component/ATP-binding component	-
CDS	924652	926418	1767	cydD	fused glutathione, cysteine exporter subunits of ABC superfamily: membrane component/ATP-binding component	-
CDS	926541	927506	966	trxB	thioredoxin reductase, FAD/NAD(P)-binding	-
CDS	928051	928545	495	lrp	leucine-responsive global transcriptional regulator	+
CDS	928680	932669	3990	ftsK	DNA translocase at septal ring sorting daughter chromsomes	+
CDS	932828	933439	612	lolA	lipoprotein chaperone	+
CDS	933450	934793	1344	rarA	DNA-dependent ATPase involved in processing recombination intermediates at replication forks	+
CDS	934884	936176	1293	serS	seryl-tRNA synthetase, also charges selenocysteinyl-tRNA with serine	+
CDS	936415	938859	2445	dmsA	dimethyl sulfoxide reductase, anaerobic, subunit A	+
CDS	938870	939487	618	dmsB	dimethyl sulfoxide reductase, anaerobic, subunit B	+
CDS	939489	940352	864	dmsC	dimethyl sulfoxide reductase, anaerobic, subunit C	+
CDS	940387	941013	627	ycaC	putative isochorismatase family hydrolase	-
CDS	941327	942475	1149	ycaD	putative MFS-type transporter	+
CDS	942685	944115	1431	ycaM	putative transporter	+
CDS	944116	945024	909	ycaN	LysR family putative transcriptional regulator	-
CDS	945124	945714	591	ycaK	putative NAD(P)H-dependent oxidoreductase	+
CDS	945796	946536	741	pflA	[formate-C-acetyltransferase 1]-activating enzyme; pyruvate formate-lyase 1-activating enzyme	-
CDS	946728	949010	2283	pflB	formate C-acetyltransferase 1, anaerobic; pyruvate formate-lyase 1	-
CDS	949065	949922	858	focA	formate channel	-
CDS	950328	952088	1761	ycaO	ribosomal protein S12 methylthiotransferase accessory factor	-
CDS	952218	952910	693	ycaP	UPF0702 family putative inner membrane protein	+
CDS	953109	954197	1089	serC	3-phosphoserine/phosphohydroxythreonine aminotransferase	+
CDS	954268	955551	1284	aroA	5-enolpyruvylshikimate-3-phosphate synthetase	+
CDS	955720	956484	765	ycaL	putative peptidase-related chaperone	+
CDS	956657	957340	684	cmk	cytidylate kinase	+
CDS	957451	959124	1674	rpsA	30S ribosomal subunit protein S1	+
CDS	959284	959568	285	ihfB	integration host factor (IHF), DNA-binding protein, beta subunit	+
CDS	959776	962040	2265	ycaI	ComEC family inner membrane protein	+
CDS	962077	963825	1749	msbA	fused lipid transporter subunits of ABC superfamily: membrane component/ATP-binding component	+
CDS	963822	964808	987	lpxK	lipid A 4'kinase	+
CDS	964845	966077	1233	ycaQ	DUF1006 family protein with C-terminal wHTH domain	+
CDS	966129	966311	183	ycaR	peroxide and acid resistance protein, UPF0434 family	+
CDS	966308	967054	747	kdsB	3-deoxy-manno-octulosonate cytidylyltransferase	+
CDS	967208	968101	894	ycbJ	protein kinase-like domain protein	+
CDS	968078	968857	780	ycbC	DUF218 superfamily protein	-
CDS	968993	969778	786	smtA	putative S-adenosyl-L-methionine-dependent methyltransferase	+
CDS	969775	971097	1323	mukF	chromosome condensin MukBEF, kleisin-like subunit, binds calcium	+
CDS	971078	971782	705	mukE	chromosome condensin MukBEF, MukE localization factor	+
CDS	971782	976242	4461	mukB	chromosome condensin MukBEF, ATPase and DNA-binding subunit	+
CDS	976503	978350	1848	ldtD	murein L,D-transpeptidase	+
CDS	978531	979079	549	ycbK	M15A protease-related family periplasmic protein	+
CDS	979106	979753	648	ycbL	putative metal-binding enzyme	+
CDS	979975	981165	1191	aspC	aspartate aminotransferase, PLP-dependent	-
CDS	981350	982438	1089	ompF	outer membrane porin 1a (Ia;b;F)	-
CDS	983041	984441	1401	asnS	asparaginyl tRNA synthetase	-
CDS	984610	985812	1203	pncB	nicotinate phosphoribosyltransferase	-
CDS	986078	988690	2613	pepN	aminopeptidase N	+
CDS	988733	989500	768	ssuB	alkanesulfonate transporter subunit	-
CDS	989497	990288	792	ssuC	putative alkanesulfonate transporter subunit	-
CDS	990299	991444	1146	ssuD	alkanesulfonate monooxygenase, FMNH(2)-dependent	-
CDS	991441	992400	960	ssuA	aliphatic sulfonate binding protein, SsuABC ABC transporter	-
CDS	992393	992968	576	ssuE	NAD(P)H-dependent FMN reductase	-
CDS	993324	993863	540	elfA	laminin-binding fimbrin subunit	+
CDS	993946	994647	702	elfD	putative periplasmic pilin chaperone	+
CDS	994672	997272	2601	elfC	putative outer membrane fimbrial subunit export usher protein	+
CDS	997263	998333	1071	elfG	putative fimbrial-like adhesin protein	+
CDS	998345	998887	543	ycbU	putative fimbriae protein	+
CDS	998895	999410	516	ycbV	putative fimbrial-like adhesin protein	+
CDS	999403	1000113	711	ycbF	putative periplasmic pilin chaperone	+
CDS	1000224	1001234	1011	pyrD	dihydro-orotate oxidase, FMN-linked	+
CDS	1001408	1001950	543	zapC	FtsZ stabilizer	+
CDS	1001947	1003056	1110	ycbX	6-N-hydroxylaminopurine detoxification oxidoreductase	-
CDS	1003300	1005408	2109	rlmL	fused 23S rRNA m(2)G2445 and m(7)G2069 methyltransferase, SAM-dependent	+
CDS	1005420	1007327	1908	uup	putative transporter subunit of ABC superfamily: ATP-binding component	+
CDS	1007457	1008710	1254	pqiA	paraquat-inducible, SoxRS-regulated inner membrane protein	+
CDS	1008715	1010355	1641	pqiB	paraquat-inducible, SoxRS-regulated MCE domain protein	+
CDS	1010352	1010915	564	pqiC	DUF330 family putative lipoprotein	+
CDS	1011171	1011338	168	rmf	ribosome modulation factor	+
CDS	1011408	1011926	519	fabA	beta-hydroxydecanoyl thioester dehydrase	-
CDS	1011995	1013755	1761	ycbZ	putative peptidase	-
CDS	1013941	1014393	453	matP	Ter macrodomain organizer matS-binding protein	+
CDS	1014469	1015509	1041	ompA	outer membrane protein A (3a;II*;G;d)	-
CDS	1015866	1016375	510	sulA	SOS cell division inhibitor	-
CDS	1016594	1017223	630	sxy	CRP-S-dependent promoter expression factor	+
CDS	1017186	1019339	2154	yccS	putative transporter, FUSC superfamily inner membrane protein, tandem domains	-
CDS	1019358	1019804	447	yccF	DUF307 family inner membrane protein	-
CDS	1019927	1021981	2055	helD	DNA helicase IV	+
CDS	1022013	1022471	459	mgsA	methylglyoxal synthase	-
CDS	1022567	1023229	663	yccT	UPF0319 family protein	-
CDS	1023402	1023815	414	yccU	putative CoA-binding protein	+
CDS	1023860	1024177	318	hspQ	heat shock protein involved in degradation of mutant DnaA; hemimethylated oriC DNA-binding protein	-
CDS	1024235	1025425	1191	rlmI	23S rRNA m(5)C1962 methyltransferase, SAM-dependent	-
CDS	1025520	1025798	279	yccX	weak acylphosphatase	+
CDS	1025795	1026124	330	tusE	mnm(5)-s(2)U34-tRNA 2-thiolation sulfurtransferase	-
CDS	1026215	1026874	660	yccA	HflBKC-binding inner membrane protein, UPF0005 family	-
CDS	1027595	1028713	1119	hyaA	hydrogenase 1, small subunit	+
CDS	1028710	1030503	1794	hyaB	hydrogenase 1, large subunit	+
CDS	1030522	1031229	708	hyaC	hydrogenase 1, b-type cytochrome subunit	+
CDS	1031226	1031813	588	hyaD	hydrogenase 1 maturation protease	+
CDS	1031810	1032208	399	hyaE	putative HyaA chaperone	+
CDS	1032205	1033062	858	hyaF	protein involved in nickel incorporation into hydrogenase-1 proteins	+
CDS	1033196	1034740	1545	cbdA	cytochrome bd-II oxidase, subunit I	+
CDS	1034752	1035888	1137	cbdB	cytochrome bd-II oxidase, subunit II	+
CDS	1035901	1035993	93	cbdX	putative cytochrome bd-II oxidase subunit	+
CDS	1036073	1037371	1299	appA	phosphoanhydride phosphorylase	+
CDS	1037486	1039666	2181	etk	tyrosine-protein kinase, role in O-antigen capsule formation	-
CDS	1039686	1040132	447	etp	Protein-tyrosine-phosphatase, role in O-antigen capsule formation; dephosphorylates Etk-P	-
CDS	1040120	1041259	1140	gfcE	putative O-antigen capsule outer membrane auxillary protein export channel	-
CDS	1041305	1043401	2097	gfcD	putative O-antigen capsule production periplasmic protein	-
CDS	1043401	1044147	747	gfcC	putative O-antigen capsule production periplasmic protein	-
CDS	1044144	1044788	645	gfcB	O-antigen capsule production lipoprotein	-
CDS	1044895	1045200	306	gfcA	O-antigen capsule production threonine-rich inner membrane protein	-
CDS	1045289	1045564	276	insA	IS1 repressor TnpA	+
CDS	1045483	1045986	504	insB1	IS1 transposase B	+
CDS	1046419	1046631	213	cspH	stress protein, member of the CspA-family	-
CDS	1046917	1047129	213	cspG	cold shock protein homolog, cold-inducible	+
CDS	1047303	1047533	231	ymcE	cold shock gene	+
CDS	1047523	1047696	174	gnsA	putative phosphatidylethanolamine synthesis regulator	+
CDS	1047745	1048818	1074	yccM	putative 4Fe-4S membrane protein	-
CDS	1048890	1051634	2745	torS	hybrid sensory histidine kinase in two-component regulatory system with TorR	-
mobile_element	1049778	1050545	768		insertion sequence:IS1D	+
CDS	1051717	1052745	1029	torT	periplasmic sensory protein associated with the TorRS two-component regulatory system	+
CDS	1052718	1053410	693	torR	response regulator in two-component regulatory system with TorS	-
CDS	1053540	1054712	1173	torC	trimethylamine N-oxide (TMAO) reductase I, cytochrome c-type subunit	+
CDS	1054712	1057258	2547	torA	trimethylamine N-oxide (TMAO) reductase I, catalytic subunit	+
CDS	1057255	1057854	600	torD	TorA-maturation chaperone	+
CDS	1058006	1058311	306	cbpM	modulator of CbpA co-chaperone	-
CDS	1058311	1059231	921	cbpA	DnaK co-chaperone; curved DNA-binding protein	-
CDS	1059492	1060748	1257	yccE	uncharacterized protein	+
CDS	1061041	1062282	1242	agp	glucose-1-phosphatase/inositol phosphatase	+
CDS	1062320	1062547	228	yccJ	uncharacterized protein	-
CDS	1062568	1063164	597	wrbA	NAD(P)H:quinone oxidoreductase	-
CDS	1063537	1063710	174	ymdF	KGG family protein	+
CDS	1063967	1065295	1329	rutG	pyrimidine permease	-
CDS	1065316	1065810	495	rutF	flavin:NADH reductase	-
CDS	1065821	1066411	591	rutE	putative malonic semialdehyde reductase	-
CDS	1066421	1067221	801	rutD	putative aminoacrylate hydrolase, reactive intermediate detoxification	-
CDS	1067229	1067615	387	rutC	putative aminoacrylate deaminase, reactive intermediate detoxification; weak enamine/imine deaminase activity	-
CDS	1067627	1068319	693	rutB	ureidoacrylate amidohydrolase	-
CDS	1068319	1069467	1149	rutA	pyrimidine oxygenase, FMN-dependent	-
CDS	1069698	1070336	639	rutR	rut operon transcriptional repressor for	+
CDS	1070376	1074338	3963	putA	fused DNA-binding transcriptional regulator/proline dehydrogenase/pyrroline-5-carboxylate dehydrogenase	-
CDS	1074761	1076269	1509	putP	proline:sodium symporter	+
CDS	1076812	1076916	105		ferrous iron permease (pseudogene)	+
CDS	1077699	1078826	1128	efeO	inactive ferrous ion transporter EfeUOB	+
CDS	1078832	1080103	1272	efeB	deferrrochelatase, periplasmic	+
CDS	1080448	1081512	1065	phoH	ATP-binding protein; putative PhoH family P-loop ATPase	+
CDS	1081562	1081975	414	pgaD	biofilm PGA synthase PgaCD, regulatory subunit; c-di-GMP-stimulated activity and dimerization	-
CDS	1081977	1083302	1326	pgaC	biofilm PGA synthase PgaCD, catalytic subunit; poly-beta-1,6-N-acetyl-D-glucosamine synthase; c-di-GMP-stimulated activity and dimerization	-
CDS	1083295	1085313	2019	pgaB	poly-beta-1,6-N-acetyl-D-glucosamine (PGA) N-deacetylase outer membrane export lipoprotein	-
CDS	1085322	1087745	2424	pgaA	biofilm adhesin polysaccharide PGA secretin; OM porin; poly-beta-1,6-N-acetyl-D-glucosamine export protein	-
CDS	1088332	1089690	1359	ycdT	diguanylate cyclase, membrane-anchored	+
mobile_element	1089701	1090958	1258		insertion sequence:IS3D	-
CDS	1089731	1090597	867	insF1	IS3 transposase B	-
CDS	1090594	1090893	300	insE1	IS3 transposase A	-
CDS	1090961	1091302	342	ymdE	pseudogene	+
CDS	1091299	1092285	987	ycdU	putative inner membrane protein	+
CDS	1093342	1094280	939	ghrA	glyoxylate/hydroxypyruvate reductase A	+
CDS	1094335	1095072	738	ycdX	alkaline phosphatase	+
CDS	1095096	1095650	555	ycdY	redox enzyme maturation protein (REMP) chaperone for YcdX	+
CDS	1095752	1096243	492	ycdZ	DUF1097 family inner membrane protein	+
CDS	1096307	1097140	834	csgG	curli production assembly/transport outer membrane lipoprotein	-
CDS	1097167	1097583	417	csgF	curli nucleation outer membrane protein	-
CDS	1097608	1097997	390	csgE	curlin secretion specificity factor	-
CDS	1098002	1098652	651	csgD	csgBAC operon transcriptional regulator	-
CDS	1099407	1099862	456	csgB	curlin nucleator protein, minor subunit in curli complex	+
CDS	1099903	1100358	456	csgA	curlin subunit, amyloid curli fibers, cryptic	+
CDS	1100417	1100749	333	csgC	curli assembly protein	+
CDS	1100870	1101181	312	ymdA	uncharacterized protein	+
CDS	1101276	1101809	534	ymdB	O-acetyl-ADP-ribose deacetylase; RNase III inhibitor during cold shock; putative cardiolipin synthase C regulatory subunit	+
CDS	1101811	1103232	1422	clsC	stationary phase cardiolipin synthase 3	+
CDS	1103240	1104397	1158	opgC	osmoregulated periplasmic glucan succinylation membrane protein	-
CDS	1104791	1106326	1536	opgG	osmoregulated periplasmic glucan (OPG) biosynthesis periplasmic protein	+
CDS	1106319	1108862	2544	opgH	membrane glycosyltransferase; nutrient-dependent cell size regulator, FtsZ assembly antagonist	+
CDS	1109035	1109262	228	yceK	outer membrane integrity lipoprotein	+
CDS	1109263	1109637	375	msyB	multicopy suppressor of secY and secA	-
CDS	1109720	1110946	1227	mdtG	putative drug efflux system protein	-
CDS	1111118	1112038	921	lpxL	lauryl-acyl carrier protein (ACP)-dependent acyltransferase	-
CDS	1112263	1113315	1053	yceA	putative rhodanese-related sulfurtransferase	+
CDS	1113357	1113932	576	yceI	secreted protein	-
CDS	1113936	1114502	567	yceJ	putative cytochrome b561	-
CDS	1114763	1114903	141	yceO	uncharacterized protein	-
CDS	1114924	1116042	1119	solA	N-methyltryptophan oxidase, FAD-binding	-
CDS	1116157	1116411	255	bssS	biofilm regulator	-
CDS	1116698	1116943	246	dinI	DNA damage-inducible protein I	-
CDS	1117017	1118063	1047	pyrC	dihydro-orotase	-
CDS	1118169	1118729	561	yceB	lipoprotein, DUF1439 family	-
CDS	1118863	1119510	648	grxB	glutaredoxin 2 (Grx2)	-
CDS	1119574	1120782	1209	mdtH	multidrug resistance efflux transporter conferring overexpression resistance to norfloxacin and enoxacin	-
CDS	1121018	1121602	585	rimJ	ribosomal-protein-S5-alanine N-acetyltransferase	+
CDS	1121613	1122260	648	yceH	UPF0502 family protein	+
CDS	1122262	1123185	924	yceM	putative oxidoreductase	+
CDS	1123295	1124830	1536	murJ	putative peptidoglycan lipid II flippase	+
CDS	1124870	1125286	417	flgN	export chaperone for FlgK and FlgL	-
CDS	1125291	1125584	294	flgM	anti-sigma factor for FliA (sigma 28)	-
CDS	1125660	1126319	660	flgA	assembly protein for flagellar basal-body periplasmic P ring	-
CDS	1126474	1126890	417	flgB	flagellar component of cell-proximal portion of basal-body rod	+
CDS	1126894	1127298	405	flgC	flagellar component of cell-proximal portion of basal-body rod	+
CDS	1127310	1128005	696	flgD	flagellar hook assembly protein	+
CDS	1128030	1129238	1209	flgE	flagellar hook protein	+
CDS	1129258	1130013	756	flgF	flagellar component of cell-proximal portion of basal-body rod	+
CDS	1130185	1130967	783	flgG	flagellar component of cell-distal portion of basal-body rod	+
CDS	1131020	1131718	699	flgH	flagellar protein of basal-body outer-membrane L ring	+
CDS	1131730	1132827	1098	flgI	putative flagellar basal body protein	+
CDS	1132827	1133768	942	flgJ	flagellar rod assembly protein and murein hydrolase; flagellum-specific muramidase	+
CDS	1133834	1135477	1644	flgK	flagellar hook-filament junction protein 1	+
CDS	1135489	1136442	954	flgL	flagellar hook-filament junction protein	+
CDS	1136638	1139823	3186	rne	fused ribonucleaseE: endoribonuclease/RNA-binding protein/RNA degradosome binding protein	-
CDS	1139958	1140278	321	yceQ	uncharacterized protein	+
CDS	1140396	1141355	960	rluC	23S rRNA pseudouridine(955,2504,2580) synthase	+
CDS	1141467	1142051	585	yceF	Maf-like protein	-
CDS	1142250	1142771	522	yceD	DUF177 family protein	+
CDS	1142823	1142996	174	rpmF	50S ribosomal subunit protein L32	+
CDS	1143077	1144147	1071	plsX	putative phosphate acyltransferase	+
CDS	1144215	1145168	954	fabH	3-oxoacyl-[acyl-carrier-protein] synthase III	+
CDS	1145184	1146113	930	fabD	malonyl-CoA-[acyl-carrier-protein] transacylase	+
CDS	1146126	1146860	735	fabG	3-oxoacyl-[acyl-carrier-protein] reductase	+
CDS	1147071	1147307	237	acpP	acyl carrier protein (ACP)	+
CDS	1147395	1148636	1242	fabF	3-oxoacyl-[acyl-carrier-protein] synthase II	+
CDS	1148756	1149565	810	pabC	4-amino-4-deoxychorismate lyase component of para-aminobenzoate synthase multienzyme complex	+
CDS	1149568	1150590	1023	yceG	septation protein, ampicillin sensitivity	+
CDS	1150580	1151221	642	tmk	thymidylate kinase	+
CDS	1151218	1152222	1005	holB	DNA polymerase III, delta prime subunit	+
CDS	1152233	1153030	798	ycfH	putative DNase	+
CDS	1153325	1154758	1434	ptsG	fused glucose-specific PTS enzymes: IIB component/IIC component	+
CDS	1154818	1157007	2190	fhuE	ferric-rhodotorulic acid outer membrane transporter	-
CDS	1157341	1157700	360	hinT	purine nucleoside phosphoramidase, dadA activator protein	+
CDS	1157703	1158080	378	ycfL	uncharacterized protein	+
CDS	1158094	1158735	642	lpoB	OM lipoprotein stimulator of MrcB transpeptidase	+
CDS	1158716	1159540	825	thiK	thiamine kinase	+
CDS	1159551	1160576	1026	nagZ	beta N-acetyl-glucosaminidase	+
CDS	1160599	1161141	543	ycfP	putative UPF0227 family esterase	+
CDS	1161541	1162845	1305	ndh	respiratory NADH dehydrogenase 2/cupric reductase	+
CDS	1163055	1163594	540	ycfJ	uncharacterized protein	+
CDS	1163656	1164288	633	ycfQ	repressor for bhsA(ycfR)	-
CDS	1164529	1164786	258	bhsA	biofilm, cell surface and signaling protein	+
CDS	1164868	1165830	963	ldtC	L,D-transpeptidase linking Lpp to murein	-
CDS	1165974	1169420	3447	mfd	transcription-repair coupling factor	-
CDS	1169548	1170621	1074	ycfT	inner membrane protein	-
CDS	1170883	1172082	1200	lolC	lipoprotein-releasing system transmembrane protein	+
CDS	1172075	1172776	702	lolD	outer membrane-specific lipoprotein transporter subunit	+
CDS	1172776	1174020	1245	lolE	lipoprotein-releasing system transmembrane protein	+
CDS	1174049	1174960	912	nagK	N-acetyl-D-glucosamine kinase	+
CDS	1175087	1175815	729	cobB	deacetylase of acs and cheY, chemotaxis regulator	+
CDS	1175935	1176723	789	ycfZ	inner membrane protein	-
CDS	1176720	1177181	462	ymfA	DUF3592 family inner membrane protein	-
CDS	1177239	1178285	1047	potD	polyamine transporter subunit	-
CDS	1178282	1179076	795	potC	polyamine transporter subunit	-
CDS	1179073	1179900	828	potB	polyamine transporter subunit	-
CDS	1179914	1181050	1137	potA	polyamine transporter subunit	-
CDS	1181300	1182526	1227	pepT	peptidase T	+
CDS	1182575	1183696	1122	roxA	50S ribosomal protein L16 arginine hydroxylase; 2-oxoglutarate oxygenase	-
CDS	1183772	1185232	1461	phoQ	sensory histidine kinase in two-component regulatory system with PhoP	-
CDS	1185232	1185903	672	phoP	response regulator in two-component regulatory system with PhoQ	-
CDS	1186072	1187442	1371	purB	adenylosuccinate lyase	-
CDS	1187446	1188087	642	hflD	putative lysogenization regulator	-
CDS	1188123	1189229	1107	mnmA	tRNA(Gln,Lys,Glu) U34 2-thiouridylase, first step in mnm(5)-s(2)U34-tRNA synthesis	-
CDS	1189283	1189744	462	nudJ	bifunctional thiamine pyrimidine pyrophosphate hydrolase/ thiamine pyrophosphate hydrolase	-
CDS	1189754	1190407	654	rluE	23S rRNA pseudouridine(2457) synthase	-
CDS	1190579	1191829	1251	icd	e14 prophage; isocitrate dehydrogenase, specific for NADP+	+
CDS	1192323	1192988	666	ymfD	e14 prophage; putative SAM-dependent methyltransferase	-
CDS	1192989	1193693	705	ymfE	e14 prophage; putative inner membrane protein	-
CDS	1194151	1195044	894	lit	e14 prophage; cell death peptidase, inhibitor of T4 late gene expression	+
CDS	1195135	1196262	1128	intE	e14 prophage; putative integrase	-
CDS	1196243	1196488	246	xisE	e14 prophage; putative excisionase	-
CDS	1196953	1197294	342	ymfI	e14 prophage; uncharacterized protein	+
CDS	1197232	1197540	309	ymfJ	e14 prophage; uncharacterized protein	-
CDS	1197715	1198389	675	cohE	e14 prophage; repressor protein phage e14	-
CDS	1198480	1198680	201	croE	e14 prophage; putative DNA-binding transcriptional regulator	+
CDS	1198724	1199281	558	ymfL	e14 prophage; putative DNA-binding transcriptional regulator	+
CDS	1199278	1199616	339	ymfM	e14 prophage; uncharacterized protein	+
CDS	1199626	1199859	234	oweE	pseudogene, lambda replication protein O homolog; CPS-53/KpLE1 prophage;Phage or Prophage Related	+
CDS	1199860	1200993	1134	aaaE	pseudogene, phage terminase protein A family, e14 prophage;Phage or Prophage Related	+
CDS	1201005	1201187	183	ymfR	e14 prophage; uncharacterized protein	+
CDS	1201187	1201598	412	beeE	pseudogene, portal protein family, e14 prophage;Phage or Prophage Related	+
CDS	1201599	1202378	780	jayE	pseudogene, e14 prophage;Phage or Prophage Related	+
CDS	1202369	1202953	585	ymfQ	prohage e14 tail protein homolog	+
CDS	1202957	1203586	630	stfP	e14 prophage; uncharacterized protein	+
CDS	1203588	1204001	414	tfaP	e14 prophage; uncharacterized protein	+
CDS	1203973	1204575	603	tfaE	e14 prophage; putative tail fiber assembly protein	-
CDS	1204575	1205075	501	stfE	pseudogene, e14 prophage; side tail fiber protein fragment family;Phage or Prophage Related	-
CDS	1205141	1205695	555	pinE	e14 prophage; site-specific DNA recombinase	+
CDS	1205802	1206635	834	mcrA	putative 5-methylcytosine/5-hydroxymethylcytosine-specific restriction nuclease; 5-methylcytosine DNA binding protein; e14 prophage gene	+
CDS	1206869	1207033	165	icdC	pseudogene, isocitrate dehydrogenase C-terminal gene fragment; idcC' is a 54 codon 3' gene fragment created during e14 prophage insertion	+
CDS	1207136	1207459	324	iraM	RpoS stabilzer during Mg starvation, anti-RssB factor	-
CDS	1208159	1208563	405	ycgX	DUF1398 family protein	-
CDS	1208784	1209515	732	bluR	repressor of blue light-responsive genes	-
CDS	1209720	1210931	1212	bluF	anti-repressor for YcgE, blue light-responsive; FAD-binding; has c-di-GMP phosphodiesterase-like EAL domain, but does not degrade c-di-GMP	-
CDS	1211245	1211481	237	ycgZ	RcsB connector protein for regulation of biofilm and acid-resistance	+
CDS	1211524	1211796	273	ymgA	RcsB connector protein for regulation of biofilm	+
CDS	1211825	1212091	267	ariR	RcsB connector protein for regulation of biofilm and acid-resistance	+
CDS	1212204	1212452	249	ymgC	Blue light, low temperature and stress induced protein	+
CDS	1212784	1214307	1524	ycgG	putative membrane-anchored cyclic-di-GMP phosphodiesterase	+
CDS	1214439	1214657	219	ymgF	inner membrane division septum protein	+
CDS	1215057	1217704	2648	ycgH	pseudogene; putative ATP-binding component of a transport system	+
CDS	1217761	1218090	330	ymgD	uncharacterized protein	-
CDS	1218100	1218444	345	ymgG	UPF0757 family protein	-
CDS	1218446	1218619	174	ymgI	uncharacterized protein	-
CDS	1218720	1218905	186	ymgJ	uncharacterized protein	+
CDS	1219020	1219127	108		pseudogene	+
CDS	1219735	1220001	267	minE	cell division topological specificity factor	-
CDS	1220005	1220817	813	minD	membrane ATPase of the MinC-MinD-MinE system	-
CDS	1220841	1221536	696	minC	cell division inhibitor	-
CDS	1222056	1222424	369	ycgJ	uncharacterized protein	+
CDS	1222527	1222928	402	pliG	periplasmic inhibitor of g-type lysozyme	-
CDS	1223170	1223463	294	ycgL	UPF0745 family protein	+
CDS	1223535	1224194	660	ycgM	putative isomerase/hydrolase	+
CDS	1224271	1224732	462	ycgN	UPF0153 family cysteine cluster protein	+
CDS	1224939	1225850	912	hlyE	hemolysin E	-
CDS	1226223	1226642	420	umuD	DNA polymerase V, subunit D	+
CDS	1226642	1227910	1269	umuC	DNA polymerase V, subunit C	+
CDS	1227956	1228486	531	dsbB	oxidoreductase that catalyzes reoxidation of DsbA protein disulfide isomerase I	-
CDS	1228632	1230173	1542	nhaB	sodium:proton antiporter	-
CDS	1230394	1231113	720	fadR	fatty acid metabolism regulon transcriptional regulator	+
CDS	1231165	1232697	1533	ycgB	SpoVR family stationary phase protein	-
CDS	1233027	1234325	1299	dadA	D-amino acid dehydrogenase	+
CDS	1234335	1235405	1071	dadX	alanine racemase, catabolic, PLP-binding	+
CDS	1235791	1237527	1737	cvrA	putative cation/proton antiporter	-
CDS	1237622	1238536	915	ldcA	murein tetrapeptide carboxypeptidase; LD-carboxypeptidase A	-
CDS	1238636	1239247	612	emtA	lytic murein endotransglycosylase E	+
CDS	1239249	1239983	735	ycgR	flagellar velocity braking protein, c-di-GMP-regulated	-
CDS	1240184	1240438	255	ymgE	UPF0410 family putative inner membrane protein	+
CDS	1240616	1241056	441	ycgY	uncharacterized protein	+
CDS	1241135	1242832	1698	treA	periplasmic trehalase	-
CDS	1243152	1244570	1419	dhaM	putative dihydroxyacetone-specific PTS enzymes: HPr component/EI component	-
CDS	1244581	1245213	633	dhaL	dihydroxyacetone kinase, C-terminal domain	-
CDS	1245224	1246294	1071	dhaK	dihydroxyacetone kinase, PTS-dependent, dihydroxyacetone-binding subunit	-
CDS	1246522	1248441	1920	dhaR	dhaKLM operon transcription activator	+
CDS	1248541	1251408	2868	ycgV	putative adhesin	-
CDS	1252177	1253268	1092	ychF	catalase inhibitor protein; ATPase, K+-dependent, ribosome-associated	-
CDS	1253385	1253969	585	pth	peptidyl-tRNA hydrolase	-
CDS	1254247	1254525	279	ychH	DUF2583 family putative inner membrane protein	+
CDS	1254580	1256259	1680	dauA	C4-dicarboxylic acid transporter	-
CDS	1256384	1257331	948	prs	phosphoribosylpyrophosphate synthase	-
CDS	1257482	1258333	852	ispE	4-diphosphocytidyl-2-C-methylerythritol kinase	-
CDS	1258333	1258956	624	lolB	lipoprotein localization factor	-
CDS	1259170	1260426	1257	hemA	glutamyl tRNA reductase	+
CDS	1260468	1261550	1083	prfA	peptide chain release factor RF-1	+
CDS	1261550	1262383	834	prmC	N5-glutamine methyltransferase, modifies release factors RF-1 and RF-2	+
CDS	1262380	1262772	393	ychQ	SIRB family inner membrane protein	+
CDS	1262776	1263585	810	ychA	transglutaminase-like TPR-repeat protein	+
CDS	1263621	1264475	855	kdsA	3-deoxy-D-manno-octulosonate 8-phosphate synthase	+
CDS	1264624	1264731	108	ldrA	toxic polypeptide, small	-
CDS	1265159	1265266	108	ldrB	toxic polypeptide, small	-
CDS	1265694	1265801	108	ldrC	toxic polypeptide, small	-
CDS	1266205	1267305	1101	chaA	calcium/sodium:proton antiporter	-
CDS	1267575	1267805	231	chaB	cation transport regulator	+
CDS	1267963	1268658	696	chaC	cation transport regulator	+
CDS	1268702	1269055	354	ychN	putative sulfur relay protein	-
CDS	1269240	1270634	1395	ychO	putative invasin	+
CDS	1270635	1271285	651	narL	response regulator in two-component regulatory system with NarX (or NarQ)	-
CDS	1271278	1273074	1797	narX	sensory histidine kinase in two-component regulatory system with NarL	-
CDS	1273413	1274804	1392	narK	nitrate/nitrite transporter	+
CDS	1275320	1279063	3744	narG	nitrate reductase 1, alpha subunit	+
CDS	1279060	1280598	1539	narH	nitrate reductase 1, beta (Fe-S) subunit	+
CDS	1280595	1281305	711	narJ	molybdenum-cofactor-assembly chaperone subunit (delta subunit) of nitrate reductase 1	+
CDS	1281305	1281982	678	narI	nitrate reductase 1, gamma (cytochrome b(NR)) subunit	+
CDS	1282543	1282632	90	tpr	protamine-like protein	-
CDS	1283238	1284080	843	purU	formyltetrahydrofolate hydrolase	-
CDS	1284130	1284588	459	ychJ	UPF0225 family protein	-
CDS	1284701	1285606	906	rssA	putative patatin-like family phospholipase	+
CDS	1285698	1286711	1014	rssB	PcnB-degradosome interaction factor; response regulator	+
CDS	1286913	1287821	909	galU	glucose-1-phosphate uridylyltransferase	+
CDS	1287965	1288378	414	hns	global DNA-binding transcriptional dual regulator H-NS	-
CDS	1288983	1289600	618	tdk	thymidine kinase/deoxyuridine kinase	+
mobile_element	1289882	1290861	980		insertion sequence:ISZ	-
CDS	1290596	1290778	183		pseudogene, transposase homolog	-
CDS	1290902	1293577	2676	adhE	fused acetaldehyde-CoA dehydrogenase/iron-dependent alcohol dehydrogenase/pyruvate-formate lyase deactivase	-
CDS	1294054	1294701	648	ychE	UPF0056 family inner membrane protein	+
CDS	1295439	1297070	1632	oppA	oligopeptide transporter subunit	+
CDS	1297156	1298076	921	oppB	oligopeptide transporter subunit	+
CDS	1298091	1298999	909	oppC	oligopeptide transporter subunit	+
CDS	1299011	1300024	1014	oppD	oligopeptide transporter subunit	+
mobile_element	1299499	1300693	1195		insertion sequence:IS5U	+
CDS	1300021	1301025	1005	oppF	oligopeptide transporter subunit	+
CDS	1301078	1301407	330	yciU	UPF0263 family protein	-
CDS	1301442	1302902	1461	clsA	cardiolipin synthase 1	-
CDS	1303045	1303218	174	yciY	uncharacterized protein	+
CDS	1303273	1304526	1254	kch	voltage-gated potassium channel	-
CDS	1304826	1305122	297	yciI	putative DGPF domain-containing enzyme	-
CDS	1305346	1306065	720	tonB	membrane spanning protein in TonB-ExbB-ExbD transport complex	+
CDS	1306105	1306503	399	yciA	acyl-CoA esterase	-
CDS	1306608	1307147	540	yciB	IspA family inner membrane protein	-
CDS	1307177	1307920	744	yciC	UPF0259 family inner membrane protein	-
CDS	1308277	1308915	639	ompW	outer membrane protein W	+
CDS	1308975	1309481	507	yciE	putative rubrerythrin/ferritin-like metal-binding protein	-
CDS	1309527	1310027	501	yciF	putative rubrerythrin/ferritin-like metal-binding protein	-
CDS	1310113	1310292	180	yciG	KGG family protein	-
CDS	1310673	1311479	807	trpA	tryptophan synthase, alpha subunit	-
CDS	1311479	1312672	1194	trpB	tryptophan synthase, beta subunit	-
CDS	1312684	1314045	1362	trpC	fused indole-3-glycerolphosphate synthetase/N-(5-phosphoribosyl)anthranilate isomerase	-
CDS	1314046	1315641	1596	trpD	fused glutamine amidotransferase (component II) of anthranilate synthase/anthranilate phosphoribosyl transferase	-
CDS	1315641	1317203	1563	trpE	component I of anthranilate synthase	-
CDS	1317295	1317339	45	trpL	trp operon leader peptide	-
CDS	1317477	1318358	882	yciV	PHP domain protein	+
CDS	1318355	1318975	621	yciO	putative RNA binding protein	+
CDS	1319003	1320898	1896	yciQ	enhancer of membrane protein expression; putative inner membrane protein	+
CDS	1321109	1321984	876	rluB	23S rRNA pseudouridine(2605) synthase	+
CDS	1322024	1322614	591	btuR	cob(I)yrinic acid a,c-diamide adenosyltransferase	-
CDS	1322611	1323369	759	yciK	putative EmrKY-TolC system oxoacyl-(acyl carrier protein) reductase	-
CDS	1323589	1324638	1050	sohB	inner membrane protein, S49 peptidase family protein	+
CDS	1324674	1324925	252	yciN	DUF2498 protein YciN	-
CDS	1325305	1327902	2598	topA	DNA topoisomerase I, omega subunit	+
CDS	1328112	1329086	975	cysB	N-acetylserine-responsive cysteine regulon transcriptional activator; autorepressor	+
CDS	1329381	1329545	165	ymiA	uncharacterized protein	+
CDS	1329548	1329715	168	yciX	uncharacterized protein	+
CDS	1330088	1332763	2676	acnA	aconitate hydratase 1	+
CDS	1332827	1333417	591	ribA	GTP cyclohydrolase II	-
CDS	1333587	1334351	765	pgpB	phosphatidylglycerophosphatase B	+
CDS	1334500	1334808	309	yciS	DUF1049 family inner membrane protein, function unknown	+
CDS	1334815	1335984	1170	yciM	envelope integrity maintenance protein; EnvC-interacting protein	+
CDS	1336178	1336915	738	pyrF	orotidine-5'-phosphate decarboxylase	+
CDS	1336915	1337241	327	yciH	initiation factor function partial mimic, SUI1 family	+
CDS	1337367	1337585	219	osmB	lipoprotein	-
CDS	1337854	1338603	750	yciT	global regulator of transcription; DeoR family	-
CDS	1338693	1338866	174	yciZ	uncharacterized protein	-
CDS	1339014	1340999	1986	gmr	cyclic-di-GMP phosphodiesterase; csgD regulator; modulator of Rnase II stability	-
CDS	1341053	1341157	105	ymiB	uncharacterized protein	+
CDS	1341235	1343169	1935	rnb	ribonuclease II	-
CDS	1343237	1344364	1128	yciW	putative oxidoreductase	-
CDS	1344508	1345296	789	fabI	enoyl-[acyl-carrier-protein] reductase, NADH-dependent	-
CDS	1345664	1346017	354	ycjD	DUF559 family endonuclease-related protein	-
CDS	1346085	1346891	807	sapF	antimicrobial peptide transport ABC system ATP-binding protein	-
CDS	1346893	1347885	993	sapD	antimicrobial peptide transport ABC system ATP-binding protein	-
CDS	1347885	1348775	891	sapC	antimicrobial peptide transport ABC transporter permease	-
CDS	1348762	1349727	966	sapB	antimicrobial peptide transport ABC transporter permease	-
CDS	1349724	1351367	1644	sapA	antimicrobial peptide transport ABC transporter periplasmic binding protein	-
CDS	1351680	1351925	246	ymjA	DUF2543 family protein	-
CDS	1352059	1353444	1386	puuP	putrescine importer	-
CDS	1353747	1355165	1419	puuA	glutamate--putrescine ligase	-
CDS	1355377	1356141	765	puuD	gamma-glutamyl-gamma-aminobutyrate hydrolase	+
CDS	1356168	1356725	558	puuR	repressor for the divergent puu operons, putrescine inducible	+
CDS	1357000	1358487	1488	puuC	gamma-glutamyl-gamma-aminobutyraldehyde dehydrogenase; succinate semialdehyde dehydrogenase	+
CDS	1358489	1359769	1281	puuB	gamma-glutamylputrescine oxidoreductase	+
CDS	1359807	1361072	1266	puuE	4-aminobutyrate aminotransferase, PLP-dependent	+
CDS	1361192	1362169	978	pspF	psp operon transcriptional activator	-
CDS	1362336	1363004	669	pspA	regulatory protein for phage-shock-protein operon	+
CDS	1363058	1363282	225	pspB	psp operon transcription co-activator	+
CDS	1363282	1363641	360	pspC	psp operon transcription co-activator	+
CDS	1363650	1363871	222	pspD	peripheral inner membrane phage-shock protein	+
CDS	1363946	1364260	315	pspE	thiosulfate:cyanide sulfurtransferase (rhodanese)	+
CDS	1364473	1366152	1680	ycjM	alpha amylase catalytic domain family protein	+
CDS	1366166	1367458	1293	ycjN	putative ABC superfamily sugar transporter periplasmic-binding protein	+
CDS	1367479	1368360	882	ycjO	inner membrane putative ABC superfamily sugar transporter permease	+
CDS	1368347	1369189	843	ycjP	inner membrane putative ABC superfamily sugar transporter permease	+
CDS	1369220	1370272	1053	ycjQ	putative Zn-dependent NAD(P)-binding oxidoreductase	+
CDS	1370291	1371079	789	ycjR	putative TIM alpha/beta barrel enzyme	+
CDS	1371089	1372144	1056	ycjS	putative NADH-binding oxidoreductase	+
CDS	1372141	1374408	2268	ycjT	putative family 65 glycosyl hydrolase	+
CDS	1374405	1375064	660	ycjU	beta-phosphoglucomutase	+
CDS	1375078	1376034	957		pseudogene; putative ATP-binding component of a transport system	+
CDS	1376204	1377109	906	ompG	outer membrane porin G	+
CDS	1377220	1378218	999	ycjW	LacI family putative transcriptional repressor	-
CDS	1378374	1379771	1398	ycjX	DUF463 family protein, putative P-loop NTPase	+
CDS	1379768	1380829	1062	ycjF	UPF0283 family inner membrane protein	+
CDS	1380977	1382518	1542	tyrR	aromatic amino acid biosynthesis and transport regulon transcriptional regulator; autorepressor; ATPase; phosphatase	+
CDS	1382562	1383068	507	tpx	lipid hydroperoxide peroxidase	-
CDS	1383187	1384152	966	ycjG	L-Ala-D/L-Glu epimerase	+
CDS	1384127	1384855	729	mpaA	murein peptide amidase A	-
CDS	1384982	1385119	138	ymjC	pseudogene	-
CDS	1385125	1385190	66	ymjD	pseudogene fragment, MhpC family	-
CDS	1385190	1386110	921	ycjY	S9 homolog non-peptidase family protein	-
CDS	1386248	1387147	900	pgrR	murein peptide degradation regulator	+
CDS	1387484	1389097	1614	mppA	murein tripeptide (L-ala-gamma-D-glutamyl-meso-DAP) transporter subunit	+
CDS	1389148	1390179	1032	ynaI	mechanosensitive channel protein, very small conductance	-
CDS	1390333	1391349	1017	insH1	IS5 transposase and trans-activator	+
CDS	1391622	1391879	258	ynaJ	DUF2534 family putative inner membrane protein	+
CDS	1391929	1392879	951	uspE	stress-induced protein	-
CDS	1393031	1393783	753	fnr	oxygen-sensing anaerobic growth regulon transcriptional regulator; autorepressor	-
CDS	1393978	1394493	516	ogt	O-6-alkylguanine-DNA:cysteine-protein methyltransferase	-
CDS	1394504	1396030	1527	abgT	p-aminobenzoyl-glutamate transporter; membrane protein	-
mobile_element	1396044	1397238	1195		insertion sequence:IS5F	+
CDS	1396067	1397512	1446	abgB	p-aminobenzoyl-glutamate hydrolase, B subunit	-
CDS	1397512	1398822	1311	abgA	p-aminobenzoyl-glutamate hydrolase, A subunit	-
CDS	1398998	1399906	909	abgR	putative DNA-binding transcriptional regulator of abgABT operon	+
CDS	1400236	1400799	564	smrA	DNA endonuclease	+
CDS	1400820	1402052	1233	ydaM	diguanylate cyclase, csgD regulator	-
CDS	1402307	1403290	984	ydaN	putative Zn(II) transporter	+
CDS	1403768	1405141	1374	dbpA	ATP-dependent RNA helicase, specific for 23S rRNA	+
CDS	1405270	1406205	936	ttcA	tRNA 2-thiocytidine biosynthesis protein	-
CDS	1406257	1407492	1236	intR	Rac prophage; integrase	-
CDS	1407494	1407709	216	ydaQ	Rac prophage; conserved protein	-
CDS	1407788	1407997	210	rcbA	double-strand break reduction protein, Rac prophage	-
CDS	1407990	1408184	195	ralR	Rac prophage; restriction alleviation protein	-
CDS	1408241	1409050	810	recT	Rac prophage; recombination and repair protein	-
CDS	1409043	1411643	2601	recE	Rac prophage; exonuclease VIII, 5' -> 3' specific dsDNA exonuclease	-
CDS	1411745	1412020	276	racC	Rac prophage; uncharacterized protein	-
CDS	1412095	1412265	171	ydaE	Rac prophage; conserved protein	-
CDS	1412265	1412486	222	kilR	Rac prophage; inhibitor of ftsZ, killing protein	-
CDS	1412928	1413416	489	sieB	Rac prophage; phage superinfection exclusion protein	+
CDS	1413413	1413568	156	ydaF	Rac prophage; uncharacterized protein	-
CDS	1413579	1413713	135	ydaG	Rac prophage; uncharacterized protein	-
CDS	1414022	1414498	477	racR	Rac prophage; putative DNA-binding transcriptional regulator	-
CDS	1414622	1414918	297	ydaS	Rac prophage; putative DNA-binding transcriptional regulator	+
CDS	1414941	1415363	423	ydaT	Rac prophage; uncharacterized protein	+
CDS	1415376	1416233	858	ydaU	Rac prophage; conserved protein	+
CDS	1416240	1416986	747	ydaV	Rac prophage; putative DNA replication protein	+
CDS	1416958	1417457	500	ydaW	Rac prophage; pseudogene, DNA-binding protein family;Phage or Prophage Related	+
CDS	1417458	1417901	444	rzpR	pseudogene, Rac prophage; Bacteriophage Rz lysis protein family;Phage or Prophage Related; putative Rac prophage endopeptidase; completely contained in another CDS	+
CDS	1417657	1417842	186	rzoR	Rac prophage; putative lipoprotein	+
CDS	1418039	1419496	1458	trkG	Rac prophage; potassium transporter subunit	+
CDS	1419634	1419897	264	ynaK	Rac prophage; conserved protein	+
CDS	1419887	1420339	453	ydaY	pseudogene, Rac prophage;Phage or Prophage Related	+
CDS	1420711	1421643	933	tmpR	Rac prophage; pseudogene, tail protein family;Phage or Prophage Related; putative alpha helix protein	+
CDS	1421646	1421855	210	lomR	pseudogene, Rac prophage lom homolog;Phage or Prophage Related; interrupted by IS5 and N-ter deletion	+
mobile_element	1421856	1423051	1196		insertion sequence:IS5Y	-
CDS	1422003	1422983	981	insH1	IS5 transposase and trans-activator;IS, phage, Tn; Transposon-related functions; extrachromosomal; transposon related	-
CDS	1423306	1426668	3363	stfR	Rac prophage; putative tail fiber protein	+
CDS	1426668	1427243	576	tfaR	Rac prophage; putative tail fiber assembly protein	+
CDS	1427341	1427931	591	pinR	Rac prophage; putative site-specific recombinase	-
CDS	1428248	1428481	234	ynaE	cold shock protein, Rac prophage	-
CDS	1429215	1429265	51	ttcC	pseudogene, prophage Rac integration site ttcA duplication;Phage or Prophage Related	-
CDS	1429442	1429876	435	uspF	stress-induced protein, ATP-binding protein	-
CDS	1430017	1431150	1134	ompN	outer membrane pore protein N, non-specific	-
CDS	1431517	1435041	3525	pfo	pyruvate-flavodoxin oxidoreductase	-
CDS	1435315	1435581	267	ydbJ	DUF333 family putative lipoprotein	+
CDS	1435578	1436000	423	hslJ	heat-inducible lipoprotein involved in novobiocin resistance	-
CDS	1436111	1437100	990	ldhA	fermentative D-lactate dehydrogenase, NAD-dependent	-
CDS	1437308	1439947	2640	ydbH	putative membrane-anchored protein, function unknown	+
CDS	1439944	1440129	186	ynbE	lipoprotein	+
CDS	1440137	1440463	327	ydbL	DUF1318 family protein	+
CDS	1440635	1441540	906	feaR	transcriptional activator for tynA and feaB	-
CDS	1441776	1443275	1500	feaB	phenylacetaldehyde dehydrogenase	+
CDS	1443333	1445606	2274	tynA	tyramine oxidase, copper-requiring	-
CDS	1445854	1447899	2046	paaZ	fused oxepin-CoA hydrolase/3-oxo-5,6-dehydrosuberyl-CoA semialdehyde dehydrogenase	-
CDS	1448184	1449113	930	paaA	ring 1,2-phenylacetyl-CoA epoxidase subunit	+
CDS	1449125	1449412	288	paaB	putative ring 1,2-phenylacetyl-CoA epoxidase subunit	+
CDS	1449421	1450167	747	paaC	ring 1,2-phenylacetyl-CoA epoxidase subunit	+
CDS	1450182	1450679	498	paaD	ring 1,2-phenylacetyl-CoA epoxidase subunit	+
CDS	1450687	1451757	1071	paaE	ring 1,2-phenylacetyl-CoA epoxidase, NAD(P)H oxidoreductase component	+
CDS	1451754	1452521	768	paaF	2,3-dehydroadipyl-CoA hydratase	+
CDS	1452521	1453309	789	paaG	1,2-epoxyphenylacetyl-CoA isomerase, oxepin-CoA-forming	+
CDS	1453311	1454738	1428	paaH	3-hydroxyadipyl-CoA dehydrogenase, NAD+-dependent	+
CDS	1454728	1455150	423	paaI	hydroxyphenylacetyl-CoA thioesterase	+
CDS	1455150	1456355	1206	paaJ	3-oxoadipyl-CoA/3-oxo-5,6-dehydrosuberyl-CoA thiolase	+
CDS	1456382	1457695	1314	paaK	phenylacetyl-CoA ligase	+
CDS	1457796	1458746	951	paaX	transcriptional repressor of phenylacetic acid degradation paa operon, phenylacetyl-CoA inducer	+
CDS	1458728	1459318	591	paaY	putative hexapeptide repeat acetyltransferase	+
CDS	1459422	1459487	66	ynbG	uncharacterized protein	-
CDS	1459649	1462161	2513	ydbA	pseudogene, autotransporter homolog; interrupted by IS2 and IS30	+
mobile_element	1462167	1463497	1331		insertion sequence:IS2D	-
CDS	1462178	1463083	906	insD1	IS2 transposase TnpB	-
CDS	1463041	1463406	366	insC1	IS2 repressor TnpA	-
CDS	1463615	1464766	1152	insI1	IS30 transposase	+
CDS	1468478	1469338	861	ydbC	putative NAD(P)-binding oxidoreductase	+
mobile_element	1469296	1470516	1221		insertion sequence:IS30C	+
CDS	1469401	1471707	2307	ydbD	PF10971 family putative periplasmic methylglyoxal resistance protein	+
CDS	1471878	1472483	606	ynbA	inner membrane protein	+
CDS	1472483	1473379	897	ynbB	putative CDP-diglyceride synthase	+
CDS	1473395	1475152	1758	ynbC	putative esterase	+
CDS	1475166	1476458	1293	ynbD	putative phosphatase inner membrane protein	+
CDS	1476512	1477117	606	azoR	NADH-azoreductase, FMN-dependent	-
CDS	1477318	1481220	3903	hrpA	putative ATP-dependent helicase	+
CDS	1481492	1482292	801	ydcF	DUF218 superfamily protein, SAM-binding	+
CDS	1482489	1483928	1440	aldA	aldehyde dehydrogenase A, NAD-linked	+
CDS	1484221	1484970	750		pseudogene, GAP dehydrogenase; glyceraldehyde-3-phosphate dehydrogenase (second fragment)	-
CDS	1485159	1485689	531	cybB	cytochrome b561	+
CDS	1485934	1486107	174	ydcA	putative periplasmic protein	+
CDS	1486179	1486328	150	hokB	toxic polypeptide, small	-
CDS	1486219	1486386	168	mokB	regulatory peptide	-
CDS	1486727	1488367	1641	trg	methyl-accepting chemotaxis protein III, ribose and galactose sensor receptor	+
CDS	1488405	1489328	924	ydcI	putative DNA-binding transcriptional regulator	-
CDS	1489545	1490888	1344	ydcJ	putative metalloenzyme	+
CDS	1491113	1492768	1656	opgD	osmoregulated periplasmic glucan (OPG) biosynthesis periplasmic protein	+
CDS	1492908	1493132	225	ydcH	DUF465 family protein	+
CDS	1493195	1493734	540	rimL	ribosomal-protein-L7/L12-serine acetyltransferase	+
CDS	1493726	1494706	981	ydcK	uncharacterized protein	-
CDS	1494830	1495822	993	tehA	potassium-tellurite ethidium and proflavin transporter	+
CDS	1495819	1496412	594	tehB	tellurite, selenium methyltransferase, SAM-dependent; tellurite, selenium resistance protein	+
CDS	1496714	1497382	669	ydcL	lipoprotein	+
CDS	1497475	1497906	432	insP	pseudogene, IS609 transposase A;IS, phage, Tn; Transposon-related functions; extrachromosomal; transposon related	-
CDS	1497974	1499122	1149	insQ	IS609 transposase B	+
CDS	1499162	1500337	1176	ydcO	BenE family inner membrane putative transporter	-
CDS	1500429	1500965	537	ydcN	putative DNA-binding transcriptional regulator	+
CDS	1501038	1502999	1962	ydcP	putative peptidase	+
CDS	1503091	1503321	231	yncJ	uncharacterized protein	-
mobile_element	1503161	1504908	1748		insertion sequence:IS609	+
CDS	1503543	1503719	177	hicA	mRNA interferase toxin of the HicAB toxin-antitoxin system	+
CDS	1503765	1504181	417	hicB	antitoxin for the HicAB toxin-antitoxin system	+
CDS	1504260	1505666	1407	ydcR	putative DNA-binding transcriptional regulator/putative amino transferase	+
CDS	1505911	1507056	1146	ydcS	polyhydroxybutyrate (PHB) synthase, ABC transporter periplasmic binding protein homolog	+
CDS	1507074	1508087	1014	ydcT	putative spermidine/putrescine transporter subunit	+
CDS	1508088	1509029	942	ydcU	putative spermidine/putrescine transporter subunit	+
CDS	1509019	1509813	795	ydcV	putative spermidine/putrescine transporter subunit	+
CDS	1509835	1511259	1425	patD	gamma-aminobutyraldehyde dehydrogenase	+
CDS	1511356	1511451	96	yncL	stress-induced small inner membrane enterobacterial protein	-
CDS	1511646	1511819	174	ydcX	DUF2566 family protein	+
CDS	1511905	1512138	234	ydcY	uncharacterized protein	+
CDS	1512139	1512588	450	ydcZ	DUF606 family inner membrane protein	-
CDS	1512585	1513103	519	mnaT	methionine N-acyltransferase; L-amino acid N-acyltransferase	-
CDS	1513284	1514321	1038	curA	curcumin/dihydrocurcumin reductase, NADPH-dependent	+
CDS	1514519	1515184	666	mcbR	colanic acid and biofilm gene transcriptional regulator, MqsR-controlled	+
CDS	1515220	1517322	2103	yncD	putative iron outer membrane transporter	-
CDS	1517564	1518625	1062	yncE	ATP-binding protein, periplasmic, function unknown	+
CDS	1518738	1520237	1500	ansP	L-asparagine transporter	-
CDS	1520504	1521121	618	yncG	glutathione S-transferase homolog	+
CDS	1521197	1521409	213	yncH	IPR020099 family protein	+
CDS	1522159	1524195	2037	rhsE	pseudogene, Rhs family protein	+
CDS	1524179	1524661	483	ydcD	uncharacterized protein	+
CDS	1524843	1525580	738		pseudogene	+
CDS	1526073	1527209	1137	ydcC	H repeat-associated putative transposase	+
CDS	1527309	1527542	234	pptA	4-oxalocrotonate tautomerase	+
CDS	1527539	1528108	570	yddH	flavin reductase like-protein	-
CDS	1528281	1529126	846	nhoA	N-hydroxyarylamine O-acetyltransferase	+
CDS	1529222	1530115	894	yddE	PhzC-PhzF family protein	-
CDS	1530194	1530874	681	narV	nitrate reductase 2 (NRZ), gamma subunit	-
CDS	1530871	1531566	696	narW	nitrate reductase 2 (NRZ), delta subunit (assembly subunit)	-
CDS	1531566	1533110	1545	narY	nitrate reductase 2 (NRZ), beta subunit	-
CDS	1533107	1536847	3741	narZ	nitrate reductase 2 (NRZ), alpha subunit	-
CDS	1536929	1538317	1389	narU	nitrate/nitrite transporter	-
CDS	1539021	1539971	951		pseudogene, leucine-rich protein; putative glycoportein	-
CDS	1540007	1540285	279	yddL	putative lipoprotein;putative membrane; Not classified; putative outer membrane porin protein	-
CDS	1540545	1541426	882	yddG	aromatic amino acid exporter	-
CDS	1541658	1544705	3048	fdnG	formate dehydrogenase-N, alpha subunit, nitrate-inducible	+
CDS	1544718	1545602	885	fdnH	formate dehydrogenase-N, Fe-S (beta) subunit, nitrate-inducible	+
CDS	1545595	1546248	654	fdnI	formate dehydrogenase-N, cytochrome B556 (gamma) subunit, nitrate-inducible	+
CDS	1546655	1546939	285	yddM	putative DNA-binding transcriptional regulator	-
CDS	1547085	1548095	1011	adhP	ethanol-active dehydrogenase/acetaldehyde-active reductase	-
CDS	1548229	1549926	1698	maeA	malate dehydrogenase, (decarboxylating, NAD-requiring) (malic enzyme)	-
CDS	1550083	1550220	138	sra	stationary-phase-induced ribosome-associated protein	-
CDS	1550322	1550537	216	bdm	biofilm-dependent modulation protein	-
CDS	1550882	1551313	432	osmC	lipoyl-dependent Cys-based peroxidase, hydroperoxide resistance; salt-shock inducible membrane protein; peroxiredoxin	+
CDS	1551369	1552295	927	ddpF	D,D-dipeptide permease system, ATP-binding component	-
CDS	1552288	1553274	987	ddpD	D,D-dipeptide permease system, ATP-binding component	-
CDS	1553271	1554167	897	ddpC	D-ala-D-ala transporter subunit	-
CDS	1554164	1555186	1023	ddpB	D-ala-D-ala transporter subunit	-
CDS	1555188	1556738	1551	ddpA	D-ala-D-a la transporter subunit	-
CDS	1556752	1557333	582	ddpX	D-ala-D-ala dipeptidase, Zn-dependent	-
CDS	1557591	1559990	2400	dosP	oxygen sensor, c-di-GMP phosphodiesterase, heme-regulated; cold- and stationary phase-induced bioflim regulator	-
CDS	1560015	1561397	1383	dosC	diguanylate cyclase, cold- and stationary phase-induced oxygen-dependent biofilm regulator	-
CDS	1561761	1563080	1320	yddW	liprotein, glycosyl hydrolase homolog	-
CDS	1563211	1564746	1536	gadC	glutamate:gamma-aminobutyric acid antiporter	-
CDS	1564902	1566302	1401	gadB	glutamate decarboxylase B, PLP-dependent	-
CDS	1566664	1569459	2796	pqqL	putative periplasmic M16 family zinc metalloendopeptidase	-
CDS	1569504	1571876	2373	yddB	putative TonB-dependent outer membrane receptor	-
CDS	1571914	1573599	1686	yddA	putative multidrug transporter subunit of ABC superfamily, membrane component/ATP-binding component	-
CDS	1573890	1575047	1158	ydeM	putative YdeN-specific sulfatase-maturating enzyme	-
CDS	1575099	1576781	1683	ydeN	putative Ser-type periplasmic non-aryl sulfatase	-
CDS	1577183	1577944	762	ydeO	UV-inducible global regulator, EvgA-, GadE-dependent	-
CDS	1578019	1578216	198	safA	two-component system connector membrane protein, EvgSA to PhoQP	-
CDS	1578464	1580743	2280	ydeP	putative oxidoreductase	-
CDS	1581077	1581991	915	ydeQ	putative fimbrial-like adhesin protein	-
CDS	1582050	1582553	504	ydeR	putative fimbrial-like adhesin protein	-
CDS	1582566	1583096	531	ydeS	putative fimbrial-like adhesin protein	-
CDS	1583110	1584336	1227	ydeT	pseudogene; putative outer membrane protein	-
CDS	1584683	1584793	111		pseudogene, AraC family	-
CDS	1585111	1586433	1323	hipA	inactivating GltX kinase facilitating persister formation; toxin of HipAB TA pair; autokinase	-
CDS	1586433	1586699	267	hipB	antitoxin of HipAB toxin-antitoxin system	-
CDS	1586922	1592244	5323	yneO	pseudogene, AidA homolog	-
CDS	1592874	1594466	1593	lsrK	autoinducer-2 (AI-2) kinase	-
CDS	1594545	1595498	954	lsrR	lsr operon transcriptional repressor	-
CDS	1595747	1597282	1536	lsrA	autoinducer 2 import ATP-binding protein	+
CDS	1597276	1598304	1029	lsrC	autoinducer 2 import system permease protein	+
CDS	1598304	1599296	993	lsrD	autoinducer 2 import system permease protein	+
CDS	1599308	1600330	1023	lsrB	autoinducer 2-binding protein	+
CDS	1600357	1601232	876	lsrF	putative autoinducer-2 (AI-2) aldolase	+
CDS	1601256	1601546	291	lsrG	autoinducer-2 (AI-2) degrading protein LsrG	+
CDS	1601603	1602361	759	tam	trans-aconitate methyltransferase	+
CDS	1602365	1603279	915	yneE	bestrophin family putative inner membrane protein	-
CDS	1603486	1604937	1452	uxaB	altronate oxidoreductase, NAD-dependent	-
CDS	1605164	1606111	948	yneF	putative membrane-bound diguanylate cyclase	-
CDS	1606223	1606582	360	yneG	DUF4186 family protein	-
CDS	1606582	1607508	927	glsB	glutaminase 2	-
CDS	1607572	1608960	1389	sad	succinate semialdehyde dehydrogenase, NAD(P)+-dependent	-
CDS	1609061	1609942	882	yneJ	putative DNA-binding transcriptional regulator	+
CDS	1610020	1611135	1116	yneK	uncharacterized protein	+
CDS	1611285	1612475	1191	ydeA	arabinose efflux transporter, arabinose-inducible	+
CDS	1612500	1613165	666	marC	UPF0056 family inner membrane protein	-
CDS	1613377	1613811	435	marR	transcriptional repressor of multiple antibiotic resistance	+
CDS	1613831	1614214	384	marA	multiple antibiotic resistance transcriptional regulator	+
CDS	1614246	1614464	219	marB	mar operon regulator, periplasmic	+
CDS	1614495	1615394	900	eamA	cysteine and O-acetyl-L-serine efflux system	-
CDS	1615589	1616776	1188	ydeE	putative transporter	+
CDS	1616903	1616998	96	yneM	inner membrane-associated protein	+
CDS	1617217	1618107	891	dgcZ	diguanylate cyclase, zinc-sensing	-
CDS	1618362	1618754	393	ydeI	hydrogen peroxide resistance OB fold protein; putative periplasmic protein	-
CDS	1619030	1619548	519	ydeJ	inactive PncC family protein	+
CDS	1619592	1621637	2046	dcp	dipeptidyl carboxypeptidase II	-
CDS	1621774	1622520	747	ydfG	NADP-dependent 3-hydroxy acid dehydrogenase; malonic semialdehyde reductase	+
CDS	1622609	1623295	687	rspR	transcriptional repressor for rspAB	+
CDS	1623472	1623675	204	ydfZ	selenoprotein, function unknown	+
CDS	1623710	1625170	1461	ydfI	putative NAD-dependent D-mannonate oxidoreductase	-
CDS	1627329	1627562	234	ydfK	cold shock protein, function unknown, Qin prophage	+
CDS	1627879	1628469	591	pinQ	Qin prophage; putative site-specific recombinase	+
CDS	1628567	1629142	576	tfaQ	Qin prophage; putative tail fiber assembly protein	-
CDS	1629142	1630104	963	stfQ	Qin prophage; putative side tail fiber assembly protein	-
CDS	1630097	1630624	528	nohQ	pseudogene, Qin prophage; Phage DNA packaging protein Nu1 family;Phage or Prophage Related; DNA packaging protein NU1 homolog from lambdoid prophage Qin	-
CDS	1631013	1631246	234	ynfO	uncharacterized protein, Qin prophage	+
CDS	1631304	1631714	411	ydfO	Qin prophage; uncharacterized protein	+
CDS	1631866	1632039	174	gnsB	Qin prophage; multicopy suppressor of secG(Cs) and fabA6(Ts)	-
CDS	1632211	1632366	156	ynfN	Qin prophage; cold shock-induced protein	-
CDS	1632712	1632924	213	cspI	Qin prophage; cold shock protein	-
CDS	1633287	1633784	498	rzpQ	Rz-like protein, Qin prophage	-
CDS	1633337	1633591	255	rzoQ	putative Rz1-like lipoprotein, Qin prophage	-
CDS	1633781	1634314	534	rrrQ	Qin prophage; putative lysozyme	-
CDS	1634311	1634622	312	ydfR	Qin prophage; uncharacterized protein	-
CDS	1634627	1634842	216	essQ	Qin prophage; putative S lysis protein	-
CDS	1635596	1635811	216	cspB	Qin prophage; cold shock protein	-
CDS	1636112	1636324	213	cspF	Qin prophage; cold shock protein	+
CDS	1636746	1637498	753	quuQ	Qin prophage; putative antitermination protein Q	-
CDS	1637512	1638561	1050	ydfU	Qin prophage; uncharacterized protein	-
CDS	1638908	1639159	252	rem	Qin prophage; uncharacterized protein	-
CDS	1639376	1639531	156	hokD	Qin prophage; small toxic polypeptide	-
CDS	1639603	1639890	288	relE	Qin prophage; toxin of the RelE-RelB toxin-antitoxin system	-
CDS	1639890	1640129	240	relB	Qin prophage; bifunctional antitoxin of the RelE-RelB toxin-antitoxin system/ transcriptional repressor	-
CDS	1640154	1640459	306	ydfV	Qin prophage; uncharacterized protein	+
CDS	1640662	1640994	333	flxA	Qin prophage; uncharacterized protein	+
CDS	1641431	1641613	183	intK	pseudogene, integrase fragment, Qin prophage;Phage or Prophage Related	-
CDS	1641615	1641893	279	ydfX	pseudogene, Qin prophage;Phage or Prophage Related	-
CDS	1641877	1642107	231	dicC	Qin prophage; DNA-binding transcriptional regulator for DicB	-
CDS	1642191	1642598	408	dicA	Qin prophage; putative regulator for DicB	+
CDS	1642765	1642920	156	ydfA	Qin prophage; uncharacterized protein	+
CDS	1642922	1643050	129	ydfB	Qin prophage; uncharacterized protein	+
CDS	1643080	1643298	219	ydfC	uncharacterized protein, Qin prophage	+
CDS	1643866	1644054	189	dicB	Qin prophage; cell division inhibition protein	+
CDS	1644051	1644242	192	ydfD	Qin prophage; uncharacterized protein	+
CDS	1644335	1645099	765	ydfE	Qin prophage; pseudogene;Phage or Prophage Related	+
CDS	1645102	1645794	693	insD1	IS2 transposase TnpB;IS, phage, Tn; Transposon-related functions; extrachromosomal; transposon related	+
CDS	1645808	1646965	1158	intQ	pseudogene, Qin prophage; phage integrase family;Phage or Prophage Related	+
CDS	1647012	1647095	84	ydfJ	pseudogene, MFS transporter family; interrupted by Qin prophage;Phage or Prophage Related; putative transport protein	-
CDS	1647153	1648172	1020	rspB	putative Zn-dependent NAD(P)-binding oxidoreductase	-
CDS	1648184	1649398	1215	rspA	bifunctional D-altronate/D-mannonate dehydratase	-
CDS	1649604	1649930	327	ynfA	UPF0060 family inner membrane protein	-
CDS	1650065	1650406	342	ynfB	UPF0482 family putative periplasmic protein	+
CDS	1650441	1651001	561	speG	spermidine N1-acetyltransferase	+
mobile_element	1650843	1651548	706		insertion sequence:IS2E	+
CDS	1651004	1651714	711	ynfC	UPF0257 family lipoprotein	-
CDS	1651822	1652127	306	ynfD	DUF1161 family periplasmic protein	+
CDS	1652326	1654752	2427	ynfE	putative selenate reductase, periplasmic	+
CDS	1654813	1657236	2424	ynfF	S- and N-oxide reductase, A subunit, periplasmic	+
CDS	1657247	1657864	618	ynfG	oxidoreductase, Fe-S subunit	+
CDS	1657866	1658720	855	ynfH	oxidoreductase, membrane subunit	+
CDS	1658763	1659377	615	dmsD	twin-argninine leader-binding protein for DmsA and TorA	+
CDS	1659572	1660828	1257	clcB	H(+)/Cl(-) exchange transporter	+
CDS	1660781	1661476	696	ynfK	putative dethiobiotin synthetase	-
CDS	1661601	1662821	1221	mlc	glucosamine anaerobic growth regulon transcriptional repressor; autorepressor	-
CDS	1662956	1663849	894	ynfL	LysR family putative transcriptional regulator	-
CDS	1663956	1665209	1254	ynfM	putative arabinose efflux transporter	+
CDS	1665633	1665941	309	asr	acid shock-inducible periplasmic protein	+
CDS	1666034	1666117	84	ydgU	stationary phase-induced protein	+
CDS	1666217	1667038	822	ydgD	putative peptidase	+
CDS	1667077	1667406	330	mdtI	multidrug efflux system transporter	-
CDS	1667393	1667758	366	mdtJ	multidrug efflux system transporter	-
CDS	1668170	1669204	1035	tqsA	pheromone AI-2 transporter	+
CDS	1669229	1670617	1389	pntB	pyridine nucleotide transhydrogenase, beta subunit	-
CDS	1670628	1672160	1533	pntA	pyridine nucleotide transhydrogenase, alpha subunit	-
CDS	1672684	1673628	945	ydgH	DUF1471 family periplasmic protein	+
CDS	1673814	1675196	1383	ydgI	putative arginine/ornithine antiporter transporter	+
CDS	1675233	1675955	723	folM	dihydromonapterin reductase, NADPH-dependent; dihydrofolate reductase isozyme	+
CDS	1675952	1676287	336	ydgC	GlpM family inner membrane protein	-
CDS	1676416	1677135	720	rstA	response regulator of RstAB two-component system, low Mg-responsive via PhoQP	+
CDS	1677139	1678440	1302	rstB	sensory histidine kinase of RstAB two-component system, low Mg-responsive via PhoQP	+
CDS	1678516	1679445	930	tus	inhibitor of replication at Ter, DNA-binding protein	+
CDS	1679442	1680845	1404	fumC	fumarate hydratase (fumarase C),aerobic Class II	-
CDS	1680988	1682634	1647	fumA	fumarate hydratase (fumarase A), aerobic Class I	-
CDS	1682833	1684008	1176	manA	mannose-6-phosphate isomerase	+
CDS	1684109	1685617	1509	ydgA	DUF945 family protein	+
CDS	1685843	1687108	1266	uidC	putative outer membrane porin for beta-glucuronides porin protein	-
CDS	1687147	1688520	1374	uidB	glucuronide transporter	-
CDS	1688517	1690328	1812	uidA	beta-D-glucuronidase	-
CDS	1690719	1691309	591	uidR	transcriptional repressor	-
CDS	1691530	1692297	768	hdhA	7-alpha-hydroxysteroid dehydrogenase, NAD-dependent	-
CDS	1692409	1693437	1029	malI	transcriptional repressor of Mal regulon	-
CDS	1693612	1695204	1593	malX	fused maltose and glucose-specific PTS enzymes: IIB component, IIC component	+
CDS	1695214	1696386	1173	malY	bifunctional beta-cystathionase, PLP-dependent/ regulator of maltose regulon	+
CDS	1696490	1697491	1002	add	adenosine deaminase	+
CDS	1697525	1698565	1041	ydgJ	putative oxidoreductase	-
CDS	1698808	1698933	126	blr	beta-lactam resistance membrane protein; divisome-associated protein	+
CDS	1699206	1699421	216	cnu	nucleoid-associated oriC-binding protein; H-NS and StpA stabilizing factor	+
CDS	1699507	1699947	441	ydgK	DUF2569 family inner membrane protein	+
CDS	1700024	1700605	582	rsxA	SoxR iron-sulfur cluster reduction factor component; inner membrane protein of electron transport complex	+
CDS	1700605	1701183	579	rsxB	SoxR iron-sulfur cluster reduction factor component; putative iron-sulfur protein	+
CDS	1701176	1703398	2223	rsxC	SoxR iron-sulfur cluster reduction factor component; putative membrane-associated NADH oxidoreductase of electron transport complex	+
CDS	1703399	1704457	1059	rsxD	SoxR iron-sulfur cluster reduction factor component; putative membrane protein of electron transport complex	+
CDS	1704461	1705081	621	rsxG	SoxR iron-sulfur cluster reduction factor component; putative membrane protein of electron transport complex	+
CDS	1705085	1705780	696	rsxE	SoxR iron-sulfur cluster reduction factor component; electron transport inner membrane NADH-quinone reductase	+
CDS	1705780	1706415	636	nth	DNA glycosylase and apyrimidinic (AP) lyase (endonuclease III)	+
CDS	1707026	1708528	1503	dtpA	dipeptide and tripeptide permease A	+
CDS	1708634	1709239	606	gstA	glutathionine S-transferase	+
CDS	1709283	1710146	864	pdxY	pyridoxamine kinase	-
CDS	1710205	1711479	1275	tyrS	tyrosyl-tRNA synthetase	-
CDS	1711608	1712264	657	pdxH	pyridoxine 5'-phosphate oxidase	-
CDS	1712323	1712652	330	mliC	inhibitor of c-type lysozyme, membrane-bound; putative lipoprotein	-
CDS	1712750	1713859	1110	anmK	anhydro-N-acetylmuramic acid kinase	-
CDS	1714133	1714600	468	slyB	outer membrane lipoprotein	+
CDS	1714647	1715081	435	slyA	global transcriptional regulator	-
CDS	1715282	1715518	237	ydhI	DUF1656 family putative inner membrane efflux pump associated protein	+
CDS	1715521	1716378	858	ydhJ	putative membrane fusion protein (MFP) of YdhJK efflux pump	+
CDS	1716378	1718390	2013	ydhK	putative efflux protein (PET) component of YdhJK efflux pump	+
CDS	1718391	1718912	522	sodC	superoxide dismutase, Cu, Zn, periplasmic	-
CDS	1718993	1719889	897	ydhF	putative oxidoreductase	-
CDS	1719938	1720177	240	ydhL	DUF1289 family protein	-
CDS	1720280	1720879	600	nemR	transcriptional repressor for the nemRA-gloA operon, quinone-, glyoxal-, and HOCl-activated	+
CDS	1720916	1722013	1098	nemA	chromate reductase, quinone reductase, FMN-linked; N-Ethylmaleimide reductase; old yellow enzyme	+
CDS	1722094	1722501	408	gloA	glyoxalase I, Ni-dependent	+
CDS	1722604	1723251	648	rnt	ribonuclease T (RNase T)	+
CDS	1723344	1727960	4617	lhr	putative ATP-dependent helicase	+
CDS	1728011	1728358	348	grxD	glutaredoxin-4	-
CDS	1728692	1729507	816	mepH	murein DD-endopeptidase, space-maker hydrolase	+
CDS	1729635	1730216	582	sodB	superoxide dismutase, Fe	+
CDS	1730378	1731547	1170	ydhP	putative transporter	-
CDS	1731713	1731802	90	ynhF	stress response membrane	-
CDS	1732101	1733126	1026	purR	transcriptional repressor, hypoxanthine-binding	+
CDS	1733123	1734055	933	ydhB	LysR family putative transcriptional regulator	-
CDS	1734168	1735379	1212	ydhC	putative arabinose efflux transporter	+
CDS	1735670	1736818	1149	cfa	cyclopropane fatty acyl phospholipid synthase (unsaturated-phospholipid methyltransferase)	+
CDS	1736858	1737499	642	ribC	riboflavin synthase, alpha subunit	-
CDS	1737714	1739087	1374	mdtK	multidrug efflux system transporter	+
CDS	1739128	1740384	1257	ydhQ	autotransporter adhesin-related protein	-
CDS	1740957	1741262	306	ydhR	putative monooxygenase	+
CDS	1741388	1742992	1605	ydhS	putative oxidoreductase	+
CDS	1743004	1743816	813	ydhT	FNR, Nar, NarP-regulated protein; putative subunit of YdhYVWXUT oxidoreductase complex	-
CDS	1743820	1744605	786	ydhU	putative cytochrome b subunit of YdhYVWXUT oxidoreductase complex	-
CDS	1744602	1745270	669	ydhX	putative 4Fe-4S ferridoxin-type protein; FNR, Nar, NarP-regulated protein; putative subunit of YdhYVWXUT oxidoreductase complex	-
CDS	1745334	1745981	648	ydhW	FNR, Nar, NarP-regulated protein; putative subunit of YdhYVWXUT oxidoreductase complex	-
CDS	1745985	1748087	2103	ydhV	putative oxidoreductase subunit	-
CDS	1748108	1748734	627	ydhY	putative 4Fe-4S ferridoxin-type protein; FNR, Nar, NarP-regulated protein; putative subunit of YdhYVWXUT oxidoreductase complex	-
CDS	1749189	1749398	210	ydhZ	uncharacterized protein	-
CDS	1749955	1751367	1413	pykF	pyruvate kinase I	+
CDS	1751678	1751914	237	lpp	murein lipoprotein	+
CDS	1751978	1752982	1005	ldtE	murein L,D-transpeptidase	-
CDS	1753131	1753547	417	sufE	sulfur acceptor protein	-
CDS	1753560	1754780	1221	sufS	cysteine desulfurase, stimulated by SufE; selenocysteine lyase, PLP-dependent	-
CDS	1754777	1756048	1272	sufD	component of SufBCD Fe-S cluster assembly scaffold	-
CDS	1756023	1756769	747	sufC	SufBCD Fe-S cluster assembly scaffold protein, ATP-binding protein	-
CDS	1756779	1758266	1488	sufB	component of SufBCD Fe-S cluster assembly scaffold	-
CDS	1758275	1758643	369	sufA	Fe-S cluster assembly protein	-
CDS	1759191	1759379	189	ydiH	uncharacterized protein	-
CDS	1759479	1759889	411	menI	1,4-dihydroxy-2-naphthoyl-CoA hydrolase	-
CDS	1759886	1762942	3057	ydiJ	putative FAD-linked oxidoreductase	-
CDS	1763331	1764443	1113	ydiK	UPF0118 family inner membrane protein	+
CDS	1764872	1765228	357	ydiL	putative HTH domain DNA-binding protein	+
CDS	1765328	1766542	1215	ydiM	MFS superfamily sugar transport 1 family protein	+
CDS	1766769	1768034	1266	ydiN	MFS transporter superfamily protein	+
CDS	1768046	1768912	867	ydiB	quinate/shikimate 5-dehydrogenase, NAD(P)-binding	+
CDS	1768943	1769701	759	aroD	3-dehydroquinate dehydratase	+
CDS	1769844	1771439	1596	ydiF	putative acetyl-CoA:acetoacetyl-CoA transferase: alpha subunit/beta subunit	+
CDS	1771453	1772604	1152	ydiO	putative acyl-CoA dehydrogenase	+
CDS	1772647	1773558	912	ydiP	putative DNA-binding transcriptional regulator	-
CDS	1773874	1774638	765	ydiQ	putative electron transfer flavoprotein subunit	+
CDS	1774658	1775596	939	ydiR	putative electron transfer flavoprotein, FAD-binding subunit	+
CDS	1775652	1776941	1290	ydiS	putative oxidoreductase	+
CDS	1776938	1777231	294	ydiT	putative 3Fe-4S ferredoxin-type protein	+
CDS	1777288	1778934	1647	fadK	short chain acyl-CoA synthetase, anaerobic	+
CDS	1778991	1781369	2379	ppsA	phosphoenolpyruvate synthase	-
CDS	1781702	1782535	834	ppsR	bifunctional regulatory protein: PEP synthase kinase and PEP synthase pyrophosphorylase	+
CDS	1782692	1783738	1047	aroH	3-deoxy-D-arabino-heptulosonate-7-phosphate synthase, tryptophan repressible	+
CDS	1783870	1784061	192	ydiE	hemin uptake protein HemP homolog	+
CDS	1784065	1785501	1437	ydiU	UPF0061 family protein	-
CDS	1785564	1786277	714	ydiV	anti-FlhD4C2 factor, inactive EAL family phosphodiesterase	-
CDS	1786524	1786988	465	nlpC	putative C40 clan peptidase lipoprotein	-
CDS	1787066	1787815	750	btuD	vitamin B12 transporter subunit : ATP-binding component of ABC superfamily	-
CDS	1787815	1788366	552	btuE	glutathione peroxidase	-
CDS	1788429	1789409	981	btuC	vitamin B12 transporter subunit: membrane component of ABC superfamily	-
CDS	1789510	1789809	300	ihfA	integration host factor (IHF), DNA-binding protein, alpha subunit	-
CDS	1789814	1792201	2388	pheT	phenylalanine tRNA synthetase, beta subunit	-
CDS	1792216	1793199	984	pheS	phenylalanine tRNA synthetase, alpha subunit	-
CDS	1793483	1793527	45	pheM	phenylalanyl-tRNA synthetase operon leader peptide	-
CDS	1793650	1794006	357	rplT	50S ribosomal subunit protein L20	-
CDS	1794059	1794256	198	rpmI	50S ribosomal subunit protein L35	-
CDS	1794353	1794895	543	infC	translation initiation factor IF-3	-
CDS	1794899	1796827	1929	thrS	threonyl-tRNA synthetase	-
CDS	1797351	1797776	426		pseudogene, ankyrin repeats	+
CDS	1799422	1799529	108	yniD	uncharacterized protein	+
CDS	1799582	1800340	759	ydiY	acid-inducible putative outer membrane protein	-
CDS	1800627	1801556	930	pfkB	6-phosphofructokinase II	+
CDS	1801657	1801947	291	ydiZ	uncharacterized protein	+
CDS	1802053	1802913	861	yniA	fructosamine kinase family protein	+
CDS	1802954	1803490	537	yniB	putative inner membrane protein	-
CDS	1803637	1804305	669	yniC	2-deoxyglucose-6-P phosphatase	+
CDS	1804468	1805058	591	ydjM	inner membrane protein regulated by LexA	+
CDS	1805191	1806582	1392	ydjN	putative transporter	+
CDS	1806586	1807389	804	ydjO	uncharacterized protein	-
CDS	1807678	1807920	243	cedA	cell division modulator	-
CDS	1808124	1810385	2262	katE	catalase HPII, heme d-containing	+
CDS	1810643	1811392	750	chbG	chito-oligosaccharide deacetylase	-
CDS	1811405	1812757	1353	chbF	phospho-chitobiase; general 6-phospho-beta-glucosidase activity	-
CDS	1812862	1813704	843	chbR	repressor of chb operon for N,N'-diacetylchitobiose utilization	-
CDS	1813712	1814062	351	chbA	N,N'-diacetylchitobiose-specific enzyme IIA component of PTS	-
CDS	1814113	1815471	1359	chbC	N,N'-diacetylchitobiose-specific enzyme IIC component of PTS	-
CDS	1815556	1815876	321	chbB	N,N'-diacetylchitobiose-specific enzyme IIB component of PTS	-
CDS	1816175	1816513	339	osmE	osmotically-inducible lipoprotein	-
CDS	1816715	1817542	828	nadE	NAD synthetase, NH3/glutamine-dependent	+
CDS	1817772	1818659	888	cho	endonuclease of nucleotide excision repair	+
CDS	1818619	1819194	576	ves	cold- and stress-inducible protein	-
CDS	1819397	1819882	486	spy	periplasmic ATP-independent protein refolding chaperone, stress-induced	-
CDS	1820212	1821180	969	astE	succinylglutamate desuccinylase	-
CDS	1821173	1822516	1344	astB	succinylarginine dihydrolase	-
CDS	1822513	1823991	1479	astD	succinylglutamic semialdehyde dehydrogenase	-
CDS	1823988	1825022	1035	astA	arginine succinyltransferase	-
CDS	1825019	1826239	1221	astC	succinylornithine transaminase, PLP-dependent	-
CDS	1826685	1827491	807	xthA	exonuclease III	+
CDS	1827658	1828368	711	ydjX	TVP38/TMEM64 family inner membrane protein	+
CDS	1828373	1829050	678	ydjY	putative ferrodoxin-like lipoprotein	+
CDS	1829065	1829772	708	ydjZ	TVP38/TMEM64 family inner membrane protein	+
CDS	1829772	1830320	549	ynjA	carboxymuconolactone decarboxylase family protein	+
CDS	1830330	1831496	1167	ynjB	putative ABC superfamily transporter periplasmic-binding protein	+
CDS	1831469	1833004	1536	ynjC	inner membrane putative ABC superfamily transporter permease	+
CDS	1833004	1833657	654	ynjD	putative ABC superfamily transporter ATP-binding subunit	+
CDS	1833724	1835031	1308	ynjE	molybdopterin synthase sulfurtransferase	+
CDS	1835040	1835660	621	ynjF	inner membrane protein, phosphatidylglycerophosphate synthase homolog	-
CDS	1835747	1836154	408	nudG	CTP pyrophosphohydrolase; also hydrolyzes 2-hydroxy-dATP, 8-hydroxy-dGTP, 5-hydroxy-CTP, dCTP and 5-methyl-dCTP	+
CDS	1836120	1836392	273	ynjH	DUF1496 family protein	-
CDS	1836628	1837971	1344	gdhA	glutamate dehydrogenase, NADP-specific	+
CDS	1838088	1839128	1041	ynjI	inner membrane protein	-
CDS	1839256	1841217	1962	topB	DNA topoisomerase III	-
CDS	1841222	1842265	1044	selD	selenophosphate synthase	-
CDS	1842382	1842933	552	ydjA	putative oxidoreductase	-
CDS	1843094	1844950	1857	sppA	protease IV (signal peptide peptidase)	+
CDS	1845117	1846133	1017	ansA	cytoplasmic L-asparaginase 1	+
CDS	1846144	1846785	642	pncA	nicotinamidase/pyrazinamidase	+
CDS	1846878	1848236	1359	ydjE	putative transporter	-
CDS	1848353	1849111	759	ydjF	putative DNA-binding transcriptional regulator	-
CDS	1849248	1850228	981	ydjG	alpha-Keto reductase, NADH-dependent; can use methylglyoxal as substrate	-
CDS	1850238	1851185	948	ydjH	putative kinase	-
CDS	1851190	1852026	837	ydjI	putative aldolase	-
CDS	1852047	1853090	1044	ydjJ	putative Zn-dependent NAD(P)-binding oxidoreductase	-
CDS	1853107	1854486	1380	ydjK	putative transporter	-
CDS	1854513	1855589	1077	ydjL	putative Zn-dependent NAD(P)-binding oxidoreductase	-
CDS	1855959	1856231	273	yeaC	DUF1315 family protein	-
CDS	1856273	1856686	414	msrB	methionine sulfoxide reductase B	-
CDS	1857028	1858023	996	gapA	glyceraldehyde-3-phosphate dehydrogenase A	+
CDS	1858107	1858991	885	yeaD	D-hexose-6-phosphate epimerase-like protein	+
CDS	1859039	1859893	855	yeaE	aldo-keto reductase, methylglyoxal to acetol, NADPH-dependent	-
CDS	1859983	1860729	747	mipA	scaffolding protein for murein synthesizing machinery	-
CDS	1861165	1863099	1935	yeaG	protein kinase, endogenous substrate unidentified; autokinase	+
CDS	1863212	1864495	1284	yeaH	UPF0229 family protein	+
CDS	1864642	1866117	1476	yeaI	putative membrane-anchored diguanylate cyclase	+
CDS	1866298	1867788	1491	yeaJ	putative diguanylate cyclase	+
CDS	1867831	1868334	504	yeaK	aminoacyl-tRNA editing domain protein	+
CDS	1868335	1868439	105	yoaI	uncharacterized protein	-
CDS	1868609	1869055	447	yeaL	UPF0756 family putative inner membrane protein	+
CDS	1869012	1869833	822	yeaM	putative DNA-binding transcriptional regulator	-
CDS	1869930	1871111	1182	yeaN	putative transporter	+
CDS	1871166	1871513	348	yeaO	DUF488 family protein	+
CDS	1871535	1871789	255	yoaF	DUF333 family outer membrane lipoprotein	-
CDS	1871972	1872997	1026	yeaP	diguanylate cyclase	+
CDS	1873030	1873128	99	yoaK	inner membrane-associated protein	+
CDS	1873131	1873205	75	yoaJ	inner membrane-associated protein	+
CDS	1873264	1873512	249	yeaQ	UPF0410 family protein	-
CDS	1873660	1873842	183	yoaG	uncharacterized protein	-
CDS	1873846	1874205	360	yeaR	DUF1971 family protein, nitrate-inducible	-
CDS	1874378	1875016	639	leuE	leucine efflux protein	-
CDS	1875143	1876066	924	dmlR	transcriptional activator of dmlA	-
CDS	1876169	1877254	1086	dmlA	D-malate oxidase, NAD-dependent; putative tartrate dehydrogenase	+
CDS	1877445	1878890	1446	yeaV	putative transporter	+
CDS	1878922	1880046	1125	yeaW	putative YeaWX dioxygenase alpha subunit; 2Fe-2S cluster	+
CDS	1880102	1881067	966	yeaX	putative YeaWX dioxygenase beta subunit, reductase component	+
CDS	1881121	1882248	1128	rnd	ribonuclease D	-
CDS	1882318	1884003	1686	fadD	acyl-CoA synthetase (long-chain-fatty-acid--CoA ligase)	-
CDS	1884208	1884789	582	yeaY	Slp family lipoprotein, RpoE-regulated	-
CDS	1884829	1885524	696	tsaB	tRNA(ANN) t(6)A37 threonylcarbamoyladenosine modification protein; binding partner and protease for TsaD	-
CDS	1885582	1887492	1911	yoaA	putative ATP-dependent helicase, DinG family	-
CDS	1887624	1887968	345	yoaB	putative reactive intermediate deaminase	+
CDS	1888390	1888689	300	yoaC	DUF1889 family protein	+
CDS	1888809	1888988	180	yoaH	UPF0181 family protein	-
CDS	1889062	1890423	1362	pabB	aminodeoxychorismate synthase, subunit I	+
CDS	1890427	1891005	579	nudL	putative CoA pyrophosphohydrolase, weak 3-phosphohydroxypyruvate phosphatase	+
CDS	1891189	1892553	1365	sdaA	L-serine dehydratase 1	+
CDS	1892684	1894282	1599	yoaD	putative membrane-anchored cyclic-di-GMP phosphodiesterase, regulator of cellulose production	+
CDS	1894286	1895842	1557	yoaE	putative membrane protein/conserved protein	-
CDS	1896305	1897276	972	manX	fused mannose-specific PTS enzymes: IIA component/IIB component	+
CDS	1897339	1898139	801	manY	mannose-specific enzyme IIC component of PTS	+
CDS	1898152	1899003	852	manZ	mannose-specific enzyme IID component of PTS	+
CDS	1899058	1899516	459	yobD	UPF0266 family inner membrane protein	+
CDS	1899945	1900511	567	mntP	putative Mn(2+) efflux pump, mntR-regulated	+
CDS	1900508	1901317	810	rlmA	23S rRNA m(1)G745 methyltransferase, SAM-dependent	-
CDS	1901483	1901692	210	cspC	stress protein, member of the CspA-family	-
CDS	1901705	1901848	144	yobF	DUF2527 family heat-induced protein	-
CDS	1902518	1902805	288	yebO	putative inner membrane protein	-
CDS	1902880	1903023	144	mgrB	regulatory peptide for PhoPQ, feedback inhibition	-
CDS	1903182	1903421	240	yobH	uncharacterized protein	+
CDS	1903565	1904356	792	kdgR	KDG regulon transcriptional repressor	-
CDS	1904533	1905906	1374	yebQ	putative transporter	+
CDS	1905952	1906833	882	htpX	putative endopeptidase	-
CDS	1907025	1909073	2049	prc	carboxy-terminal protease for penicillin-binding protein 3	-
CDS	1909093	1909791	699	proQ	RNA chaperone, putative ProP translation regulator	-
CDS	1909888	1910385	498	msrC	free methionine-(R)-sulfoxide reductase	-
CDS	1910515	1911798	1284	yebS	inner membrane protein	+
CDS	1911767	1914400	2634	yebT	MCE domain protein	+
CDS	1914480	1915919	1440	rsmF	16S rRNA m(5)C1407 methyltransferase, SAM-dependent	+
CDS	1916037	1916273	237	yebV	uncharacterized protein	+
CDS	1916378	1916569	192	yebW	uncharacterized protein	+
CDS	1916570	1917226	657	pphA	serine/threonine-specific protein phosphatase 1	-
CDS	1917622	1917963	342	yebY	DUF2511 family protein	-
CDS	1917976	1918848	873	yebZ	inner membrane protein	-
CDS	1918852	1919226	375	yobA	CopC family protein	-
CDS	1919365	1919595	231	holE	DNA polymerase III, theta subunit	+
CDS	1919697	1920353	657	yobB	C-N hydrolase family protein	+
CDS	1920377	1921039	663	exoX	exodeoxyribonuclease 10; DNA exonuclease X	+
CDS	1921036	1923096	2061	ptrB	protease II	-
CDS	1923305	1923964	660	yebE	DUF533 family inner membrane protein	-
CDS	1924291	1924647	357	yebF	extracellular Colicin M immunity family protein	-
CDS	1924714	1925004	291	yebG	DNA damage-inducible protein regulated by LexA	-
CDS	1925138	1926316	1179	purT	phosphoribosylglycinamide formyltransferase 2	+
CDS	1926372	1927013	642	eda	multifunctional 2-keto-3-deoxygluconate 6-phosphate aldolase and 2-keto-4-hydroxyglutarate aldolase and oxaloacetate decarboxylase	-
CDS	1927050	1928861	1812	edd	6-phosphogluconate dehydratase	-
CDS	1929096	1930571	1476	zwf	glucose-6-phosphate 1-dehydrogenase	-
CDS	1930909	1931778	870	yebK	putative DNA-binding transcriptional regulator	+
CDS	1931906	1933348	1443	pykA	pyruvate kinase II	+
CDS	1933479	1934450	972	lpxM	myristoyl-acyl carrier protein (ACP)-dependent acyltransferase	-
CDS	1934570	1935892	1323	mepM	murein DD-endopeptidase, space-maker hydrolase, septation protein	-
CDS	1935908	1936840	933	znuA	zinc transporter subunit: periplasmic-binding component of ABC superfamily	-
CDS	1936919	1937674	756	znuC	zinc transporter subunit: ATP-binding component of ABC superfamily	+
CDS	1937671	1938456	786	znuB	zinc transporter subunit: membrane component of ABC superfamily	+
CDS	1938603	1939613	1011	ruvB	ATP-dependent DNA helicase, component of RuvABC resolvasome	-
CDS	1939622	1940233	612	ruvA	component of RuvABC resolvasome, regulatory subunit	-
CDS	1940372	1940437	66	yobI	uncharacterized protein	-
CDS	1940508	1941110	603	yebB	DUF830 family protein	+
CDS	1941112	1941633	522	ruvC	component of RuvABC resolvasome, endonuclease	-
CDS	1941668	1942408	741	yebC	UPF0082 family protein	-
CDS	1942437	1942889	453	nudB	dihydroneopterin triphosphate pyrophosphatase	-
CDS	1943007	1944779	1773	aspS	aspartyl-tRNA synthetase	-
CDS	1945089	1945655	567	yecD	isochorismatase family protein	+
CDS	1945652	1946470	819	yecE	UPF0759 family protein	+
CDS	1946523	1946918	396	yecN	MAPEG family inner membrane protein	+
CDS	1946959	1947702	744	cmoA	carboxy-SAM synthase	+
CDS	1947699	1948670	972	cmoB	tRNA (cmo5U34)-carboxymethyltransferase, carboxy-SAM-dependent	+
CDS	1948835	1951264	2430	torZ	trimethylamine N-oxide reductase system III, catalytic subunit	-
CDS	1951289	1952389	1101	torY	TMAO reductase III (TorYZ), cytochrome c-type subunit	-
CDS	1952777	1953523	747	cutC	copper homeostasis protein	-
CDS	1953537	1954103	567	yecM	putative metal-binding enzyme	-
CDS	1954319	1956052	1734	argS	arginyl-tRNA synthetase	+
CDS	1956229	1956717	489	yecT	uncharacterized protein	+
CDS	1956837	1957229	393	flhE	proton seal during flagellar secretion	-
CDS	1957229	1959307	2079	flhA	putative flagellar export pore protein	-
CDS	1959300	1960448	1149	flhB	flagellin export apparatus, substrate specificity protein	-
CDS	1960650	1961294	645	cheZ	chemotaxis regulator, protein phosphatase for CheY	-
CDS	1961305	1961694	390	cheY	chemotaxis regulator transmitting signal to flagellar motor component	-
CDS	1961709	1962758	1050	cheB	fused chemotaxis regulator: protein-glutamate methylesterase in two-component regulatory system with CheA	-
CDS	1962761	1963621	861	cheR	chemotaxis regulator, protein-glutamate methyltransferase	-
CDS	1963640	1965241	1602	tap	methyl-accepting protein IV	-
CDS	1965287	1966948	1662	tar	methyl-accepting chemotaxis protein II	-
CDS	1967093	1967596	504	cheW	purine-binding chemotaxis protein	-
CDS	1967617	1969581	1965	cheA	fused chemotactic sensory histidine kinase in two-component regulatory system with CheB and CheY: sensory histidine kinase/signal sensing protein	-
CDS	1969586	1970512	927	motB	protein that enables flagellar motor rotation	-
CDS	1970509	1971396	888	motA	proton conductor component of flagella motor	-
CDS	1971523	1972101	579	flhC	flagellar class II regulon transcriptional activator, with FlhD	-
CDS	1972104	1972454	351	flhD	flagellar class II regulon transcriptional activator, with FlhC	-
CDS	1973234	1973662	429	uspC	universal stress protein	+
CDS	1973669	1975093	1425	otsA	trehalose-6-phosphate synthase	-
CDS	1975068	1975868	801	otsB	trehalose-6-phosphate phosphatase, biosynthetic	-
CDS	1976035	1977021	987	araH	fused L-arabinose transporter subunits of ABC superfamily: membrane components	-
CDS	1977036	1978550	1515	araG	fused L-arabinose transporter subunits of ABC superfamily: ATP-binding components	-
CDS	1978620	1979609	990	araF	L-arabinose transporter subunit	-
CDS	1980406	1980909	504	ftnB	ferritin B, putative ferrous iron reservoir	+
CDS	1980988	1981239	252	yecJ	uncharacterized protein	-
CDS	1981354	1981440	87	azuC	acid-inducible small membrane-associated protein	-
CDS	1981703	1982026	324	yecR	lipoprotein, function unknown	+
CDS	1982197	1982694	498	ftnA	ferritin iron storage protein (cytoplasmic)	+
CDS	1982732	1982971	240	yecH	DUF2492 family protein	-
CDS	1983162	1984373	1212	tyrP	tyrosine transporter	+
CDS	1984435	1985100	666	yecA	UPF0149 family protein	-
CDS	1985750	1986298	549	pgsA	phosphatidylglycerophosphate synthetase	-
CDS	1986355	1988187	1833	uvrC	excinuclease UvrABC, endonuclease subunit	-
CDS	1988184	1988840	657	uvrY	response regulator in two-component regulatory system with BarA	-
CDS	1989299	1989523	225	yecF	DUF2594 family protein	+
CDS	1989591	1990313	723	sdiA	quorum-sensing transcriptional activator	-
CDS	1990543	1991295	753	yecC	putative ABC superfamily transporter ATP-binding subunit	-
CDS	1991292	1991960	669	yecS	ABC family putative inner membrane permease	-
CDS	1991975	1992961	987	dcyD	D-cysteine desulfhydrase, PLP-dependent	-
CDS	1993066	1993866	801	fliY	cystine transporter subunit	-
CDS	1993954	1994505	552	fliZ	RpoS antagonist; putative regulator of FliA activity	-
CDS	1994551	1995270	720	fliA	RNA polymerase, sigma 28 (sigma F) factor	-
CDS	1995591	1997087	1497	fliC	flagellar filament structural protein (flagellin)	-
CDS	1997353	1998759	1407	fliD	flagellar filament capping protein	+
CDS	1998784	1999194	411	fliS	flagellar protein potentiates polymerization	+
CDS	1999194	1999559	366	fliT	putative flagellar synthesis and assembly chaperone	+
CDS	1999637	2001124	1488	amyA	cytoplasmic alpha-amylase	+
CDS	2001158	2001571	414	yedD	lipoprotein	-
CDS	2001758	2002963	1206	yedE	UPF0394 family sulfur transport domain-containing inner membrane protein	+
CDS	2002960	2003193	234	yedF	putative TusA family sulfurtransferase	+
CDS	2003302	2003970	669	yedK	DUF159 family protein	+
CDS	2004081	2004560	480	yedL	putative acyl transferase	+
CDS	2005521	2005832	312		pseudogene, IpaH/YopM family	-
CDS	2005983	2006144	162	intG	pseudogene, phage integrase family	+
CDS	2006181	2006495	315	fliE	flagellar basal-body component	-
CDS	2006710	2008368	1659	fliF	flagellar basal-body MS-ring and collar protein	+
CDS	2008361	2009356	996	fliG	flagellar motor switching and energizing component	+
CDS	2009349	2010035	687	fliH	negative regulator of FliI ATPase activity	+
CDS	2010035	2011408	1374	fliI	flagellum-specific ATP synthase	+
CDS	2011427	2011870	444	fliJ	flagellar protein	+
CDS	2011867	2012994	1128	fliK	flagellar hook-length control protein	+
CDS	2013099	2013563	465	fliL	flagellar biosynthesis protein	+
CDS	2013568	2014572	1005	fliM	flagellar motor switching and energizing component	+
CDS	2014569	2014982	414	fliN	flagellar motor switching and energizing component	+
CDS	2014985	2015350	366	fliO	flagellar biosynthesis protein	+
CDS	2015350	2016087	738	fliP	flagellar biosynthesis protein	+
CDS	2016097	2016366	270	fliQ	flagellar biosynthesis protein	+
CDS	2016374	2017159	786	fliR	flagellar export pore protein	+
CDS	2017449	2018072	624	rcsA	transcriptional regulator of colanic acid capsular biosynthesis	+
CDS	2018116	2018304	189	dsrB	uncharacterized protein	-
CDS	2018467	2018694	228	yodD	uncharacterized protein	+
CDS	2018992	2019807	816	yedP	putative mannosyl-3-phosphoglycerate phosphatase	+
CDS	2019804	2021498	1695	yedQ	putative membrane-anchored diguanylate cyclase	-
CDS	2021669	2021851	183	yodC	uncharacterized protein	-
CDS	2021930	2022847	918	yedI	DUF808 family inner membrane protein	-
CDS	2023020	2023940	921	yedA	amino acid exporter for phenylalanine, threonine	+
CDS	2023929	2024399	471	vsr	DNA mismatch endonuclease of very short patch repair	-
CDS	2024380	2025798	1419	dcm	DNA cytosine methyltransferase	-
CDS	2025865	2026560	696	yedJ	putative HD superfamily phosphohydrolase	-
CDS	2026600	2026965	366	yedR	inner membrane protein	-
CDS	2027532	2028194	663		pseudogene, outer membrane protein homology; putative outer membrane protein	+
CDS	2029316	2030167	852	hchA	glyoxalase III and Hsp31 molecular chaperone	+
CDS	2030275	2031633	1359	yedV	putative sensory kinase in two-component regulatory system with YedW	-
CDS	2031633	2032304	672	yedW	response regulator family protein	-
CDS	2032437	2032850	414	hiuH	hydroxyisourate hydrolase	+
CDS	2032959	2033963	1005	yedY	membrane-anchored, periplasmic TMAO, DMSO reductase	+
CDS	2033964	2034599	636	yedZ	inner membrane heme subunit for periplasmic YedYZ reductase	+
CDS	2034856	2035506	651	zinT	zinc and cadmium binding protein, periplasmic	+
CDS	2035849	2036379	531	yodB	cytochrome b561 homolog	+
CDS	2037132	2037929	798	mtfA	anti-repressor for DgsA(Mlc)	+
CDS	2038419	2045495	7077	yeeJ	putative adhesin	+
CDS	2045757	2046809	1053	yeeL	pseudogene, glycosyltransferase homology	-
CDS	2047124	2048440	1317	shiA	shikimate transporter	+
CDS	2048542	2049996	1455	amn	AMP nucleosidase	+
CDS	2050339	2051055	717	yeeN	UPF0082 family protein	+
CDS	2051684	2053171	1488	yeeO	putative multdrug exporter, MATE family	-
CDS	2053445	2054395	951	cbl	ssuEADCB/tauABCD operon transcriptional activator	-
CDS	2054497	2055414	918	nac	nitrogen assimilation regulon transcriptional regulator; autorepressor	-
CDS	2055872	2056804	933	ldtA	L,D-transpeptidase linking Lpp to murein	-
CDS	2056869	2057948	1080	cobT	nicotinate-nucleotide--dimethylbenzimidazole phosphoribosyltransferase	-
CDS	2057960	2058703	744	cobS	cobalamin synthase	-
CDS	2058700	2059245	546	cobU	bifunctional cobinamide kinase/ cobinamide phosphate guanylyltransferase	-
CDS	2059549	2059635	87	yeeH	pseudogene	-
mobile_element	2059640	2060834	1195		insertion sequence:IS5H	-
CDS	2059786	2060802	1017	insH1	IS5 transposase and trans-activator	-
CDS	2060939	2061373	435		pseudogene, CP4-44 putative prophage remnant;Phage or Prophage Related	-
CDS	2061742	2061900	159	yoeH	pseudogene, CP4-44 putative prophage remnant;Phage or Prophage Related	-
CDS	2062116	2062419	304	yoeA	CP4-44 prophage; putative disrupted hemin or colicin receptor;Phage or Prophage Related; interrupted by IS2 and C-terminal deletion	+
mobile_element	2062422	2063752	1331		insertion sequence:IS2F	-
CDS	2062433	2063338	906	insD1	IS2 transposase TnpB	-
CDS	2063296	2063661	366	insC1	IS2 repressor TnpA	-
CDS	2064141	2064692	552	yeeP	pseudogene, CP4-44 prophage; 50S ribosome-binding GTPase family;Phage or Prophage Related; putative histone	+
CDS	2065020	2068139	3120	flu	CP4-44 prophage; antigen 43 (Ag43) phase-variable biofilm formation autotransporter	+
CDS	2068260	2069792	1533	yeeR	CP4-44 prophage; putative membrane protein	+
CDS	2069789	2070235	447	yeeS	CP4-44 prophage; putative DNA repair protein	+
CDS	2070298	2070519	222	yeeT	CP4-44 prophage; uncharacterized protein	+
CDS	2070593	2070961	369	cbeA	CP4-44 prophage; cytoskeleton bundling-enhancing factor A; CbtA antitoxin	+
CDS	2071050	2071424	375	cbtA	CP4-44 prophage; toxin of the YeeV-YeeU toxin-antitoxin system	+
CDS	2071421	2071588	168	yeeW	CP4-44 prophage; uncharacterized protein;Phage or Prophage Related	+
CDS	2072030	2072158	129	yoeD	pseudogene, CP4-44 putative prophage remnant;Phage or Prophage Related	-
CDS	2072227	2072412	186	yoeF	pseudogene, CP4-44 putative prophage remnant;Phage or Prophage Related	+
CDS	2072513	2072842	330	yeeX	UPF0265 family protein	-
CDS	2073014	2074072	1059	yeeA	putative transporter, FUSC family inner membrane protein	-
CDS	2074270	2074743	474	sbmC	DNA gyrase inhibitor	-
CDS	2074862	2076028	1167	dacD	D-alanyl-D-alanine carboxypeptidase (penicillin-binding protein 6b)	-
CDS	2076237	2077664	1428	sbcB	exodeoxyribonuclease I; exonuclease I	+
CDS	2077707	2077934	228	yeeD	putative TusA family sulfurtransferase	-
CDS	2077948	2079006	1059	yeeE	UPF0394 family inner membrane protein	-
CDS	2079185	2080543	1359	plaP	putrescine importer, low affinity	-
CDS	2080533	2080595	63	yoeI	uncharacterized protein	-
CDS	2080810	2081739	930	yeeY	LysR family putative transcriptional regulator	-
CDS	2081785	2082609	825	yeeZ	putative epimerase	-
CDS	2082692	2082946	255	yoeB	toxin of the YoeB-YefM toxin-antitoxin system	-
CDS	2082943	2083194	252	yefM	antitoxin of the YoeB-YefM toxin-antitoxin system	-
CDS	2083477	2083527	51	hisL	his operon leader peptide	+
CDS	2083673	2084572	900	hisG	ATP phosphoribosyltransferase	+
CDS	2084578	2085882	1305	hisD	bifunctional histidinal dehydrogenase/ histidinol dehydrogenase	+
CDS	2085879	2086949	1071	hisC	histidinol-phosphate aminotransferase	+
CDS	2086949	2088016	1068	hisB	fused histidinol-phosphatase/imidazoleglycerol-phosphate dehydratase	+
CDS	2088016	2088606	591	hisH	imidazole glycerol phosphate synthase, glutamine amidotransferase subunit with HisF	+
CDS	2088606	2089343	738	hisA	N-(5'-phospho-L-ribosyl-formimino)-5-amino-1- (5'-phosphoribosyl)-4-imidazolecarboxamide isomerase	+
CDS	2089325	2090101	777	hisF	imidazole glycerol phosphate synthase, catalytic subunit with HisH	+
CDS	2090095	2090706	612	hisI	fused phosphoribosyl-AMP cyclohydrolase/phosphoribosyl-ATP pyrophosphatase	+
CDS	2090802	2091782	981	wzzB	regulator of length of O-antigen component of lipopolysaccharide chains	-
CDS	2091928	2093094	1167	ugd	UDP-glucose 6-dehydrogenase	-
CDS	2093343	2094749	1407	gnd	6-phosphogluconate dehydrogenase, decarboxylating	-
mobile_element	2095230	2096424	1195		insertion sequence:IS5I	-
CDS	2095376	2096392	1017	insH1	IS5 transposase and trans-activator	-
CDS	2096425	2096870	446	wbbL	lipopolysaccharide biosynthesis protein, N-ter fragment (pseudogene)	-
CDS	2096872	2097990	1119	wbbK	lipopolysaccharide biosynthesis protein	-
CDS	2097975	2098565	591	wbbJ	putative lipopolysaccharide biosynthesis O-acetyl transferase	-
CDS	2098546	2099538	993	wbbI	d-Galf:alpha-d-Glc beta-1,6-galactofuranosyltransferase	-
CDS	2099541	2100707	1167	wbbH	O-antigen polymerase	-
CDS	2100707	2101810	1104	glf	UDP-galactopyranose mutase, FAD/NAD(P)-binding	-
CDS	2101818	2103065	1248	wzxB	putative polisoprenol-linked O-antigen transporter	-
CDS	2103062	2103619	558	rfbC	dTDP-4-deoxyrhamnose-3,5-epimerase	-
CDS	2103619	2104500	882	rfbA	glucose-1-phosphate thymidylyltransferase	-
CDS	2104558	2105457	900	rfbD	dTDP-4-dehydrorhamnose reductase subunit, NAD(P)-binding, of dTDP-L-rhamnose synthase	-
CDS	2105457	2106542	1086	rfbB	dTDP-glucose 4,6 dehydratase, NAD(P)-binding	-
CDS	2106915	2107808	894	wcaN	putative regulatory subunit for GalU	-
CDS	2107983	2109377	1395	wcaM	colanic acid biosynthesis protein	-
CDS	2109388	2110608	1221	wcaL	putative glycosyl transferase	-
CDS	2110605	2111885	1281	wcaK	colanic acid biosynthesis protein	-
CDS	2112161	2113639	1479	wzxC	putative colanic acid exporter	-
CDS	2113641	2115035	1395	wcaJ	colanic biosynthesis UDP-glucose lipid carrier transferase	-
CDS	2115090	2116460	1371	cpsG	phosphomannomutase	-
CDS	2116565	2118001	1437	cpsB	mannose-1-phosphate guanyltransferase	-
CDS	2118004	2119227	1224	wcaI	putative glycosyl transferase	-
CDS	2119224	2119703	480	wcaH	GDP-mannose mannosyl hydrolase	-
CDS	2119706	2120671	966	wcaG	bifunctional GDP-fucose synthetase: GDP-4-dehydro-6-deoxy-D-mannose epimerase/ GDP-4-dehydro-6-L-deoxygalactose reductase	-
CDS	2120674	2121795	1122	gmd	GDP-D-mannose dehydratase, NAD(P)-binding	-
CDS	2121821	2122369	549	wcaF	putative acyl transferase	-
CDS	2122385	2123131	747	wcaE	putative glycosyl transferase	-
CDS	2123142	2124359	1218	wcaD	putative colanic acid polymerase	-
CDS	2124334	2125551	1218	wcaC	putative glycosyl transferase	-
CDS	2125548	2126036	489	wcaB	putative acyl transferase	-
CDS	2126039	2126878	840	wcaA	putative glycosyl transferase	-
CDS	2126971	2129133	2163	wzc	colanic acid production tyrosine-protein kinase; autokinase; Ugd phosphorylase	-
CDS	2129136	2129579	444	wzb	colanic acid production protein-tyrosine-phosphatase; Wzc-P dephosphorylase	-
CDS	2129585	2130724	1140	wza	colanic acid export protein; outer membrane auxillary lipoprotein	-
CDS	2131383	2132966	1584	yegH	inner membrane protein	+
CDS	2133240	2135093	1854	asmA	suppressor of OmpF assembly mutants; putative outer membrane protein assembly factor; inner membrane-anchored periplasmic protein	-
CDS	2135115	2135696	582	dcd	2'-deoxycytidine 5'-triphosphate deaminase	-
CDS	2135788	2136429	642	udk	uridine/cytidine kinase	-
CDS	2136747	2140064	3318	yegE	putative diguanylate cyclase	+
CDS	2140173	2141021	849	alkA	3-methyl-adenine DNA glycosylase II	-
CDS	2141155	2142507	1353	yegD	Hsp70 chaperone family protein	+
CDS	2142520	2144466	1947	yegI	protein kinase-related putative non-specific DNA-binding protein	-
CDS	2144666	2145127	462	yegJ	uncharacterized protein	+
CDS	2145192	2145953	762	yegK	ser/thr phosphatase-related protein	-
CDS	2145950	2146609	660	yegL	VMA domain protein	-
CDS	2146830	2146889	60	ibsA	toxic membrane protein	-
CDS	2147162	2147218	57	ibsB	toxic membrane protein	-
CDS	2147497	2148744	1248	mdtA	multidrug efflux system, subunit A	+
CDS	2148744	2151866	3123	mdtB	multidrug efflux system, subunit B	+
CDS	2151867	2154944	3078	mdtC	multidrug efflux system, subunit C	+
CDS	2154945	2156360	1416	mdtD	putative arabinose efflux transporter	+
CDS	2156357	2157760	1404	baeS	sensory histidine kinase in two-component regulatory system with BaeR	+
CDS	2157757	2158479	723	baeR	response regulator in two-component regulatory system with BaeS	+
CDS	2158670	2159002	333	yegP	UPF0339 family protein	+
CDS	2159149	2160510	1362	yegQ	putative peptidase	+
CDS	2160783	2161001	219	ogrK	positive regulator of P2 growth (insertion of P2 ogr gene into the chromosome)	-
CDS	2161083	2161295	213	yegZ	pseudogene, gpD phage P2-like protein D	-
CDS	2161470	2161787	318	yegR	uncharacterized protein	-
CDS	2162193	2163092	900	yegS	phosphatidylglycerol kinase, metal-dependent	+
CDS	2163717	2164016	300	insE1	IS3 transposase A	+
CDS	2164013	2164879	867	insF1	IS3 transposase B	+
CDS	2164910	2165208	299	gatR	pseudogene, repressor for gat operon; interrupted by IS3; split galactitol utilization operon repressor, fragment 2; split galactitol utilization operon repressor, interrupted	-
CDS	2165314	2166354	1041	gatD	galactitol-1-phosphate dehydrogenase, Zn-dependent and NAD(P)-binding	-
CDS	2166402	2167757	1356	gatC	galactitol PTS permease - GatC subunit	-
CDS	2167761	2168045	285	gatB	galactitol-specific enzyme IIB component of PTS	-
CDS	2168076	2168528	453	gatA	galactitol-specific enzyme IIA component of PTS	-
CDS	2168538	2169800	1263	gatZ	D-tagatose 1,6-bisphosphate aldolase 2, subunit	-
CDS	2169829	2170683	855	gatY	D-tagatose 1,6-bisphosphate aldolase 2, catalytic subunit	-
mobile_element	2170171	2171428	1258		insertion sequence:IS3E	+
CDS	2170991	2172043	1053	fbaB	fructose-bisphosphate aldolase class I	-
CDS	2172300	2173577	1278	yegT	nucleoside transporter, low affinity	+
CDS	2173574	2174578	1005	yegU	ADP-ribosylglycohydrolase family protein	+
CDS	2174575	2175540	966	yegV	putative kinase	+
CDS	2175514	2176260	747	yegW	putative DNA-binding transcriptional regulator	-
CDS	2176312	2177130	819	yegX	putative family 25 glycosyl hydrolase	-
CDS	2177195	2177995	801	thiD	bifunctional hydroxy-methylpyrimidine kinase/ hydroxy-phosphomethylpyrimidine kinase	-
CDS	2177992	2178780	789	thiM	hydoxyethylthiazole kinase	-
CDS	2179003	2179275	273	rcnR	transcriptional repressor of rcnA	-
CDS	2179396	2180220	825	rcnA	membrane protein conferring nickel and cobalt resistance	+
CDS	2180439	2180777	339	rcnB	periplasmic modulator of Ni and Co efflux	+
CDS	2180859	2181893	1035	yehA	putative fimbrial-like adhesin protein	-
CDS	2181909	2184389	2481	yehB	putative outer membrane protein	-
CDS	2184405	2185124	720	yehC	putative periplasmic pilin chaperone	-
CDS	2185159	2185701	543	yehD	putative fimbrial-like adhesin protein	-
CDS	2185994	2186275	282	yehE	DUF2574 family protein	-
CDS	2186538	2187647	1110	mrp	antiporter inner membrane protein	-
CDS	2187779	2189812	2034	metG	methionyl-tRNA synthetase	+
CDS	2189953	2192799	2847		DUF4132 family pseudogene; defective yehI paralog; molybdate metabolism regulator, first fragment; molybdate metabolism regulator, second fragment 2; yehI' molR mutations have phenotypes and the N-terminal molR fragment of yehI' may be expressed and may have retained or evolved MolR function	+
CDS	2193758	2197390	3633	yehI	DUF4132 domain-containing protein	+
CDS	2197451	2197768	318	yehK	uncharacterized protein	+
CDS	2198075	2199163	1089	yehL	putative ABC superfamily transporter ATP-binding subunit	+
CDS	2199174	2201453	2280	yehM	uncharacterized protein	+
CDS	2201446	2202582	1137	yehP	VMA domain putative YehL ATPase stimulator	+
CDS	2202579	2204579	2001	yehQ	pseudogene	+
CDS	2204704	2205165	462	yehR	lipoprotein, DUF1307 family	+
CDS	2205205	2205675	471	yehS	DUF1456 family protein	-
CDS	2205722	2206441	720	yehT	putative response regulator in two-component system withYehU	-
CDS	2206438	2208123	1686	yehU	inner membrane putative sensory kinase in two-component system with YehT	-
CDS	2208345	2209076	732	mlrA	transcriptional activator of csgD and csgBA	+
CDS	2209136	2209243	108	yohO	putative membrane protein	+
CDS	2209224	2209955	732	yehW	inner membrane putative ABC superfamily transporter permease	-
CDS	2209960	2210886	927	yehX	putative ABC superfamily transporter ATP-binding subunit	-
CDS	2210879	2212036	1158	yehY	inner membrane putative ABC superfamily transporter permease	-
CDS	2212043	2212960	918	osmF	putative ABC superfamily transporter periplasmic-binding protein	-
CDS	2213171	2215468	2298	bglX	beta-D-glucoside glucohydrolase, periplasmic	-
CDS	2215664	2217379	1716	dld	D-lactate dehydrogenase, FAD-binding, NADH independent	+
CDS	2217417	2218349	933	pbpG	D-alanyl-D-alanine endopeptidase	-
CDS	2218523	2219110	588	yohC	Yip1 family inner membrane protein	-
CDS	2219280	2219858	579	yohD	DedA family inner membrane protein	+
CDS	2219988	2220749	762	yohF	putative oxidoreductase	-
CDS	2222088	2222237	150		pseudogene; putative channel/filament proteins	-
CDS	2222461	2222544	84	yohP	uncharacterized protein	+
CDS	2222917	2223864	948	dusC	tRNA-dihydrouridine synthase C	-
CDS	2224103	2224501	399	yohJ	UPF0299 family inner membrane protein	+
CDS	2224498	2225193	696	yohK	LrgB family inner membrane protein	+
CDS	2225323	2226207	885	cdd	cytidine/deoxycytidine deaminase	+
CDS	2226357	2227076	720	sanA	vancomycin high temperature exclusion protein, DUF218 superfamily protein	+
CDS	2227079	2227318	240	yeiS	DUF2542 family protein	+
CDS	2227512	2228750	1239	preT	dihydropyrimidine dehydrogenase, NADH-dependent, subunit N	+
CDS	2228744	2229979	1236	preA	dihydropyrimidine dehydrogenase, NADH-dependent, subunit C	+
CDS	2230222	2231232	1011	mglC	methyl-galactoside transporter subunit	-
CDS	2231248	2232768	1521	mglA	fused methyl-galactoside transporter subunits of ABC superfamily: ATP-binding components	-
CDS	2232829	2233827	999	mglB	methyl-galactoside transporter subunit	-
CDS	2234107	2235147	1041	galS	galactose- and fucose-inducible galactose regulon transcriptional isorepressor; mgl operon transcriptional repressor; autorepressor	-
CDS	2235289	2236446	1158	yeiB	DUF418 family putative inner membrane protein	-
CDS	2236463	2237131	669	folE	GTP cyclohydrolase I	-
CDS	2237389	2238225	837	yeiG	S-formylglutathione hydrolase	+
CDS	2238257	2240248	1992	cirA	colicin IA outer membrane receptor and translocator; ferric iron-catecholate transporter	-
CDS	2240542	2242011	1470	lysP	lysine transporter	-
CDS	2242216	2243097	882	yeiE	putative DNA-binding transcriptional regulator	-
CDS	2243196	2244245	1050	yeiH	UPF0324 family inner membrane protein	+
CDS	2244319	2245176	858	nfo	endonuclease IV with intrinsic 3'-5' exonuclease activity	+
CDS	2245179	2246267	1089	yeiI	putative kinase	+
CDS	2246374	2247624	1251	nupX	nucleoside permease	-
CDS	2247724	2248665	942	rihB	ribonucleoside hydrolase 2	-
CDS	2248834	2249493	660	yeiL	putative transcriptional regulator	+
CDS	2249564	2250814	1251	psuT	putative nucleoside transporter	-
CDS	2250908	2251846	939	psuG	pseudouridine 5'-phosphate glycosidase	-
CDS	2251834	2252775	942	psuK	pseudouridine kinase	-
CDS	2253198	2254889	1692	fruA	fused fructose-specific PTS enzymes: IIBcomponent/IIC components	-
CDS	2254906	2255844	939	fruK	fructose-1-phosphate kinase	-
CDS	2255844	2256974	1131	fruB	fused fructose-specific PTS enzymes: IIA component/HPr component	-
CDS	2257342	2258523	1182	setB	lactose/glucose efflux system	+
CDS	2258520	2258774	255	yeiW	UPF0153 cysteine cluster protein	-
CDS	2258929	2259501	573	yeiP	elongation factor P-like protein	+
CDS	2259724	2261190	1467	yeiQ	putative NAD-dependent D-mannonate oxidoreductase	+
CDS	2261308	2262294	987	yeiR	Zn-stimulated GTPase involved in zinc homeostasis; mutants are cadmium and EDTA sensitive; Zn(2+) binding protein	+
CDS	2262333	2263046	714	lpxT	lipid A 1-diphosphate synthase; undecaprenyl pyrophosphate:lipid A 1-phosphate phosphotransferase	+
CDS	2263458	2264024	567	mepS	murein DD-endopeptidase, space-maker hydrolase, mutational suppressor of prc thermosensitivity, outer membrane lipoprotein	+
CDS	2264205	2265761	1557	rtn	resistance protein for phages lambda and N4, putative membrane-anchored cyclic-di-GMP phosphodiesterase	+
CDS	2265843	2267657	1815	yejA	microcin C transporter YejABEF, periplasmic binding protein; ABC family	+
CDS	2267658	2268752	1095	yejB	microcin C transporter YejABEF, permease subunit; ABC family	+
CDS	2268752	2269777	1026	yejE	microcin C transporter YejABEF, permease subunit; ABC family	+
CDS	2269779	2271368	1590	yejF	microcin C transporter, ATP-binding subunit; ABC family	+
CDS	2271372	2271716	345	yejG	uncharacterized protein	-
CDS	2272049	2273239	1191	bcr	bicyclomycin/cysteine/sulfonamide efflux transporter	-
CDS	2273267	2273962	696	rsuA	16S rRNA pseudouridine(516) synthase	-
CDS	2274111	2275871	1761	yejH	putative ATP-dependent DNA or RNA helicase	+
CDS	2275996	2276280	285	rplY	50S ribosomal subunit protein L25	+
CDS	2276419	2277426	1008	yejK	spermidine nucleoid-associated protein	-
CDS	2277608	2277835	228	yejL	UPF0352 family protein	+
CDS	2277855	2279615	1761	yejM	essential inner membrane DUF3413 domain-containing protein; lipid A production and membrane permeability factor	+
mobile_element	2282398	2283592	1195		insertion sequence:IS5K	-
CDS	2282544	2283560	1017	insH1	IS5 transposase and trans-activator	-
CDS	2283593	2283659	67	yejO	pseudogene, autotransporter outer membrane homology;putative transport; Not classified; putative ATP-binding component of a transport system	-
CDS	2283979	2284626	648	narP	response regulator in two-component regulatory system with NarQ or NarX	+
CDS	2284837	2285889	1053	ccmH	heme lyase, CcmH subunit	-
CDS	2285886	2286443	558	dsbE	periplasmic thioredoxin of cytochrome c-type biogenesis	-
CDS	2286440	2288383	1944	ccmF	heme lyase, CcmF subunit	-
CDS	2288380	2288859	480	ccmE	periplasmic heme chaperone	-
CDS	2288856	2289065	210	ccmD	cytochrome c biogenesis protein	-
CDS	2289062	2289799	738	ccmC	heme exporter subunit	-
CDS	2289841	2290503	663	ccmB	heme exporter subunit	-
CDS	2290500	2291123	624	ccmA	heme exporter subunit	-
CDS	2291136	2291738	603	napC	quinol dehydrogenase, electron source for NapAB	-
CDS	2291748	2292197	450	napB	nitrate reductase, small, cytochrome C550 subunit, periplasmic	-
CDS	2292194	2293057	864	napH	ferredoxin-type protein essential for electron transfer from ubiquinol to periplasmic nitrate reductase (NapAB)	-
CDS	2293044	2293739	696	napG	ferredoxin-type protein essential for electron transfer from ubiquinol to periplasmic nitrate reductase (NapAB)	-
CDS	2293746	2296232	2487	napA	nitrate reductase, periplasmic, large subunit	-
CDS	2296229	2296492	264	napD	assembly protein for periplasmic nitrate reductase	-
CDS	2296482	2296976	495	napF	ferredoxin-type protein, role in electron transfer to periplasmic nitrate reductase NapA	-
CDS	2297384	2297872	489	eco	ecotin, a serine protease inhibitor	+
CDS	2298587	2300233	1647	mqo	malate dehydrogenase, FAD/NAD(P)-binding domain	-
CDS	2300451	2302094	1644	yojI	microcin J25 efflux pump, TolC-dependent; fused ABC transporter permease and ATP-binding components	-
CDS	2302170	2302820	651	alkB	oxidative demethylase of N1-methyladenine or N3-methylcytosine DNA lesions	-
CDS	2302820	2303884	1065	ada	fused DNA-binding transcriptional dual regulator/O6-methylguanine-DNA methyltransferase	-
CDS	2303958	2305013	1056	apbE	putative thiamine-synthetic flavin transferase lipoprotein	-
CDS	2305125	2306228	1104	ompC	outer membrane porin protein C	-
CDS	2306967	2309639	2673	rcsD	phosphotransfer intermediate protein in two-component regulatory system with RcsBC	+
CDS	2309656	2310306	651	rcsB	response regulator in two-component regulatory system with RcsC and YojN	+
CDS	2310506	2313355	2850	rcsC	hybrid sensory kinase in two-component regulatory system with RcsB and YojN	-
CDS	2313522	2315348	1827	atoS	sensory histidine kinase in two-component regulatory system with AtoC	+
CDS	2315345	2316730	1386	atoC	fused response regulator of ato operon, in two-component system with AtoS: response regulator/sigma54 interaction protein	+
CDS	2316926	2317588	663	atoD	acetyl-CoA:acetoacetyl-CoA transferase, alpha subunit	+
CDS	2317588	2318238	651	atoA	acetyl-CoA:acetoacetyl-CoA transferase, beta subunit	+
CDS	2318235	2319557	1323	atoE	short chain fatty acid transporter	+
CDS	2319588	2320772	1185	atoB	acetyl-CoA acetyltransferase	+
CDS	2320846	2321622	777	yfaP	DUF2135 family protein, putative host defense protein	-
CDS	2321627	2323276	1650	yfaQ	tandem DUF2300 domain protein, putative host defense protein	-
CDS	2323277	2327881	4605	yfaS	pseudogene, bacterial alpha2-macroglobulin YfaS variant family; putative membrane protein	-
CDS	2327815	2328438	624	yfaT	DUF1175 family protein, putative host defense protein	-
CDS	2328435	2330123	1689	yfaA	DUF2138 family protein, putative host defense protein	-
CDS	2330272	2332899	2628	gyrA	DNA gyrase (type II topoisomerase), subunit A	-
CDS	2333046	2333768	723	ubiG	bifunctional 3-demethylubiquinone-9 3-methyltransferase/ 2-octaprenyl-6-hydroxy phenol methylase	+
CDS	2333896	2337648	3753	yfaL	adhesin	-
CDS	2338344	2340629	2286	nrdA	ribonucleoside-diphosphate reductase 1, alpha subunit	+
CDS	2340863	2341993	1131	nrdB	ribonucleoside-diphosphate reductase 1, beta subunit, ferritin-like protein	+
CDS	2341993	2342247	255	yfaE	ferredoxin involved with ribonucleotide reductase diferric-tyrosyl radical (Y*) cofactor maintenance	+
CDS	2342301	2342951	651	inaA	acid-inducible Kdo/WaaP family putative kinase	-
CDS	2343130	2343372	243	yfaH	pseudogene	+
CDS	2343414	2344490	1077	glpQ	periplasmic glycerophosphodiester phosphodiesterase	-
CDS	2344495	2345853	1359	glpT	sn-glycerol-3-phosphate transporter	-
CDS	2346126	2347754	1629	glpA	sn-glycerol-3-phosphate dehydrogenase (anaerobic), large subunit, FAD/NAD(P)-binding	+
CDS	2347744	2349003	1260	glpB	sn-glycerol-3-phosphate dehydrogenase (anaerobic), membrane anchor subunit	+
CDS	2349000	2350190	1191	glpC	anaerobic sn-glycerol-3-phosphate dehydrogenase, C subunit, 4Fe-4S iron-sulfur cluster	+
CDS	2350383	2351282	900	yfaD	transposase_31 family protein	+
CDS	2351295	2351480	186	ypaA	uncharacterized protein	+
CDS	2351521	2352324	804	rhmA	2-keto-3-deoxy-L-rhamnonate aldolase	-
CDS	2352342	2353631	1290	rhmT	putative L-rhamnonate transporter	-
CDS	2353688	2354893	1206	rhmD	L-rhamnonate dehydratase	-
CDS	2354908	2355690	783	rhmR	putative DNA-binding transcriptional regulator for the rhm operon	-
CDS	2355910	2357112	1203	yfaY	inactive PncC family protein	-
CDS	2357212	2357754	543	yfaZ	outer membrane protein, putative porin	-
CDS	2358033	2358458	426	nudI	nucleoside triphosphatase	+
CDS	2358497	2359099	603	ais	putative LPS core heptose(II)-phosphate phosphatase	-
CDS	2359407	2360546	1140	arnB	uridine 5'-(beta-1-threo-pentapyranosyl-4-ulose diphosphate) aminotransferase, PLP-dependent	+
CDS	2360550	2361518	969	arnC	undecaprenyl phosphate-L-Ara4FN transferase	+
CDS	2361518	2363500	1983	arnA	fused UDP-L-Ara4N formyltransferase/UDP-GlcA C-4'-decarboxylase	+
CDS	2363497	2364387	891	arnD	undecaprenyl phosphate-alpha-L-ara4FN deformylase	+
CDS	2364387	2366039	1653	arnT	4-amino-4-deoxy-L-arabinose transferase	+
CDS	2366036	2366371	336	arnE	undecaprenyl phosphate-alpha-L-ara4N exporter; flippase ArnEF subunit	+
CDS	2366371	2366757	387	arnF	undecaprenyl phosphate-alpha-L-ara4N exporter; flippase ArnEF subunit	+
CDS	2366751	2367017	267	pmrD	inactive two-component system connector protein	-
CDS	2367127	2368482	1356	menE	O-succinylbenzoate-CoA ligase	-
CDS	2368479	2369441	963	menC	O-succinylbenzoyl-CoA synthase	-
CDS	2369441	2370298	858	menB	dihydroxynaphthoic acid synthetase	-
CDS	2370313	2371071	759	menH	2-succinyl-6-hydroxy-2, 4-cyclohexadiene-1-carboxylate synthase	-
CDS	2371068	2372738	1671	menD	2-succinyl-5-enolpyruvyl-6-hydroxy-3- cyclohexene-1-carboxylate synthase; SEPHCHC synthase	-
CDS	2372827	2374122	1296	menF	isochorismate synthase 2	-
CDS	2374201	2374506	306	elaB	DUF883 family protein, putative membrane-anchored ribosome-binding protein	-
CDS	2374561	2375022	462	elaA	putative acyl-CoA transferase	-
CDS	2375087	2376004	918	rbn	RNase BN, tRNA processing enzyme	+
CDS	2376192	2377403	1212	elaD	protease, capable of cleaving an AMC-ubiquitin model substrate	+
CDS	2377474	2379201	1728	yfbK	Von Willebrand factor domain putative lipoprotein	-
CDS	2379339	2380310	972	yfbL	putative peptidase	+
CDS	2380413	2380916	504	yfbM	DUF1877 family protein	+
CDS	2381189	2381905	717	yfbN	uncharacterized protein	-
CDS	2382114	2382536	423	yfbO	uncharacterized protein	+
CDS	2382595	2383443	849	yfbP	TPR-like repeats-containing protein	+
CDS	2383527	2384984	1458	nuoN	NADH:ubiquinone oxidoreductase, membrane subunit N	-
CDS	2384991	2386520	1530	nuoM	NADH:ubiquinone oxidoreductase, membrane subunit M	-
CDS	2386684	2388525	1842	nuoL	NADH:ubiquinone oxidoreductase, membrane subunit L	-
CDS	2388522	2388824	303	nuoK	NADH:ubiquinone oxidoreductase, membrane subunit K	-
CDS	2388821	2389375	555	nuoJ	NADH:ubiquinone oxidoreductase, membrane subunit J	-
CDS	2389387	2389929	543	nuoI	NADH:ubiquinone oxidoreductase, chain I	-
CDS	2389944	2390921	978	nuoH	NADH:ubiquinone oxidoreductase, membrane subunit H	-
CDS	2390918	2393644	2727	nuoG	NADH:ubiquinone oxidoreductase, chain G	-
CDS	2393697	2395034	1338	nuoF	NADH:ubiquinone oxidoreductase, chain F	-
CDS	2395031	2395531	501	nuoE	NADH:ubiquinone oxidoreductase, chain E	-
CDS	2395534	2397324	1791	nuoC	NADH:ubiquinone oxidoreductase, fused CD subunit	-
CDS	2397430	2398092	663	nuoB	NADH:ubiquinone oxidoreductase, chain B	-
CDS	2398108	2398551	444	nuoA	NADH:ubiquinone oxidoreductase, membrane subunit A	-
CDS	2399182	2400120	939	lrhA	transcriptional repressor of flagellar, motility and chemotaxis genes	-
CDS	2401040	2402257	1218	alaA	valine-pyruvate aminotransferase 2	+
CDS	2402341	2402940	600	yfbR	5'-nucleotidase	+
CDS	2402999	2404831	1833	yfbS	putative transporter	-
CDS	2404918	2405568	651	yfbT	sugar phosphatas	-
CDS	2405579	2406073	495	yfbU	UPF0304 family protein	-
CDS	2406156	2406611	456	yfbV	UPF0208 family inner membrane protein	-
CDS	2406949	2408151	1203	ackA	acetate kinase A and propionate kinase 2	+
CDS	2408226	2410370	2145	pta	phosphate acetyltransferase	+
CDS	2410560	2412080	1521	yfcC	putative inner membrane transporter, C4-dicarboxylate anaerobic carrier family	+
CDS	2412113	2412655	543	yfcD	putative NUDIX hydrolase	-
CDS	2412713	2413267	555	yfcE	phosphodiesterase activity on bis-pNPP	-
CDS	2413320	2413964	645	yfcF	glutathione S-transferase	-
CDS	2414100	2414747	648	yfcG	GSH-dependent disulfide bond oxidoreductase	+
CDS	2414804	2415166	363	folX	D-erythro-7,8-dihydroneopterin triphosphate 2'-epimerase and dihydroneopterin aldolase	+
CDS	2415187	2416080	894	yfcH	putative NAD-dependent nucleotide-sugar epimerase	+
CDS	2416128	2417018	891	yfcI	transposase_31 family protein	-
CDS	2417215	2417988	774	hisP	histidine/lysine/arginine/ornithine transporter subunit	-
CDS	2417996	2418712	717	hisM	histidine/lysine/arginine/ornithine transporter subunit	-
CDS	2418709	2419395	687	hisQ	histidine/lysine/arginine/ornithine transporter permease subunit	-
CDS	2419485	2420267	783	hisJ	histidine/lysine/arginine/ornithine transporter subunit	-
CDS	2420488	2421270	783	argT	lysine/arginine/ornithine transporter subunit	-
CDS	2421536	2422105	570	ubiX	3-octaprenyl-4-hydroxybenzoate carboxy-lyase	-
CDS	2422200	2423717	1518	purF	amidophosphoribosyltransferase	-
CDS	2423754	2424242	489	cvpA	colicin V production membrane protein	-
CDS	2424501	2425163	663	dedD	membrane-anchored periplasmic protein involved in septation	-
CDS	2425153	2426421	1269	folC	bifunctional folylpolyglutamate synthase/ dihydrofolate synthase	-
CDS	2426491	2427405	915	accD	acetyl-CoA carboxylase, beta (carboxyltransferase) subunit	-
CDS	2427561	2428220	660	dedA	DedA family inner membrane protein	-
CDS	2428303	2429115	813	truA	tRNA pseudouridine(38-40) synthase	-
CDS	2429115	2430128	1014	usg	putative semialdehyde dehydrogenase	-
CDS	2430194	2431330	1137	pdxB	erythronate-4-phosphate dehydrogenase	-
CDS	2431429	2432424	996	flk	putative flagella assembly protein	+
CDS	2432421	2433599	1179	yfcJ	putative arabinose efflux transporter	-
CDS	2433864	2435084	1221	fabB	3-oxoacyl-[acyl-carrier-protein] synthase I	-
CDS	2435243	2437249	2007	mnmC	fused 5-methylaminomethyl-2-thiouridine-forming enzyme methyltransferase and FAD-dependent demodification enzyme	+
CDS	2437370	2437648	279	yfcL	uncharacterized protein	-
CDS	2437682	2438230	549	epmC	Elongation Factor P Lys34 hydroxylase	-
CDS	2438230	2439039	810	yfcA	UPF0721 family inner membrane protein	-
CDS	2439039	2439863	825	mepA	murein DD-endopeptidase	-
CDS	2439867	2440952	1086	aroC	chorismate synthase	-
CDS	2440987	2441919	933	prmB	N5-glutamine methyltransferase	-
CDS	2442085	2442636	552	smrB	putative DNA endonuclease	+
CDS	2442707	2443528	822	yfcO	DUF2544 family putative outer membrane protein	-
CDS	2443530	2444069	540	yfcP	putative fimbrial-like adhesin protein	-
CDS	2444066	2444554	489	yfcQ	putative fimbrial-like adhesin protein	-
CDS	2444551	2445063	513	yfcR	putative fimbrial-like adhesin protein	-
CDS	2445063	2445815	753	yfcS	putative periplasmic pilin chaperone	-
CDS	2445835	2448480	2646	yfcU	pseudogene, FimD fimbrial export usher family;putative membrane; Not classified; putative outer membrane protein	-
CDS	2448562	2449125	564	yfcV	putative fimbrial-like adhesin protein	-
CDS	2449806	2450291	486	sixA	phosphohistidine phosphatase	-
CDS	2450494	2452638	2145	fadJ	fused enoyl-CoA hydratase and epimerase and isomerase/3-hydroxyacyl-CoA dehydrogenase	-
CDS	2452638	2453948	1311	fadI	beta-ketoacyl-CoA thiolase, anaerobic, subunit	-
CDS	2454129	2454413	285	yfcZ	UPF0381 family protein	-
CDS	2454785	2456125	1341	fadL	long-chain fatty acid outer membrane transporter	+
CDS	2456491	2457549	1059	yfdF	uncharacterized protein	+
CDS	2457731	2458486	756	mlaA	ABC transporter maintaining OM lipid asymmetry, OM lipoprotein component	-
CDS	2458780	2459712	933	yfdC	putative inner membrane protein	+
CDS	2460024	2461181	1158	intS	CPS-53 (KpLE1) prophage; putative prophage CPS-53 integrase	+
CDS	2461334	2461696	363	gtrA	CPS-53 (KpLE1) prophage; bactoprenol-linked glucose translocase (flippase)	+
CDS	2461693	2462613	921	gtrB	CPS-53 (KpLE1) prophage; bactoprenol glucosyl transferase	+
CDS	2462610	2463941	1332	gtrS	serotype-specific glucosyl transferase, CPS-53 (KpLE1) prophage	+
CDS	2464294	2464584	291	tfaS	pseudogene, CPS-53 (KpLE1) prophage; tail fiber assembly protein fragment;Phage or Prophage Related	+
CDS	2464556	2464996	441	yfdK	CPS-53 (KpLE1) prophage; conserved protein	-
CDS	2465023	2465601	579	yfdL	pseudogene, CPS-53 (KpLE1) prophage;Phage or Prophage Related	-
CDS	2465597	2465866	270	yfdM	CPS-53 (KpLE1) prophage; putative methyltransferase;Phage or Prophage Related	-
CDS	2465866	2466360	495	yfdN	CPS-53 (KpLE1) prophage; uncharacterized protein	-
CDS	2466357	2467064	708	oweS	pseudogene, CPS-53 (KpLE1) prophage; bacteriophage replication protein O family;Phage or Prophage Related	-
CDS	2467083	2467445	363	yfdP	CPS-53 (KpLE1) prophage; uncharacterized protein	+
CDS	2467511	2468335	825	yfdQ	CPS-53 (KpLE1) prophage; uncharacterized protein	+
CDS	2468463	2468999	537	yfdR	CPS-53 (KpLE1) prophage; conserved protein	+
CDS	2468990	2469352	363	yfdS	CPS-53 (KpLE1) prophage; uncharacterized protein	+
CDS	2469352	2469657	306	yfdT	CPS-53 (KpLE1) prophage; uncharacterized protein	+
CDS	2469660	2469710	51	ypdJ	exisonase remnant	+
CDS	2469789	2469989	201	torI	response regulator inhibitor for tor operon	+
CDS	2470173	2471108	936	dsdC	dsd operon activator; autorepressor	-
CDS	2471326	2472663	1338	dsdX	D-serine transporter	+
CDS	2472681	2474009	1329	dsdA	D-serine dehydratase	+
CDS	2474117	2475655	1539	emrY	putative multidrug efflux system	-
CDS	2475655	2476818	1164	emrK	EmrKY-TolC multidrug resistance efflux pump, membrane fusion protein component	-
CDS	2477234	2477848	615	evgA	response regulator in two-component regulatory system with EvgS	+
CDS	2477853	2481446	3594	evgS	hybrid sensory histidine kinase in two-component regulatory system with EvgA	+
CDS	2481502	2482647	1146	yfdE	acetyl-CoA:oxalate CoA-transferase	-
CDS	2482721	2483665	945	yfdV	putative transporter	-
CDS	2483735	2485429	1695	oxc	oxalyl CoA decarboxylase, ThDP-dependent	-
CDS	2485483	2486733	1251	frc	formyl-CoA transferase, NAD(P)-binding	-
CDS	2487246	2487881	636	yfdX	uncharacterized protein	-
CDS	2488177	2488452	276	ypdI	putative lipoprotein involved in colanic acid biosynthesis	+
CDS	2488529	2488771	243	yfdY	DUF2545 family putative inner membrane protein	-
CDS	2489124	2490044	921	lpxP	palmitoleoyl-acyl carrier protein (ACP)-dependent acyltransferase	+
CDS	2490400	2490471	72	ypdK	inner membrane protein	+
CDS	2490536	2491774	1239	alaC	valine-pyruvate aminotransferase 3	-
CDS	2492150	2493847	1698	ypdA	sensor kinase regulating yhjX; pyruvate-responsive YpdAB two-component system	+
CDS	2493862	2494596	735	ypdB	response regulator activating yhjX; pyruvate-responsive YpdAB two-component system	+
CDS	2494609	2495466	858	ypdC	putative DNA-binding protein	+
CDS	2495469	2497964	2496	fryA	putative PTS enzyme, Hpr component/enzyme I component/enzyme IIA component	-
CDS	2497989	2499026	1038	ypdE	aminopeptidase	-
CDS	2499026	2500111	1086	ypdF	Xaa-Pro aminopeptidase	-
CDS	2500126	2501373	1248	fryC	putative enzyme IIC component of PTS	-
CDS	2501395	2501721	327	fryB	putative enzyme IIB component of PTS	-
CDS	2501940	2502905	966	glk	glucokinase	-
CDS	2503109	2504365	1257	yfeO	putative ion channel protein	+
CDS	2504480	2504806	327	ypeC	DUF2502 family putative periplasmic protein	+
CDS	2504947	2506185	1239	mntH	manganese/divalent cation transporter	-
CDS	2506521	2507723	1203	nupC	nucleoside (except guanosine) transporter	+
CDS	2507810	2508922	1113	insL1	IS186 transposase	+
CDS	2509122	2511311	2190	yfeA	putative diguanylate cyclase	-
CDS	2511946	2512290	345	yfeC	DUF1323 family putative DNA-binding protein	+
CDS	2512292	2512684	393	yfeD	DUF1323 family putative DNA-binding protein	+
CDS	2512736	2514151	1416	gltX	glutamyl-tRNA synthetase	-
mobile_element	2514273	2515617	1345		insertion sequence:IS186C	+
CDS	2514952	2515836	885	xapR	transcriptional activator of xapAB	-
CDS	2516088	2517344	1257	xapB	xanthosine transporter	-
CDS	2517404	2518237	834	xapA	purine nucleoside phosphorylase II	-
CDS	2518486	2519250	765	yfeN	putative outer membrane protein	+
CDS	2519289	2520215	927	yfeR	transcriptional regulator of yefH	-
CDS	2520305	2521303	999	yfeH	putative inorganic ion transporter	+
CDS	2521300	2521518	219	ypeB	DUF3820 family protein	-
CDS	2521520	2523535	2016	ligA	DNA ligase, NAD(+)-dependent	-
CDS	2523606	2524592	987	zipA	FtsZ stabilizer	-
CDS	2524822	2525583	762	cysZ	EI24 family inner membrane protein; putative sulfate transporter	+
CDS	2525768	2526739	972	cysK	cysteine synthase A, O-acetylserine sulfhydrolase A subunit	+
CDS	2527123	2527380	258	ptsH	phosphohistidinoprotein-hexose phosphotransferase component of PTS system (Hpr)	+
CDS	2527425	2529152	1728	ptsI	PEP-protein phosphotransferase of PTS system (enzyme I)	+
CDS	2529193	2529702	510	crr	glucose-specific enzyme IIA component of PTS	+
CDS	2529745	2530596	852	pdxK	pyridoxal-pyridoxamine kinase/hydroxymethylpyrimidine kinase	-
CDS	2530701	2531075	375	yfeK	uncharacterized protein	+
CDS	2531108	2531842	735	yfeS	WGR domain protein	+
CDS	2532031	2532942	912	cysM	cysteine synthase B (O-acetylserine sulfhydrolase B)	-
CDS	2533076	2534173	1098	cysA	sulfate/thiosulfate transporter subunit	-
CDS	2534163	2535038	876	cysW	sulfate/thiosulfate ABC transporter subunit	-
CDS	2535038	2535871	834	cysU	sulfate/thiosulfate ABC transporter permease	-
CDS	2535871	2536887	1017	cysP	thiosulfate-binding protein	-
CDS	2537191	2537982	792	ucpA	furfural resistance protein, putative short-chain oxidoreductase	-
CDS	2538111	2538968	858	murR	repressor for murPQ, MurNAc 6-P inducible	-
CDS	2539132	2540028	897	murQ	N-acetylmuramic acid 6-phosphate (MurNAc-6-P) etherase	+
CDS	2540032	2541456	1425	murP	N-acetylmuramic acid permease, EIIBC component, PTS system	+
CDS	2541461	2542765	1305	yfeW	penicillin binding protein PBP4B; weak DD-carboxypeptidase activity	+
CDS	2543005	2543904	900	yfeX	porphyrinogen oxidase, cytoplasmic	-
CDS	2544000	2544575	576	yfeY	RpoE-regulated lipoprotein	-
CDS	2544636	2545085	450	yfeZ	inner membrane protein	-
CDS	2545072	2545497	426	ypeA	putative acyl-CoA transferase	-
CDS	2545711	2546580	870	amiA	N-acetylmuramoyl-l-alanine amidase I	+
CDS	2546584	2547483	900	hemF	coproporphyrinogen III oxidase	+
CDS	2547489	2548541	1053	eutR	eut operon transcriptional activator, AraC family	-
CDS	2548587	2549087	501	eutK	putative ethanol utilization carboxysome structural protein	-
CDS	2549100	2549759	660	eutL	putative ethanol utilization carboxysome structural protein	-
CDS	2549769	2550656	888	eutC	ethanolamine ammonia-lyase, small subunit (light chain)	-
CDS	2550677	2552038	1362	eutB	ethanolamine ammonia-lyase, large subunit, heavy chain	-
CDS	2552217	2553425	1209	intZ	CPZ-55 prophage; putative phage integrase	+
CDS	2553616	2554257	642	yffL	CPZ-55 prophage; uncharacterized protein	+
CDS	2554727	2554972	246	yffM	CPZ-55 prophage; uncharacterized protein	+
CDS	2554984	2555352	369	yffN	CPZ-55 prophage; uncharacterized protein	+
CDS	2555470	2555886	417	yffO	CPZ-55 prophage; uncharacterized protein	+
CDS	2555883	2556476	594	yffP	CPZ-55 prophage; uncharacterized protein	+
CDS	2556951	2557328	378	yffQ	CPZ-55 prophage; uncharacterized protein	+
CDS	2557339	2557731	393	yffR	CPZ-55 prophage; uncharacterized protein	+
CDS	2557882	2558691	810	yffS	CPZ-55 prophage; uncharacterized protein	+
CDS	2558840	2560243	1404	eutA	reactivating factor for ethanolamine ammonia lyase	-
CDS	2560240	2561466	1227	eutH	ethanolamine transporter	-
CDS	2561683	2562870	1188	eutG	ethanol dehydrogenase involved in ethanolamine utilization; aldehyde reductase, converts acetaldehyde to ethanol	-
CDS	2562860	2563696	837	eutJ	ethanolamine utilization protein, HSP70/actin superfamily protein	-
CDS	2563707	2565110	1404	eutE	aldehyde oxidoreductase, ethanolamine utilization protein	-
CDS	2565122	2565409	288	eutN	Ethanolamine catabolic microcompartment shell protein	-
CDS	2565516	2565809	294	eutM	ethanolamine utilization protein, putative carboxysome structural protein	-
CDS	2565848	2566864	1017	eutD	phosphate acetyltransferase	-
CDS	2566861	2567664	804	eutT	cobalamin adenosyltransferase involved in ethanolamine utilization	-
CDS	2567661	2568362	702	eutQ	RmlC-like cupin domain protein	-
CDS	2568337	2568816	480	eutP	putative P-loop NTPase ethanolamine utilization protein	-
CDS	2568829	2569164	336	eutS	putative ethanol utilization carboxysome structural protein	-
CDS	2569457	2571736	2280	maeB	malic enzyme: putative oxidoreductase/putative phosphotransacetylase	-
CDS	2572025	2572975	951	talA	transaldolase A	+
CDS	2572995	2574998	2004	tktB	transketolase 2, thiamine triphosphate-binding	+
CDS	2575093	2576136	1044	ypfG	DUF1176 family protein	-
CDS	2576262	2576837	576	nudK	GDP-mannose pyrophosphatase	-
CDS	2576905	2578884	1980	aegA	putative oxidoreductase, FeS binding subunit/NAD/FAD-binding subunit	-
CDS	2579090	2580790	1701	narQ	sensory histidine kinase in two-component regulatory system with NarP (NarL)	+
CDS	2580954	2584067	3114	acrD	aminoglycoside/multidrug efflux system	+
CDS	2584166	2584225	60	ypfM	stress-induced small enterobacterial protein	-
CDS	2584606	2584962	357	yffB	putative ArsC family reductase	+
CDS	2584966	2586093	1128	dapE	N-succinyl-diaminopimelate deacylase	+
CDS	2586121	2586321	201	ypfN	putative membrane protein, UPF0370 family	+
CDS	2586431	2587129	699	ypfH	palmitoyl-CoA esterase activity, uncertain physiological substrate	-
CDS	2587203	2589218	2016	tmcA	elongator methionine tRNA (ac4C34) acetyltransferase	-
CDS	2589233	2590096	864	ypfJ	putative neutral zinc metallopeptidase	-
CDS	2590264	2590977	714	purC	phosphoribosylaminoimidazole-succinocarboxamide synthetase	-
CDS	2591190	2592224	1035	bamC	BamABCDE complex OM biogenesis lipoprotein	-
CDS	2592241	2593119	879	dapA	dihydrodipicolinate synthase	-
CDS	2593265	2593837	573	gcvR	transcriptional repressor, regulatory protein accessory to GcvA	+
CDS	2593837	2594307	471	bcp	peroxiredoxin; thiol peroxidase, thioredoxin-dependent	+
CDS	2594560	2595177	618	hyfA	hydrogenase 4, 4Fe-4S subunit	+
CDS	2595177	2597195	2019	hyfB	hydrogenase 4, membrane subunit	+
CDS	2597206	2598153	948	hyfC	hydrogenase 4, membrane subunit	+
CDS	2598170	2599609	1440	hyfD	hydrogenase 4, membrane subunit	+
CDS	2599621	2600271	651	hyfE	hydrogenase 4, membrane subunit	+
CDS	2600276	2601856	1581	hyfF	hydrogenase 4, membrane subunit	+
CDS	2601846	2603513	1668	hyfG	hydrogenase 4, subunit	+
CDS	2603523	2604068	546	hyfH	hydrogenase 4, Fe-S subunit	+
CDS	2604065	2604823	759	hyfI	hydrogenase 4, Fe-S subunit	+
CDS	2604816	2605229	414	hyfJ	putative processing element hydrogenase 4	+
CDS	2605259	2607271	2013	hyfR	hydrogenase-4 transcriptional activator	+
CDS	2607293	2608141	849	focB	putative formate transporter	+
CDS	2608179	2609240	1062	yfgO	putative UPF0118 family inner membrane permease	-
CDS	2609453	2610916	1464	bepA	periplasmic metalloprotease and chaperone for OM protein maintenance and assembly	+
CDS	2610937	2611296	360	yfgD	putative oxidoreductase	+
CDS	2611434	2612135	702	hda	ATPase regulatory factor involved in DnaA inactivation	-
CDS	2612230	2613519	1290	uraA	uracil permease	-
CDS	2613605	2614231	627	upp	uracil phosphoribosyltransferase	-
CDS	2614556	2615593	1038	purM	phosphoribosylaminoimidazole synthetase	+
CDS	2615593	2616231	639	purN	phosphoribosylglycinamide formyltransferase 1	+
CDS	2616403	2618469	2067	ppk	polyphosphate kinase, component of RNA degradosome	+
CDS	2618474	2620015	1542	ppx	exopolyphosphatase	+
CDS	2620054	2622297	2244	yfgF	cyclic-di-GMP phosphodiesterase, anaerobic	-
CDS	2622649	2622840	192	yfgG	uncharacterized protein	+
CDS	2623151	2623669	519	yfgH	outer membrane integrity lipoprotein	+
CDS	2623685	2624224	540	yfgI	nalidixic acid resistance protein, putative periplasmic protein	+
CDS	2624317	2625894	1578	guaA	GMP synthetase (glutamine aminotransferase)	-
CDS	2625963	2627429	1467	guaB	IMP dehydrogenase	-
CDS	2627591	2628961	1371	xseA	exonuclease VII, large subunit	+
CDS	2628958	2629173	216	yfgJ	DUF1407 family protein	-
CDS	2629243	2630715	1473	der	GTPase; multicopy suppressor of ftsJ	-
CDS	2630833	2632011	1179	bamB	BamABCDE complex OM biogenesis lipoprotein	-
CDS	2632022	2632642	621	yfgM	putative anti-RcsB factor	-
CDS	2632660	2633934	1275	hisS	histidyl tRNA synthetase	-
CDS	2634045	2635163	1119	ispG	1-hydroxy-2-methyl-2-(E)-butenyl 4-diphosphate synthase	-
CDS	2635190	2636203	1014	rodZ	MreB assembly cytoskeletal protein	-
CDS	2636488	2637642	1155	rlmN	dual specificity 23S rRNA m(2)A2503, tRNA m(2)A37 methyltransferase, SAM-dependent	-
CDS	2637792	2638223	432	ndk	multifunctional nucleoside diphosphate kinase and apyrimidinic endonuclease and 3'-phosphodiesterase	-
CDS	2638372	2640684	2313	pbpC	penicillin-insensitive murein repair transglycosylase; inactive transpeptidase domain	-
CDS	2640685	2645646	4962	yfhM	bacterial alpha2-macroglobulin colonization factor ECAM; anti-host protease defense factor; periplasmic inner membrane-anchored lipoprotein	-
CDS	2645853	2646698	846	sseA	3-mercaptopyruvate sulfurtransferase	+
CDS	2647516	2648292	777	sseB	rhodanase-like enzyme, sulfur transfer from thiosulfate	-
CDS	2648434	2649717	1284	pepB	aminopeptidase B	-
CDS	2649895	2650095	201	iscX	Iron binding protein associated with IscS; putative molecular adaptor of IscS function	-
CDS	2650107	2650442	336	fdx	[2Fe-2S] ferredoxin	-
CDS	2650444	2652294	1851	hscA	DnaK-like molecular chaperone specific for IscU	-
CDS	2652311	2652826	516	hscB	HscA co-chaperone, J domain-containing protein Hsc56; IscU-specific chaperone HscAB	-
CDS	2652922	2653245	324	iscA	FeS cluster assembly protein	-
CDS	2653262	2653648	387	iscU	iron-sulfur cluster assembly scaffold protein	-
CDS	2653676	2654890	1215	iscS	cysteine desulfurase (tRNA sulfurtransferase), PLP-dependent	-
CDS	2655002	2655490	489	iscR	isc operon transcriptional repressor; suf operon transcriptional activator; oxidative stress- and iron starvation-inducible; autorepressor	-
CDS	2655942	2656682	741	trmJ	tRNA mC32,mU32 2'-O-methyltransferase, SAM-dependent	-
CDS	2656801	2657604	804	suhB	inositol monophosphatase	+
CDS	2657749	2658603	855	yfhR	putative S9 family prolyl oligopeptidase	+
CDS	2658794	2660074	1281	csiE	stationary phase inducible protein	+
CDS	2660066	2661205	1140	hcaT	putative 3-phenylpropionic transporter	-
CDS	2661365	2662255	891	hcaR	hca operon transcriptional regulator	-
CDS	2661365	2661430	66	iroK	3-hydroxypropionic acid resistance peptide	-
CDS	2662391	2663752	1362	hcaE	3-phenylpropionate dioxygenase, large (alpha) subunit	+
CDS	2663749	2664267	519	hcaF	3-phenylpropionate dioxygenase, small (beta) subunit	+
CDS	2664267	2664587	321	hcaC	3-phenylpropionate dioxygenase, ferredoxin subunit	+
CDS	2664584	2665396	813	hcaB	2,3-dihydroxy-2,3-dihydrophenylpropionate dehydrogenase	+
CDS	2665406	2666608	1203	hcaD	phenylpropionate dioxygenase, ferredoxin reductase subunit	+
CDS	2666705	2667127	423	yphA	DoxX family inner membrane protein	+
CDS	2667175	2668047	873	yphB	mutarotase superfamily protein, YphB family	-
CDS	2668059	2669120	1062	yphC	putative Zn-dependent NAD(P)-binding oxidoreductase	-
CDS	2669186	2670184	999	yphD	inner membrane putative ABC superfamily sugar transporter permease	-
CDS	2670209	2671720	1512	yphE	putative sugar transporter subunit of ABC superfamily, ATP-binding component	-
CDS	2671743	2672726	984	yphF	putative ABC superfamily sugar transporter periplasmic-binding protein	-
CDS	2672823	2676104	3282	yphG	DUF4380 domain-containing TPR repeat protein	-
CDS	2676222	2677415	1194	yphH	putative DNA-binding transcriptional regulator	+
CDS	2677613	2678866	1254	glyA	serine hydroxymethyltransferase	-
CDS	2679194	2680384	1191	hmp	fused nitric oxide dioxygenase/dihydropteridine reductase 2	+
CDS	2680429	2680767	339	glnB	regulatory protein P-II for glutamine synthetase	-
CDS	2680828	2682162	1335	glrR	response regulator regulating glmY sRNA in two-component system with sensor protein GlrK	-
CDS	2682152	2682865	714	yfhG	putative outer membrane protein modulating the QseEF response	-
CDS	2683030	2684457	1428	glrK	sensor protein kinase regulating glmY sRNA in two-component system with response regulator GlrR	-
CDS	2685015	2688902	3888	purL	phosphoribosylformyl-glycineamide synthetase	-
CDS	2689160	2690716	1557	mltF	membrane-bound lytic transglycosylase F, murein hydrolase	+
CDS	2690713	2691216	504	tadA	tRNA-specific adenosine deaminase	-
CDS	2691274	2691909	636	pgpC	phosphatidylglycerophosphatase C, membrane bound	-
CDS	2692118	2692966	849	yfhH	putative DNA-binding transcriptional regulator	+
CDS	2693022	2693282	261	yfhL	putative 4Fe-4S cluster-containing protein	+
CDS	2693476	2693556	81	shoB	toxic membrane protein	-
CDS	2693977	2694357	381	acpS	holo-[acyl-carrier-protein] synthase 1	-
CDS	2694357	2695088	732	pdxJ	pyridoxine 5'-phosphate synthase	-
CDS	2695100	2695828	729	recO	gap repair protein	-
CDS	2695840	2696745	906	era	membrane-associated, 16S rRNA-binding GTPase	-
CDS	2696742	2697422	681	rnc	RNase III	-
CDS	2697694	2698668	975	lepB	leader peptidase (signal peptidase I)	-
CDS	2698684	2700483	1800	lepA	back-translocating elongation factor EF4, GTPase	-
CDS	2700681	2701160	480	rseC	SoxR iron-sulfur cluster reduction factor component; with RsxABCDEG	-
CDS	2701157	2702113	957	rseB	anti-sigma E factor, binds RseA	-
CDS	2702113	2702763	651	rseA	anti-sigma factor	-
CDS	2702796	2703371	576	rpoE	RNA polymerase sigma E factor	-
CDS	2703779	2705401	1623	nadB	quinolinate synthase, L-aspartate oxidase (B protein) subunit	+
CDS	2705386	2706123	738	trmN	tRNA1(Val) (adenine(37)-N6)-methyltransferase	-
CDS	2706255	2707589	1335	srmB	ATP-dependent RNA helicase	+
CDS	2707798	2708679	882	yfiE	putative DNA-binding transcriptional regulator	-
CDS	2708782	2709369	588	eamB	cysteine and O-acetylserine exporter	+
CDS	2709425	2709808	384	grcA	autonomous glycyl radical cofactor	-
CDS	2710113	2710802	690	ung	uracil-DNA-glycosylase	+
CDS	2710850	2711887	1038	yfiF	putative methyltransferase	-
CDS	2712094	2712513	420	trxC	thioredoxin 2	+
CDS	2712582	2713280	699	yfiP	DTW domain protein	+
CDS	2713312	2715972	2661	pka	protein lysine acetyltransferase	+
CDS	2716086	2717441	1356	pssA	phosphatidylserine synthase (CDP-diacylglycerol-serine O-phosphatidyltransferase)	+
CDS	2717487	2717810	324	yfiM	putative lipoprotein	+
CDS	2717807	2719105	1299	kgtP	alpha-ketoglutarate transporter	-
CDS	2724959	2727532	2574	clpB	protein disaggregation chaperone	-
CDS	2727662	2728393	732	yfiH	UPF0124 family protein	-
CDS	2728390	2729370	981	rluD	23S rRNA pseudouridine(1911,1915,1917) synthase	-
CDS	2729505	2730242	738	bamD	BamABCDE complex OM biogenesis lipoprotein	+
CDS	2730513	2730854	342	raiA	cold shock protein associated with 30S ribosomal subunit	+
CDS	2730958	2731005	48	pheL	pheA gene leader peptide	+
CDS	2731104	2732264	1161	pheA	chorismate mutase and prephenate dehydratase, P-protein	+
CDS	2732307	2733428	1122	tyrA	fused chorismate mutase T/prephenate dehydrogenase	-
CDS	2733439	2734509	1071	aroF	3-deoxy-D-arabino-heptulosonate-7-phosphate synthase, tyrosine-repressible	-
CDS	2734719	2735084	366	yfiL	lipoprotein	+
CDS	2735234	2735752	519	yfiR	putative periplasmic inhibitor of YfiN activity	+
CDS	2735742	2736968	1227	yfiN	putative membrane-anchored diguanylate cyclase with an N-terminal periplasmic domain	+
CDS	2736984	2737466	483	yfiB	OM lipoprotein putative positive effector of YfiN activity	+
CDS	2737542	2737889	348	rplS	50S ribosomal subunit protein L19	-
CDS	2737931	2738698	768	trmD	tRNA m(1)G37 methyltransferase, SAM-dependent	-
CDS	2738729	2739277	549	rimM	16S rRNA processing protein	-
CDS	2739296	2739544	249	rpsP	30S ribosomal subunit protein S16	-
CDS	2739793	2741154	1362	ffh	Signal Recognition Particle (SRP) component with 4.5S RNA (ffs)	-
CDS	2741321	2742112	792	ypjD	cytochrome c assembly protein family inner membrane protein	+
CDS	2742133	2743419	1287	yfjD	UPF0053 family inner membrane protein	+
CDS	2743474	2744067	594	grpE	heat shock protein	-
CDS	2744190	2745068	879	nadK	NAD kinase	+
CDS	2745154	2746815	1662	recN	recombination and repair protein	+
CDS	2746964	2747305	342	bamE	lipoprotein component of BamABCDE OM biogenesis complex	+
CDS	2747367	2747657	291	ratB	UPF0125 family protein	-
CDS	2747647	2748123	477	ratA	toxic UPF0083 family protein inhibitor of 70S ribosome formation	-
CDS	2748255	2748737	483	smpB	trans-translation protein	+
CDS	2749518	2750759	1242	intA	CP4-57 prophage; integrase	+
CDS	2751003	2751959	957	yfjH	CP4-57 prophage; uncharacterized protein	-
CDS	2752003	2752215	213	alpA	CP4-57 prophage; DNA-binding transcriptional activator	+
CDS	2752344	2753753	1410	yfjI	CP4-57 prophage; uncharacterized protein	+
CDS	2753906	2754532	627	yfjJ	CP4-57 prophage; uncharacterized protein	+
CDS	2754710	2756899	2190	yfjK	DEAD/H helicase-like protein, CP4-57 putative defective prophage	-
CDS	2756896	2758512	1617	yfjL	CP4-57 putative defective prophage, DUF4297/DUF1837 polymorphic toxin family protein	-
CDS	2758872	2759135	264	yfjM	CP4-57 prophage; uncharacterized protein	-
CDS	2759277	2760350	1074	rnlA	CP4-57 prophage; RNase LS	+
CDS	2760343	2760714	372	rnlB	CP4-57 prophage; uncharacterized protein	+
CDS	2761069	2761932	864	yfjP	CP4-57 prophage; 50S ribosome-binding GTPase family protein	+
CDS	2762024	2762845	822	yfjQ	CP4-57 prophage; uncharacterized protein	+
CDS	2763062	2763763	702	yfjR	CP4-57 prophage; putative DNA-binding transcriptional regulator	+
CDS	2763804	2764040	237	ypjK	CP4-57 prophage; putative inner membrane protein	+
CDS	2764040	2764483	444	yfjS	CP4-57 prophage; uncharacterized protein	+
CDS	2764507	2764974	468	yfjT	CP4-57 prophage; putative periplasmic protein	+
CDS	2765361	2765513	153	yfjU	CP4-57 prophage; conserved protein;Phage or Prophage Related	-
CDS	2766425	2766541	117		pseudogene, CP4-57 prophage;Phage or Prophage Related; putative pump protein	-
CDS	2766677	2768380	1704	yfjW	CP4-57 prophage; putative inner membrane protein	+
CDS	2768904	2769083	180		pseudogene, CP4-57 putative prophage remnant;Phage or Prophage Related	+
CDS	2769278	2769736	459	yfjX	CP4-57 prophage; putative antirestriction protein	+
CDS	2769745	2770227	483	yfjY	CP4-57 prophage; putative DNA repair protein	+
CDS	2770236	2770436	201	ypjJ	uncharacterized protein	+
CDS	2770474	2770791	318	yfjZ	CP4-57 prophage; antitoxin of the YpjF-YfjZ toxin-antitoxin system	+
CDS	2770812	2771141	330	ypjF	CP4-57 prophage; toxin of the YpjF-YfjZ toxin-antitoxin system	+
CDS	2771505	2776085	4581	ypjA	adhesin-like autotransporter	-
CDS	2776424	2776663	240	pinH	pseudogene, invertase resolvase family	-
CDS	2776997	2778370	1374	ypjC	pseudogene	-
CDS	2779756	2782008	2253	ygaQ	uncharacterized protein; putative enzyme	+
CDS	2782344	2783321	978	csiD	carbon starvation protein	+
CDS	2783341	2784609	1269	lhgO	L-2-hydroxyglutarate oxidase	+
CDS	2784632	2786080	1449	gabD	succinate-semialdehyde dehydrogenase I, NADP-dependent	+
CDS	2786094	2787374	1281	gabT	4-aminobutyrate aminotransferase, PLP-dependent	+
CDS	2787612	2789012	1401	gabP	gamma-aminobutyrate transporter	+
CDS	2789033	2789695	663	csiR	transcriptional repressor of csiD	+
CDS	2789696	2790145	450	ygaU	uncharacterized protein	-
CDS	2790229	2790387	159	yqaE	cyaR sRNA-regulated protein	-
CDS	2790570	2790869	300	ygaV	tributyltin-inducible repressor of ygaVP	+
CDS	2790879	2791403	525	ygaP	DUF2892 family inner membrane rhodanese	+
CDS	2791450	2791854	405	stpA	DNA binding protein, nucleoid-associated	-
CDS	2792523	2792972	450	alaE	alanine exporter, alanine-inducible, stress-responsive	+
CDS	2793009	2793353	345	ygaC	uncharacterized protein	-
CDS	2793505	2793834	330	ygaM	DUF883 family protein, putative membrane-anchored ribosome-binding protein	+
CDS	2794082	2794327	246	nrdH	hydrogen donor for NrdEF electron transport system; glutaredoxin-like protein	+
CDS	2794324	2794734	411	nrdI	NrdEF cluster assembly flavodoxin	+
CDS	2794707	2796851	2145	nrdE	ribonucleoside-diphosphate reductase 2, alpha subunit	+
CDS	2796861	2797820	960	nrdF	ribonucleoside-diphosphate reductase 2, beta subunit, ferritin-like protein	+
CDS	2798174	2799376	1203	proV	glycine betaine transporter subunit	+
CDS	2799369	2800433	1065	proW	glycine betaine transporter subunit	+
CDS	2800491	2801483	993	proX	glycine betaine transporter subunit	+
CDS	2801675	2802852	1178	ygaY	pseudogene, major facilitator transporter superfamily;putative transport; Not classified; putative transport protein	+
CDS	2802976	2803713	738	ygaZ	putative L-valine exporter, norvaline resistance protein	+
CDS	2803703	2804038	336	ygaH	putative L-valine exporter, norvaline resistance protein	+
CDS	2804129	2804659	531	mprA	transcriptional repressor of microcin B17 synthesis and multidrug efflux	+
CDS	2804786	2805958	1173	emrA	multidrug efflux system	+
CDS	2805975	2807513	1539	emrB	multidrug efflux system protein	+
CDS	2807577	2808092	516	luxS	S-ribosylhomocysteine lyase	-
CDS	2808242	2809798	1557	gshA	glutamate-cysteine ligase	-
CDS	2809871	2810299	429	yqaA	COG1238 family inner membrane protein	-
CDS	2810296	2810862	567	yqaB	fructose-1-P and 6-phosphogluconate phosphatase	-
CDS	2812320	2812505	186	csrA	pleiotropic regulatory protein for carbon source metabolism	-
CDS	2812740	2815370	2631	alaS	alanyl-tRNA synthetase	-
CDS	2815498	2815998	501	recX	regulatory protein for RecA	-
CDS	2816067	2817128	1062	recA	DNA recombination and repair protein; ssDNA-dependent ATPase; synaptase; ssDNA and dsDNA binding protein forming filaments; ATP-dependent homologous DNA strand exchanger; recombinase A; LexA autocleavage cofactor	-
CDS	2817208	2817705	498	pncC	nicotinamide-nucleotide amidohydrolase; NMN amidohydrolase	-
CDS	2817850	2818935	1086	mltB	membrane-bound lytic murein transglycosylase B	-
CDS	2819191	2819754	564	srlA	glucitol/sorbitol-specific enzyme IIC component of PTS	+
CDS	2819751	2820710	960	srlE	glucitol/sorbitol-specific enzyme IIB component of PTS	+
CDS	2820721	2821092	372	srlB	glucitol/sorbitol-specific enzyme IIA component of PTS	+
CDS	2821096	2821875	780	srlD	sorbitol-6-phosphate dehydrogenase	+
CDS	2821980	2822339	360	srlM	sorbitol-responsive srl operon transcriptional activator	+
CDS	2822406	2823179	774	srlR	sorbitol-inducible srl operon transcriptional repressor	+
CDS	2823172	2824137	966	srlQ	D-arabinose 5-phosphate isomerase	+
CDS	2824134	2825648	1515	norR	anaerobic nitric oxide reductase DNA-binding transcriptional activator	-
CDS	2825835	2827274	1440	norV	anaerobic nitric oxide reductase flavorubredoxin	+
CDS	2827271	2828404	1134	norW	NADH:flavorubredoxin oxidoreductase	+
CDS	2828532	2830784	2253	hypF	carbamoyl phosphate phosphatase and maturation protein for [NiFe] hydrogenases	-
CDS	2830937	2831464	528	hydN	formate dehydrogenase-H, [4Fe-4S] ferredoxin subunit	-
CDS	2831613	2832623	1011	ascG	asc operon transcriptional repressor; prpBC operon repressor	-
CDS	2832883	2834340	1458	ascF	fused cellobiose/arbutin/salicin-specific PTS enzymes: IIB component/IC component	+
CDS	2834349	2835773	1425	ascB	cryptic 6-phospho-beta-glucosidase	+
CDS	2835932	2836402	471	hycI	protease involved in processing C-terminal end of HycE	-
CDS	2836395	2836805	411	hycH	hydrogenase 3 maturation protein	-
CDS	2836802	2837569	768	hycG	hydrogenase 3 and formate hydrogenase complex, HycG subunit	-
CDS	2837569	2838111	543	hycF	formate hydrogenlyase complex iron-sulfur protein	-
CDS	2838121	2839830	1710	hycE	hydrogenase 3, large subunit	-
CDS	2839848	2840771	924	hycD	hydrogenase 3, membrane subunit	-
CDS	2840774	2842600	1827	hycC	hydrogenase 3, membrane subunit	-
CDS	2842597	2843208	612	hycB	hydrogenase 3, Fe-S subunit	-
CDS	2843333	2843794	462	hycA	regulator of the transcriptional regulator FhlA	-
CDS	2844006	2844356	351	hypA	protein involved in nickel insertion into hydrogenases 3	+
CDS	2844360	2845232	873	hypB	GTP hydrolase involved in nickel liganding into hydrogenases	+
CDS	2845223	2845495	273	hypC	hydrogenase maturation protein	+
CDS	2845495	2846616	1122	hypD	hydrogenase maturation protein	+
CDS	2846613	2847623	1011	hypE	carbamoyl dehydratase, hydrogenases 1,2,3 maturation protein	+
CDS	2847697	2849775	2079	fhlA	formate hydrogenlyase transcriptional activator	+
CDS	2849812	2850165	354	ygbA	uncharacterized protein	-
CDS	2850452	2853013	2562	mutS	methyl-directed mismatch repair protein	+
CDS	2853119	2853775	657	pphB	serine/threonine-specific protein phosphatase 2	+
CDS	2853826	2854593	768	ygbI	DeoR family putative transcriptional regulator	-
CDS	2854789	2855697	909	ygbJ	putative dehydrogenase	+
CDS	2855694	2856860	1167	ygbK	FliA-regulated DUF1537 family protein	+
CDS	2856952	2857590	639	ygbL	putative class II aldolase	+
CDS	2857595	2858371	777	ygbM	putative hydroxypyruvate isomerase	+
CDS	2858460	2859824	1365	ygbN	putative transporter	+
CDS	2859918	2860910	993	rpoS	RNA polymerase, sigma S (sigma 38) factor	-
CDS	2860973	2862112	1140	nlpD	activator of AmiC murein hydrolase activity, lipoprotein	-
CDS	2862252	2862878	627	pcm	L-isoaspartate protein carboxylmethyltransferase type II	-
CDS	2862872	2863633	762	umpG	broad specificity 5'(3')-nucleotidase and polyphosphatase	-
CDS	2863614	2864663	1050	truD	tRNA(Glu) pseudouridine(13) synthase	-
CDS	2864660	2865139	480	ispF	2C-methyl-D-erythritol 2,4-cyclodiphosphate synthase	-
CDS	2865139	2865849	711	ispD	4-diphosphocytidyl-2C-methyl-D-erythritol synthase	-
CDS	2865868	2866179	312	ftsB	cell division protein	-
CDS	2866373	2866696	324	ygbE	DUF3561 family inner membrane protein	-
CDS	2866746	2867351	606	cysC	adenosine 5'-phosphosulfate kinase	-
CDS	2867351	2868778	1428	cysN	sulfate adenylyltransferase, subunit 1	-
CDS	2868780	2869688	909	cysD	sulfate adenylyltransferase, subunit 2	-
CDS	2869940	2870977	1038	iap	aminopeptidase in alkaline phosphatase isozyme conversion	+
CDS	2871928	2872212	285	ygbF	CRISPR adaptation ssRNA endonuclease	-
CDS	2872214	2873131	918	ygbT	multifunctional endonuclease Cas1, CRISPR adaptation protein; DNA repair enzyme	-
CDS	2873147	2873746	600	casE	CRISPR RNA precursor cleavage enzyme; CRISP RNA (crRNA) containing Cascade antiviral complex protein	-
CDS	2873733	2874407	675	casD	CRISP RNA (crRNA) containing Cascade antiviral complex protein	-
CDS	2874410	2875501	1092	casC	CRISP RNA (crRNA) containing Cascade antiviral complex protein	-
CDS	2875514	2875996	483	casB	CRISP RNA (crRNA) containing Cascade antiviral complex protein	-
CDS	2875989	2877497	1509	casA	CRISP RNA (crRNA) containing Cascade antiviral complex protein	-
CDS	2877912	2880578	2667	ygcB	R-loop helicase-annealase Cas3 needed for Cascade anti-viral activity	-
CDS	2880937	2881671	735	cysH	phosphoadenosine phosphosulfate reductase; PAPS reductase, thioredoxin dependent	-
CDS	2881746	2883458	1713	cysI	sulfite reductase, beta subunit, NAD(P)-binding, heme-binding	-
CDS	2883458	2885257	1800	cysJ	sulfite reductase, alpha subunit, flavoprotein	-
CDS	2885573	2885938	366	queD	6-pyruvoyl tetrahydrobiopterin synthase (PTPS)	+
CDS	2886016	2887287	1272	ygcN	putative oxidoreductase	+
CDS	2887278	2887538	261	ygcO	putative 4Fe-4S cluster-containing protein	+
CDS	2887555	2888130	576	ygcP	putative antiterminator regulatory protein	+
CDS	2888278	2889138	861	ygcQ	putative flavoprotein	-
CDS	2889135	2889914	780	ygcR	putative flavoprotein	-
CDS	2889892	2891229	1338	ygcS	putative transporter	-
CDS	2891323	2892777	1455	ygcU	putative FAD-containing dehydrogenase	-
CDS	2892847	2893632	786	ygcW	putative dehydrogenase	-
CDS	2893951	2895228	1278	yqcE	MFS transporter family protein	+
CDS	2895255	2896733	1479	ygcE	putative kinase	+
CDS	2898106	2898777	672	queE	7-carboxy-7-deazaguanine synthase; queosine biosynthesis	-
CDS	2898916	2899056	141	yqcG	uncharacterized protein	+
CDS	2899070	2899942	873	ygcG	uncharacterized protein	+
CDS	2900002	2901300	1299	eno	enolase	-
CDS	2901388	2903025	1638	pyrG	CTP synthetase	-
CDS	2903253	2904044	792	mazG	nucleoside triphosphate pyrophosphohydrolase	-
CDS	2904115	2904450	336	mazF	mRNA interferase toxin, antitoxin is MazE	-
CDS	2904450	2904698	249	mazE	antitoxin of the ChpA-ChpR toxin-antitoxin system	-
CDS	2904776	2907010	2235	relA	(p)ppGpp synthetase I/GTP pyrophosphokinase	-
CDS	2907058	2908359	1302	rlmD	23S rRNA m(5)U1939 methyltransferase, SAM-dependent	-
CDS	2908416	2911172	2757	barA	hybrid sensory histidine kinase, in two-component regulatory system with UvrY	+
CDS	2911404	2912744	1341	gudD	(D)-glucarate dehydratase 1	-
CDS	2912765	2914105	1341	gudX	glucarate dehydratase-related protein, substrate unknown	-
CDS	2914107	2915459	1353	gudP	putative D-glucarate transporter	-
CDS	2915894	2916343	450	yqcA	short-chain flavodoxin, FMN-binding	-
CDS	2916361	2917143	783	truC	tRNA(Ile1,Asp) pseudouridine(65) synthase	-
CDS	2917143	2917472	330	yqcC	DUF446 family protein	-
CDS	2918094	2918639	546	syd	SecY-interacting protein	-
CDS	2918707	2919555	849	queF	7-cyano-7-deazaguanine reductase (NADPH-dependent)	+
CDS	2919667	2921031	1365	ygdH	UPF0717 family protein	+
CDS	2921588	2922877	1290	sdaC	putative serine transporter	+
CDS	2922935	2924302	1368	sdaB	L-serine dehydratase 2	+
CDS	2924414	2925169	756	ygdG	Ssb-binding protein, misidentified as ExoIX	+
CDS	2925224	2926372	1149	fucO	L-1,2-propanediol oxidoreductase	-
CDS	2926400	2927047	648	fucA	L-fuculose-1-phosphate aldolase	-
CDS	2927594	2928910	1317	fucP	L-fucose transporter	+
CDS	2928943	2930718	1776	fucI	L-fucose isomerase	+
CDS	2930797	2932245	1449	fucK	L-fuculokinase	+
CDS	2932247	2932669	423	fucU	L-fucose mutarotase	+
CDS	2932727	2933458	732	fucR	l-fucose operon activator	+
CDS	2933502	2934602	1101	rlmM	23S rRNA C2498 2'-O-ribose methyltransferase, SAM-dependent	-
CDS	2934595	2934990	396	ygdD	UPF0382 family inner membrane protein	-
CDS	2935009	2935926	918	gcvA	glycine cleavage system transcriptional activator; autorepressor	-
CDS	2936277	2936504	228	ygdI	DUF903 family verified lipoprotein	-
CDS	2936696	2937901	1206	csdA	cysteine sulfinate desulfinase	+
CDS	2937901	2938344	444	csdE	CsdA-binding activator; Fe-S protein	+
CDS	2938395	2939201	807	tcdA	tRNA threonylcarbamoyladenosine dehydratase; sulfur acceptor for CsdA	-
CDS	2939440	2940537	1098	mltA	membrane-bound lytic murein transglycosylase A	-
CDS	2941116	2942369	1254	amiC	N-acetylmuramoyl-L-alanine amidase	-
CDS	2942601	2943932	1332	argA	fused acetylglutamate kinase homolog (inactive)/amino acid N-acetyltransferase	+
CDS	2943994	2945820	1827	recD	exonuclease V (RecBCD complex), alpha chain	-
CDS	2945820	2949362	3543	recB	exonuclease V (RecBCD complex), beta subunit	-
CDS	2949355	2952243	2889	ptrA	protease III	-
CDS	2952419	2955787	3369	recC	exonuclease V (RecBCD complex), gamma chain	-
CDS	2955800	2956123	324	ppdC	putative prepilin peptidase-dependent protein	-
CDS	2956108	2956515	408	ygdB	DUF2509 family protein	-
CDS	2956512	2957075	564	ppdB	putative prepilin peptidase-dependent protein	-
CDS	2957066	2957536	471	ppdA	putative prepilin peptidase-dependent protein	-
CDS	2957720	2958514	795	thyA	thymidylate synthetase	-
CDS	2958521	2959396	876	lgt	phosphatidylglycerol-prolipoprotein diacylglyceryl transferase	-
CDS	2959547	2961793	2247	ptsP	fused PTS enzyme: PEP-protein phosphotransferase (enzyme I)/GAF domain containing protein	-
CDS	2961806	2962336	531	rppH	RNA pyrophosphohydrolase	-
CDS	2963021	2963710	690	mutH	methyl-directed mismatch repair protein	+
CDS	2963779	2964492	714	ygdQ	UPF0053 family inner membrane protein	+
CDS	2964630	2964848	219	ygdR	DUF903 family verified lipoprotein	+
CDS	2964956	2965996	1041	tas	putative NADP(H)-dependent aldo-keto reductase	+
CDS	2966028	2967221	1194	lplT	lysophospholipid transporter	-
CDS	2967214	2969373	2160	aas	fused 2-acylglycerophospho-ethanolamine acyl transferase/acyl-acyl carrier protein synthetase	-
CDS	2969958	2970989	1032	galR	galactose-inducible d-galactose regulon transcriptional repressor; autorepressor	+
CDS	2970996	2972258	1263	lysA	diaminopimelate decarboxylase, PLP-binding	-
CDS	2972380	2973315	936	lysR	transcriptional activator of lysA; autorepressor	+
CDS	2973302	2973994	693	ygeA	Asp/Glu_racemase family protein	-
CDS	2974123	2975541	1419	araE	arabinose transporter	-
CDS	2975856	2976617	762	kduD	hexuronate dehydrogenase; hexuronate utilization in high osmolarity	-
CDS	2976647	2977483	837	kduI	hexuronate isomerase; hexuronate utilization in high osmolarity	-
CDS	2977770	2978951	1182	yqeF	short chain acyltransferase	-
CDS	2979206	2980435	1230	yqeG	putative transporter	+
CDS	2980895	2981527	633	yqeH	putative LuxR family transcriptional regulator	+
CDS	2981861	2982670	810	yqeI	putative transcriptional regulator	+
CDS	2982663	2983145	483	yqeJ	uncharacterized protein	+
CDS	2983178	2983258	81	yqeL	uncharacterized protein	-
CDS	2983294	2983719	426	yqeK	uncharacterized protein	-
CDS	2983913	2984308	396		pseudogene	+
CDS	2984627	2985118	492	ygeG	SycD-like chaperone family TPR-repeat-containing protein	+
CDS	2985453	2986829	1377	ygeH	putative transcriptional regulator	+
CDS	2986997	2987215	219	ygeI	uncharacterized protein	+
CDS	2987298	2987741	444		pseudogene, peptidoglycan-binding enzyme family	+
CDS	2987819	2988451	633	ygeK	pseudogene; putative 2-component transcriptional regulator	-
CDS	2989119	2989379	261		pseudogene	-
CDS	2989321	2989719	399	ygeO	pseudogene, orgA homolog, part of T3SS PAI ETT2 remnant	-
mobile_element	2989720	2991050	1331		insertion sequence:IS2H	-
CDS	2989731	2990636	906	insD1	IS2 transposase TnpB	-
CDS	2990594	2990959	366	insC1	IS2 repressor TnpA	-
CDS	2991051	2992187	1137	ygeQ	pseudogene	-
CDS	2992495	2993250	756	ygeR	LysM domain-containing M23 family putative peptidase; septation lipoprotein	-
CDS	2993704	2995962	2259	xdhA	xanthine dehydrogenase, molybdenum binding subunit	+
CDS	2995973	2996851	879	xdhB	xanthine dehydrogenase, FAD-binding subunit	+
CDS	2996848	2997327	480	xdhC	xanthine dehydrogenase, Fe-S binding subunit	+
CDS	2997367	2999145	1779	ygeV	putative sigma-54-interacting transcriptional activator	-
CDS	2999621	3000811	1191	ygeW	putative carbamoyltransferase	+
CDS	3000869	3002065	1197	ygeX	2,3-diaminopropionate ammonia lyase, PLP-dependent	+
CDS	3002123	3003334	1212	ygeY	putative peptidase	+
CDS	3003387	3004772	1386	hyuA	D-stereospecific phenylhydantoinase	+
CDS	3004820	3005752	933	yqeA	putative amino acid kinase	+
CDS	3005973	3007598	1626	yqeB	XdhC-CoxI family protein with NAD(P)-binding Rossman fold	-
CDS	3007646	3008416	771	yqeC	putative selenium-dependent hydroxylase accessory protein	-
CDS	3008519	3009097	579	mocA	CTP:molybdopterin cytidylyltransferase	+
CDS	3009419	3012517	3099	ygfK	putative Fe-S subunit oxidoreductase subunit	+
CDS	3012520	3013848	1329	ssnA	putative chlorohydrolase/aminohydrolase	+
CDS	3013899	3014678	780	ygfM	putative oxidoreductase	+
CDS	3014675	3017545	2871	xdhD	putative hypoxanthine oxidase, molybdopterin-binding/Fe-S binding	+
CDS	3017710	3019110	1401	xanQ	xanthine permease	+
CDS	3019125	3020444	1320	guaD	guanine deaminase	+
CDS	3020480	3021847	1368	ygfQ	putative purine permease	+
CDS	3021883	3022371	489	ygfS	putative 4Fe-4S ferredoxin-type oxidoreductase subunit	-
CDS	3022371	3024290	1920	ygfT	putative oxidoreductase, Fe-S subunit/nucleotide-binding subunit	-
CDS	3024726	3026174	1449	uacT	uric acid permease	+
CDS	3026176	3026301	126	yqfG	uncharacterized protein	+
CDS	3026424	3026972	549	idi	isopentenyl diphosphate isomerase	+
CDS	3027016	3028533	1518	lysS	lysine tRNA synthetase, constitutive	-
CDS	3029567	3029641	75		peptide chain release factor RF-2	-
CDS	3029732	3031465	1734	recJ	ssDNA exonuclease, 5' --> 3'-specific	-
CDS	3031471	3032181	711	dsbC	protein disulfide isomerase II	-
CDS	3032206	3033102	897	xerD	site-specific tyrosine recombinase	-
CDS	3033214	3033735	522	fldB	flavodoxin 2	+
CDS	3033775	3034182	408	cptA	toxin of CptAB toxin-antitoxin pair	-
CDS	3034163	3034429	267	sdhE	flavinator of succinate dehydrogenase; antitoxin of CptAB toxin-antitoxin pair	-
CDS	3034672	3035652	981	ygfZ	iron-sulfur cluster repair protein, plumbagin resistance	+
CDS	3035848	3036507	660	yqfA	hemolysin III family HylIII inner membrane protein	-
CDS	3036671	3036982	312	yqfB	UPF0267 family protein	-
CDS	3037021	3038460	1440	bglA	6-phospho-beta-glucosidase A	+
CDS	3038517	3039260	744	ygfF	putative NAD(P)-dependent oxidoreductase with NAD(P)-binding Rossmann-fold domain	-
CDS	3039527	3042400	2874	gcvP	glycine decarboxylase, PLP-dependent, subunit (protein P) of glycine cleavage complex	-
CDS	3042519	3042908	390	gcvH	glycine cleavage complex lipoylprotein	-
CDS	3042932	3044026	1095	gcvT	aminomethyltransferase, tetrahydrofolate-dependent, subunit (T protein) of glycine cleavage complex	-
CDS	3044474	3045676	1203	ubiI	2-octaprenylphenol hydroxylase, FAD-dependent	-
CDS	3045699	3046877	1179	ubiH	2-octaprenyl-6-methoxyphenol hydroxylase, FAD/NAD(P)-binding	-
CDS	3046874	3048199	1326	pepP	proline aminopeptidase P II	-
CDS	3048225	3048803	579	ygfB	UPF0149 family protein	-
CDS	3048971	3049300	330	zapA	FtsZ stabilizer	+
CDS	3049600	3050148	549	fau	5-formyltetrahydrofolate cyclo-ligase family protein	+
CDS	3050249	3050308	60	ibsC	toxic membrane protein	-
CDS	3050537	3051769	1233	serA	D-3-phosphoglycerate dehydrogenase	-
CDS	3052025	3052684	660	rpiA	ribose 5-phosphate isomerase, constitutive	-
CDS	3052740	3053060	321	yqfE	pseudogene, LysR family	-
CDS	3053112	3054005	894	argP	transcriptional regulator for arginine transport and DNA replication genes; replication initiation inhibitor	+
CDS	3054209	3056353	2145	scpA	methylmalonyl-CoA mutase	+
CDS	3056346	3057341	996	argK	membrane ATPase/protein kinase	+
CDS	3057352	3058137	786	scpB	methylmalonyl-CoA decarboxylase, biotin-independent	+
CDS	3058161	3059639	1479	scpC	propionyl-CoA:succinate CoA transferase	+
CDS	3059636	3060532	897	ygfI	putative DNA-binding transcriptional regulator	-
CDS	3060699	3061439	741	yggE	oxidative stress defense protein	-
CDS	3061532	3062167	636	argO	arginine transporter	-
CDS	3062306	3063166	861	mscS	mechanosensitive channel protein, small conductance	-
CDS	3063524	3064603	1080	fbaA	fructose-bisphosphate aldolase, class II	-
CDS	3064818	3065981	1164	pgk	phosphoglycerate kinase	-
CDS	3066031	3067050	1020	epd	D-erythrose 4-phosphate dehydrogenase	-
CDS	3067335	3068048	714	yggC	putative PanK family P-loop kinase	-
CDS	3068045	3068554	510	yggD	MtlR family putative transcriptional repressor	-
CDS	3068576	3069541	966	yggF	fructose 1,6 bisphosphatase isozyme	-
CDS	3069538	3070815	1278	yggP	putative Zn-binding dehydrogenase	-
CDS	3070830	3072218	1389	cmtA	putative mannitol-specific PTS enzymes: IIB component/IIC component	-
CDS	3072246	3072689	444	cmtB	putative mannitol-specific enzyme IIA component of PTS	-
CDS	3073003	3074994	1992	tktA	transketolase 1, thiamine triphosphate-binding	-
CDS	3075272	3076030	759	loiP	Phe-Phe periplasmic metalloprotease, OM lipoprotein; low salt-inducible; heat shock protein that binds Era	+
CDS	3076236	3077156	921	speB	agmatinase	-
CDS	3077294	3079270	1977	speA	biosynthetic arginine decarboxylase, PLP-binding	-
CDS	3079279	3079410	132	yqgB	uncharacterized protein	-
CDS	3079546	3079761	216	yqgC	uncharacterized protein	+
CDS	3080065	3081219	1155	metK	S-adenosylmethionine synthetase	+
CDS	3081643	3083037	1395	galP	D-galactose transporter	+
CDS	3083114	3083611	498	yggI	Zn-dependent metalloprotease-related protein	+
CDS	3083706	3084413	708	endA	DNA-specific endonuclease I	+
CDS	3084493	3085224	732	rsmE	16S rRNA m(3)U1498 methyltransferase, SAM-dependent	+
CDS	3085237	3086187	951	gshB	glutathione synthetase	+
CDS	3086296	3086859	564	yqgE	uncharacterized protein	+
CDS	3086859	3087275	417	yqgF	putative Holliday junction resolvase	+
CDS	3087459	3088439	981	yggR	putative PilT family AAA+ ATPase	-
CDS	3088457	3089161	705	yggS	UPF0001 family protein, PLP-binding	+
CDS	3089179	3089745	567	yggT	putative inner membrane protein; compensates for loss in K+ uptake	+
CDS	3089742	3090032	291	yggU	UPF0235 family protein	+
CDS	3090040	3090633	594	rdgB	dITP/XTP pyrophosphatase	+
CDS	3090626	3091762	1137	yggW	HemN family putative oxidoreductase	+
CDS	3091917	3092924	1008	yggM	DUF1202 family putative secreted protein	-
CDS	3093041	3094087	1047	ansB	periplasmic L-asparaginase 2	-
CDS	3094263	3094982	720	yggN	DUF2884 family putative periplasmic protein	-
CDS	3095166	3095492	327	yggL	DUF469 family protein	-
CDS	3095492	3096211	720	trmI	tRNA m(7)G46 methyltransferase, SAM-dependent	-
CDS	3096372	3097424	1053	mutY	adenine DNA glycosylase	+
CDS	3097452	3097727	276	yggX	protein that protects iron-sulfur proteins against oxidative damage	+
CDS	3097792	3098871	1080	mltC	membrane-bound lytic murein transglycosylase C	+
CDS	3099073	3100329	1257	nupG	nucleoside transporter	+
CDS	3100379	3102514	2136	speC	ornithine decarboxylase, constitutive	-
CDS	3102912	3103619	708	yqgA	DUF554 family putative inner membrane protein	+
CDS	3103949	3104485	537	yghD	putative membrane-anchored secretion pathway M-type protein	-
CDS	3104487	3105449	963	yghE	pseudogene, secretion pathway protein, L-type protein homology; putative general secretion pathway for protein export (GSP)	-
CDS	3105452	3106300	849	yghF	pseudogene, secretion pathway protein, C-type protein homology;putative transport; Not classified; putative general secretion pathway for protein export (GSP)	-
CDS	3106426	3106836	411	yghG	secretin (GspDbeta) OM localization lipoprotein pilotin	-
CDS	3106902	3107711	810	pppA	bifunctional prepilin leader peptidase/ methylase	-
CDS	3107909	3112471	4563	yghJ	DUF4092 family putative lipoprotein peptidase	-
CDS	3112956	3114638	1683	glcA	glycolate transporter	-
CDS	3114993	3117164	2172	glcB	malate synthase G	-
CDS	3117186	3117590	405	glcG	DUF336 family protein	-
CDS	3117595	3118818	1224	glcF	glycolate oxidase 4Fe-4S iron-sulfur cluster subunit	-
CDS	3118829	3119881	1053	glcE	glycolate oxidase FAD binding subunit	-
CDS	3119881	3121380	1500	glcD	glycolate oxidase subunit, FAD-linked	-
CDS	3121631	3122395	765	glcC	glycolate-inducible glc operon transcriptional repressor; autorepressor	+
CDS	3122402	3123502	1101	yghO	pseudogene, DNA-binding transcriptional regulator homology	-
CDS	3123537	3124553	1017	insH1	IS5 transposase and trans-activator	+
CDS	3124700	3125767	1068	yghQ	putative inner membrane polysaccharide flippase	-
CDS	3125813	3126571	759	yghR	putative ATP-binding protein	-
CDS	3126603	3127316	714	yghS	putative ATP-binding protein	-
CDS	3127490	3128182	693	yghT	putative ATP-binding protein	+
CDS	3128231	3129730	1500	pitB	phosphate transporter	-
CDS	3130022	3131881	1860	gss	fused glutathionylspermidine amidase/glutathionylspermidine synthetase	-
mobile_element	3130146	3131340	1195		insertion sequence:IS5LO	+
CDS	3132086	3132952	867	yghU	putative S-transferase	+
CDS	3133075	3133323	249	hybG	hydrogenase 2 accessory protein	-
CDS	3133336	3133677	342	hybF	protein involved with the maturation of hydrogenases 1 and 2	-
CDS	3133670	3134158	489	hybE	hydrogenase 2-specific chaperone	-
CDS	3134151	3134645	495	hybD	maturation protease for hydrogenase 2	-
CDS	3134645	3136348	1704	hybC	hydrogenase 2, large subunit	-
CDS	3136345	3137523	1179	hybB	putative hydrogenase 2 cytochrome b type component	-
CDS	3137513	3138499	987	hybA	hydrogenase 2 4Fe-4S ferredoxin-type component	-
CDS	3138502	3139620	1119	hybO	hydrogenase 2, small subunit	-
CDS	3139809	3140096	288	yghW	DUF2623 family protein	-
CDS	3140631	3141050	420		pseudogene, dienlactone hydrolase family	-
CDS	3141256	3142296	1041	gpr	L-glyceraldehyde 3-phosphate reductase	+
CDS	3142336	3142830	495	yqhA	UPF0114 family putative inner membrane protein	-
CDS	3143021	3143905	885	yghA	putative oxidoreductase	+
CDS	3144177	3144602	426	exbD	membrane spanning protein in TonB-ExbB-ExbD complex	-
CDS	3144609	3145343	735	exbB	membrane spanning protein in TonB-ExbB-ExbD complex	-
CDS	3145595	3146782	1188	metC	cystathionine beta-lyase, PLP-dependent	+
CDS	3146922	3147581	660	yghB	general envelope maintenance protein; DedA family inner membrane protein	+
CDS	3147621	3148577	957	yqhC	transcriptional activator of yqhD	-
CDS	3148714	3149877	1164	yqhD	aldehyde reductase, NADPH-dependent	+
CDS	3149982	3150809	828	dkgA	2,5-diketo-D-gluconate reductase A	+
CDS	3151009	3151935	927	yqhG	DUF3828 family putative periplasmic protein	+
CDS	3151986	3152243	258	yqhH	outer membrane lipoprotein, Lpp paralog	+
CDS	3152286	3154505	2220	ygiQ	Radical SAM superfamily protein	-
CDS	3154616	3156028	1413	ftsP	septal ring component that protects the divisome from stress; multicopy suppressor of ftsI(Ts)	-
CDS	3156103	3156840	738	plsC	1-acyl-sn-glycerol-3-phosphate acyltransferase	-
CDS	3157074	3159332	2259	parC	DNA topoisomerase IV, subunit A	-
CDS	3159470	3161077	1608	ygiS	putative inner membrane ABC superfamily transporter permease	-
CDS	3161210	3161605	396	mqsA	antitoxin for MqsR toxin; transcriptional repressor	-
CDS	3161607	3161903	297	mqsR	GCU-specific mRNA interferase toxin of the MqsR-MqsA toxin-antitoxin system; biofilm/motility regulator; anti-repressor	-
CDS	3162108	3162590	483	ygiV	transcriptional repressor for mcbR biofilm gene	-
CDS	3162643	3163035	393	ygiW	hydrogen peroxide and cadmium resistance periplasmic protein; stress-induced OB-fold protein	-
CDS	3163187	3163846	660	qseB	quorum sensing DNA-binding response regulator in two-component regulatory system with QseC	+
CDS	3163843	3165192	1350	qseC	quorum sensing sensory histidine kinase in two-component regulatory system with QseB	+
CDS	3165238	3165570	333	ygiZ	inner membrane protein	-
CDS	3165889	3166470	582	mdaB	NADPH quinone reductase	+
CDS	3166501	3166815	315	ygiN	quinol monooxygenase	+
CDS	3166863	3168755	1893	parE	DNA topoisomerase IV, subunit B	-
CDS	3168784	3169365	582	yqiA	acyl CoA esterase	-
CDS	3169365	3170192	828	cpdA	3',5' cAMP phosphodiesterase	-
CDS	3170217	3170639	423	yqiB	DUF1249 protein YqiB	-
CDS	3170640	3171269	630	nudF	ADP-ribose pyrophosphatase	-
CDS	3171474	3172955	1482	tolC	transport channel	+
CDS	3173103	3173774	672	ygiB	DUF1190 family protein	+
CDS	3173780	3174940	1161	ygiC	ATP-Grasp family ATPase	+
CDS	3174978	3175766	789	ygiD	4,5- DOPA-extradiol-dioxygenase	-
CDS	3175909	3176682	774	zupT	zinc transporter	+
CDS	3177172	3177825	654	ribB	3,4-dihydroxy-2-butanone-4-phosphate synthase	-
CDS	3178199	3178489	291	yqiC	BMFP family putative fusogenic protein	+
CDS	3178773	3179324	552	ygiL	putative fimbrial-like adhesin protein	+
CDS	3179420	3179448	29	yqiG	pseudogene; fimbrial export usher family;putative membrane; Not classified; putative membrane protein	+
CDS	3179546	3179911	366	insC1	IS2 repressor TnpA	+
CDS	3179869	3180774	906	insD1	IS2 transposase TnpB	+
CDS	3183240	3183989	750	yqiH	putative periplasmic pilin chaperone	+
CDS	3183991	3185055	1065	yqiI	fimbrial protein	+
CDS	3185098	3185298	201	glgS	motility and biofilm regulator	-
CDS	3185567	3186196	630	yqiJ	DUF1449 family inner membrane protein	+
mobile_element	3186096	3187426	1331		insertion sequence:IS2I	+
CDS	3186223	3187884	1662	yqiK	PHB family membrane protein, function unknown	+
CDS	3188125	3188184	60	ibsD	toxic membrane protein	+
CDS	3188500	3188559	60	ibsE	toxic membrane protein	+
CDS	3188679	3190112	1434	hldE	fused heptose 7-phosphate kinase/heptose 1-phosphate adenyltransferase	-
CDS	3190160	3193000	2841	glnE	fused deadenylyltransferase/adenylyltransferase for glutamine synthetase	-
CDS	3193023	3194324	1302	ygiF	inorganic triphosphatase	-
CDS	3194566	3195186	621	ygiM	SH3 domain protein	+
CDS	3195250	3196488	1239	cca	fused tRNA nucleotidyl transferase/2'3'-cyclic phosphodiesterase/2'nucleotidase and phosphatase	+
CDS	3196669	3197490	822	bacA	undecaprenyl pyrophosphate phosphatase	-
CDS	3197580	3197948	369	folB	bifunctional dihydroneopterin aldolase/dihydroneopterin triphosphate 2'-epimerase	-
CDS	3198053	3198670	618	plsY	putative glycerol-3-phosphate acyltransferase	+
CDS	3198683	3199615	933	ttdR	transcriptional activator of ttdABT	-
CDS	3199822	3200733	912	ttdA	L-tartrate dehydratase, alpha subunit	+
CDS	3200730	3201335	606	ttdB	L-tartrate dehydratase, beta subunit	+
CDS	3201383	3202846	1464	ttdT	L-tartrate/succinate antiporte	+
CDS	3202889	3203902	1014	tsaD	tRNA(ANN) t(6)A37 threonylcarbamoyladenosine modification protein; glycation binding protein	-
CDS	3204140	3204355	216	rpsU	30S ribosomal subunit protein S21	+
CDS	3204466	3206211	1746	dnaG	DNA primase	+
CDS	3206406	3208247	1842	rpoD	RNA polymerase, sigma 70 (sigma D) factor	+
CDS	3208326	3208832	507	mug	G/U mismatch-specific DNA glycosylase; xanthine DNA glycosylase	-
CDS	3209086	3209850	765	yqjH	putative siderophore interacting protein	-
CDS	3210138	3210761	624	yqjI	PadR family putative transcriptional regulator	+
CDS	3210915	3212435	1521	aer	fused signal transducer for aerotaxis sensory component/methyl accepting chemotaxis component	-
CDS	3212853	3214232	1380	patA	putrescine:2-oxoglutaric acid aminotransferase, PLP-dependent	+
CDS	3214274	3214606	333	ygjH	putative tRNA binding protein; putative tRNA corner chaperone	-
CDS	3214825	3215808	984	ebgR	transcriptional repressor	+
CDS	3215992	3219084	3093	ebgA	evolved beta-D-galactosidase, alpha subunit	+
CDS	3219081	3219530	450	ebgC	evolved beta-D-galactosidase, beta subunit; cupin superfamily	+
CDS	3219593	3221026	1434	ygjI	putative transporter	+
CDS	3221160	3222230	1071	ygjJ	putative periplasmic protein	+
CDS	3222247	3224598	2352	ygjK	alpha-glucosidase	+
CDS	3225024	3227042	2019	fadH	2,4-dienoyl-CoA reductase, NADH and FMN-linked	+
CDS	3227087	3227503	417	higA	antitoxinof the HigB-HigA toxin-antitoxin system	-
CDS	3227500	3227814	315	higB	mRNA interferase toxin of the HigB-HigA toxin-antitoxin system	-
CDS	3228098	3229234	1137	rlmG	23S rRNA m(2)G1835 methyltransferase, SAM-dependent	-
CDS	3229319	3229822	504	ygjP	putative metal dependent hydrolase	+
CDS	3229899	3230591	693	ygjQ	DUF218 superfamily protein	+
CDS	3230670	3231656	987	ygjR	putative NAD(P)-dependent dehydrogenase	+
CDS	3231939	3232904	966	alx	putative membrane-bound redox modulator	+
CDS	3233303	3234547	1245	sstT	sodium:serine/threonine symporter	+
CDS	3234552	3235103	552	ygjV	Imp-YgjV family inner membrane protein	-
CDS	3235186	3236673	1488	uxaA	altronate hydrolase	-
CDS	3236688	3238100	1413	uxaC	uronate isomerase	-
CDS	3238463	3239881	1419	exuT	hexuronate transporter	+
CDS	3240011	3240787	777	exuR	hexuronate regulon transcriptional repressor; autorepressor	+
CDS	3241132	3241794	663	yqjA	general envelope maintenance protein; DedA family inner membrane protein	+
CDS	3241798	3242181	384	mzrA	modulator of EnvZ/OmpR regulon	+
CDS	3242328	3242696	369	yqjC	DUF1090 family putative periplasmic protein	+
CDS	3242734	3243039	306	yqjD	membrane-anchored ribosome-binding protein	+
CDS	3243042	3243446	405	yqjE	DUF1469 family inner membrane protein	+
CDS	3243436	3243735	300	yqjK	uncharacterized protein	+
CDS	3243921	3244313	393	yqjF	putative quinol oxidase subunit	+
CDS	3244383	3245369	987	yqjG	putative S-transferase	+
CDS	3245663	3246028	366	yhaH	DUF805 family inner membrane protein	+
CDS	3246270	3246626	357	yhaI	DUF805 family inner membrane protein	+
CDS	3246677	3247573	897	yhaJ	LysR family putative transcriptional regulator	-
CDS	3247678	3248379	702	yhaK	redox-sensitive bicupin	+
CDS	3248402	3248566	165	yhaL	uncharacterized protein	+
CDS	3248700	3250010	1311	yhaM	putative L-serine dehydratase alpha chain	-
CDS	3250038	3251369	1332	yhaO	putative transporter	-
CDS	3251644	3253008	1365	tdcG	L-serine dehydratase 3, anaerobic	-
CDS	3253080	3253469	390	tdcF	putative reactive intermediate deaminase	-
CDS	3253483	3255777	2295	tdcE	pyruvate formate-lyase 4/2-ketobutyrate formate-lyase	-
CDS	3255811	3257019	1209	tdcD	propionate kinase/acetate kinase C, anaerobic	-
CDS	3257045	3258376	1332	tdcC	L-threonine/L-serine transporter	-
CDS	3258398	3259387	990	tdcB	L-threonine dehydratase, catabolic	-
CDS	3259486	3260424	939	tdcA	tdc operon transcriptional activator	-
CDS	3260739	3260957	219	tdcR	L-threonine dehydratase operon activator protein	+
CDS	3261213	3261752	540	yhaB	uncharacterized protein	+
CDS	3261774	3262961	1188	yhaC	pentapetide repeats-related protein	+
CDS	3263984	3265129	1146	garK	glycerate kinase I	-
CDS	3265226	3266110	885	garR	tartronate semialdehyde reductase	-
CDS	3266146	3266916	771	garL	alpha-dehydro-beta-deoxy-D-glucarate aldolase	-
CDS	3266932	3268266	1335	garP	putative (D)-galactarate transporter	-
CDS	3268641	3270212	1572	garD	(D)-galactarate dehydrogenase	+
CDS	3270361	3270696	336	prlF	antitoxin of the SohA(PrlF)-YhaV toxin-antitoxin system	+
CDS	3270696	3271160	465	yhaV	toxin of the SohB(PrlF)-YhaV toxin-antitoxin system	+
CDS	3271215	3272024	810	agaR	transcriptional repressor of the aga regulon	-
CDS	3272273	3273553	1281	kbaZ	tagatose 6-phosphate aldolase 1, kbaZ subunit	+
CDS	3273576	3274049	474	agaV	N-acetylgalactosamine-specific enzyme IIB component of PTS	+
CDS	3274060	3274434	375	agaW	N-acetylgalactosamine-specific enzyme IIC component of PTS, fragment (pseudogene);enzyme; Central intermediary metabolism: Amino sugars; PTS system N-acetylgalactosameine-specific IIC component 2	+
CDS	3274430	3274984	555	agaA	pseudogene, N-acetylgalactosamine-6-phosphate deacetylase fragment; putative N-acetylgalactosamine-6-phosphate deacetylase	+
CDS	3275335	3276489	1155	agaS	tagatose-6-phosphate ketose/aldose isomerase	+
CDS	3276502	3277362	861	kbaY	tagatose 6-phosphate aldolase 1, kbaY subunit	+
CDS	3277529	3278005	477	agaB	N-acetylgalactosamine-specific enzyme IIB component of PTS	+
CDS	3278044	3278847	804	agaC	N-acetylgalactosamine-specific enzyme IIC component of PTS	+
CDS	3278837	3279628	792	agaD	N-acetylgalactosamine-specific enzyme IID component of PTS	+
CDS	3279629	3280384	756	agaI	galactosamine-6-phosphate isomerase	+
CDS	3280785	3281369	585	yraH	putative fimbrial-like adhesin protein	+
CDS	3281449	3282144	696	yraI	putative periplasmic pilin chaperone	+
CDS	3282173	3284689	2517	yraJ	putative outer membrane protein	+
CDS	3284700	3285791	1092	yraK	putative fimbrial-like adhesin protein	+
CDS	3285834	3286694	861	rsmI	16S rRNA C1402 2'-O-ribose methyltransferase, SAM-dependent	-
CDS	3286759	3288795	2037	lpoA	OM lipoprotein stimulator of MrcA transpeptidase	+
CDS	3288753	3289148	396	yraN	UPF0102 family protein	+
CDS	3289168	3289758	591	diaA	DnaA initiator-associating factor for replication initiation	+
CDS	3289768	3290343	576	yraP	outer membrane lipoprotein	+
CDS	3290457	3291497	1041	yraQ	putative inner membrane permease	-
CDS	3291570	3292205	636	yraR	putative nucleoside-diphosphate-sugar epimerase	-
CDS	3292333	3292851	519	yhbO	stress-resistance protein	+
CDS	3292831	3293274	444	yhbP	UPF0306 family protein	-
CDS	3293325	3293627	303	yhbQ	GIY-YIG nuclease superfamily protein	+
CDS	3293614	3294117	504	yhbS	putative acyl-CoA transferase	-
CDS	3294111	3294635	525	yhbT	SCP-2 sterol transfer family protein	-
CDS	3294844	3295839	996	yhbU	U32 peptidase family protein	+
CDS	3295848	3296726	879	yhbV	U32 peptidase family protein	+
CDS	3296807	3297814	1008	yhbW	putative luciferase-like monooxygenase	+
CDS	3297932	3299176	1245	mtr	tryptophan transporter of high affinity	-
CDS	3299330	3301219	1890	deaD	ATP-dependent RNA helicase	-
CDS	3301212	3301292	81	yrbN	uncharacterized protein	-
CDS	3301399	3302283	885	nlpI	lipoprotein involved in osmotic sensitivity and filamentation	-
CDS	3302392	3304527	2136	pnp	polynucleotide phosphorylase/polyadenylase	-
CDS	3304774	3305043	270	rpsO	30S ribosomal subunit protein S15	-
CDS	3305192	3306136	945	truB	tRNA pseudouridine synthase B: tRNA pseudouridine(55) synthase and putative tmRNA pseudouridine(342) synthase	-
CDS	3306136	3306537	402	rbfA	30s ribosome binding factor	-
CDS	3306701	3309373	2673	infB	translation initiation factor IF-2	-
CDS	3309398	3310885	1488	nusA	transcription termination/antitermination L factor	-
CDS	3310913	3311365	453	rimP	ribosome maturation factor for 30S subunits	-
CDS	3311996	3313339	1344	argG	argininosuccinate synthetase	+
CDS	3313347	3314972	1626	yhbX	putative EptAB family phosphoethanolamine transferase, inner membrane protein	-
CDS	3315532	3315864	333	secG	preprotein translocase membrane subunit	-
CDS	3316092	3317429	1338	glmM	phosphoglucosamine mutase	-
CDS	3317422	3318270	849	folP	7,8-dihydropteroate synthase	-
CDS	3318360	3320294	1935	ftsH	protease, ATP-dependent zinc-metallo	-
CDS	3320394	3321023	630	rlmE	23S rRNA U2552 2'-O-ribose methyltransferase, SAM-dependent	-
CDS	3321149	3321442	294	yhbY	RNA binding protein associated with pre-50S ribosomal subunits	+
CDS	3321598	3322074	477	greA	transcript cleavage factor	-
CDS	3322322	3323755	1434	dacB	D-alanyl-D-alanine carboxypeptidase	+
CDS	3323941	3325113	1173	obgE	GTPase involved in cell partioning and DNA repair	-
CDS	3325129	3326094	966	yhbE	EamA family inner membrane putative transporter	-
CDS	3326221	3326478	258	rpmA	50S ribosomal subunit protein L27	-
CDS	3326499	3326810	312	rplU	50S ribosomal subunit protein L21	-
CDS	3327069	3328040	972	ispB	octaprenyl diphosphate synthase	+
CDS	3328268	3328546	279	sfsB	malPQ operon transcriptional activator	+
CDS	3328594	3329853	1260	murA	UDP-N-acetylglucosamine 1-carboxyvinyltransferase	-
CDS	3329908	3330162	255	ibaG	acid stress protein; putative transcriptional regulator, BolA family	-
CDS	3330322	3330615	294	mlaB	ABC transporter maintaining OM lipid asymmetry, cytoplasmic STAS component	-
CDS	3330615	3331250	636	mlaC	ABC transporter maintaining OM lipid asymmetry, periplasmic binding protein	-
CDS	3331269	3331820	552	mlaD	ABC transporter maintaining OM lipid asymmetry, anchored periplasmic binding protein	-
CDS	3331825	3332607	783	mlaE	ABC transporter maintaining OM lipid asymmetry, inner membrane permease protein	-
CDS	3332615	3333424	810	mlaF	ABC transporter maintaining OM lipid asymmetry, ATP-binding protein	-
CDS	3333634	3334611	978	yrbG	putative calcium/sodium:proton antiporter	+
CDS	3334625	3335611	987	kdsD	D-arabinose 5-phosphate isomerase	+
CDS	3335632	3336198	567	kdsC	3-deoxy-D-manno-octulosonate 8-phosphate phosphatase	+
CDS	3336195	3336770	576	lptC	lipopolysaccharide export, IM-tethered periplasmic protein of the LptBFGC export complex	+
CDS	3336739	3337296	558	lptA	periplasmic LPS-binding protein	+
CDS	3337303	3338028	726	lptB	lipopolysaccharide export ABC transporter ATP-binding protein of the LptBFGC export complex	+
CDS	3338076	3339509	1434	rpoN	RNA polymerase, sigma 54 (sigma N) factor	+
CDS	3339532	3339819	288	hpf	ribosome hibernation promoting factor HPF; stabilizes 70S dimers (100S)	+
CDS	3339937	3340428	492	ptsN	sugar-specific enzyme IIA component of PTS	+
CDS	3340474	3341328	855	yhbJ	adaptor protein RapZ for GlmZ/GlmY sRNA decay; glucosamine-6-phosphate regulated; NTPase	+
CDS	3341325	3341597	273	npr	phosphohistidinoprotein-hexose phosphotransferase component of N-regulated PTS system (Npr)	+
CDS	3341811	3342443	633	yrbL	Mg(2+)-starvation-stimulated protein	+
CDS	3342440	3343168	729	mtgA	biosynthetic peptidoglycan transglycosylase	-
CDS	3343165	3343818	654	elbB	isoprenoid biosynthesis protein with amidotransferase-like domain	-
CDS	3344048	3346384	2337	arcB	aerobic respiration control sensor histidine protein kinase, cognate to two-component response regulators ArcA and RssB	-
CDS	3346480	3347409	930	yhcC	putative Fe-S oxidoreductase, Radical SAM superfamily protein	-
CDS	3348084	3352544	4461	gltB	glutamate synthase, large subunit	+
CDS	3352557	3353975	1419	gltD	glutamate synthase, 4Fe-4S protein, small subunit	+
CDS	3354535	3355299	765	gltF	periplasmic protein	+
CDS	3355471	3356145	675	yhcA	putative periplasmic chaperone protein	+
CDS	3356166	3358547	2382	yhcD	putative outer membrane fimbrial subunit usher protein	+
CDS	3358544	3358910	367	yhcE	pseudogene fragment; interrupted by IS5	+
mobile_element	3358915	3360109	1195		insertion sequence:IS5R	-
CDS	3359061	3360077	1017	insH1	IS5 transposase and trans-activator	-
CDS	3360285	3361001	717	yhcF	putative transcriptional regulator	+
CDS	3361186	3362313	1128	yhcG	DUF1016 family protein in the PD-(D/E)XK nuclease superfamily	+
CDS	3362373	3362837	465	yhcH	DUF386 family protein, cupin superfamily	-
CDS	3362834	3363709	876	nanK	N-acetylmannosamine kinase	-
CDS	3363706	3364395	690	nanE	putative N-acetylmannosamine-6-P epimerase	-
CDS	3364443	3365933	1491	nanT	sialic acid transporter	-
CDS	3366042	3366935	894	nanA	N-acetylneuraminate lyase	-
CDS	3367057	3367848	792	nanR	transcriptional repressor of the nan operon, induced by sialic acid	-
CDS	3368228	3369595	1368	dcuD	putative transporter	+
CDS	3369638	3370135	498	sspB	ClpXP protease specificity enhancing factor	-
CDS	3370141	3370779	639	sspA	stringent starvation protein A, phage P1 late gene activator, RNAP-associated acid-resistance protein, inactive glutathione S-transferase homolog	-
CDS	3371174	3371566	393	rpsI	30S ribosomal subunit protein S9	-
CDS	3371582	3372010	429	rplM	50S ribosomal subunit protein L13	-
CDS	3372229	3373356	1128	yhcM	putative AFG1-like family P-loop ATPase	-
CDS	3373550	3373948	399	yhcB	DUF1043 family inner membrane-anchored protein	+
CDS	3374102	3375469	1368	degQ	serine endoprotease, periplasmic	+
CDS	3375559	3376626	1068	degS	serine endoprotease, periplasmic	+
CDS	3376689	3377627	939	mdh	malate dehydrogenase, NAD(P)-binding	-
CDS	3378062	3378532	471	argR	l-arginine-responsive arginine metabolism regulon transcriptional regulator	+
CDS	3378897	3379160	264	yhcN	cadmium and peroxide resistance protein, stress-induced	+
CDS	3379216	3379488	273	yhcO	putative barnase inhibitor	-
CDS	3379580	3381547	1968	aaeB	p-hydroxybenzoic acid efflux system component	-
CDS	3381553	3382485	933	aaeA	p-hydroxybenzoic acid efflux system component	-
CDS	3382493	3382696	204	aaeX	DUF1656 family putative inner membrane efflux pump associated protein	-
CDS	3382879	3383808	930	aaeR	transcriptional regulator for aaeXAB operon	+
CDS	3383942	3385387	1446	tldD	putative peptidase	-
CDS	3385817	3389617	3801	yhdP	DUF3971-AsmA2 domains protein	-
CDS	3389685	3391154	1470	rng	ribonuclease G	-
CDS	3391144	3391737	594	yhdE	Maf-like protein	-
CDS	3391746	3392234	489	mreD	cell wall structural complex MreBCD transmembrane component MreD	-
CDS	3392234	3393337	1104	mreC	cell wall structural complex MreBCD transmembrane component MreC	-
CDS	3393403	3394446	1044	mreB	cell wall structural complex MreBCD, actin-like component MreB	-
CDS	3394751	3396691	1941	csrD	targeting factor for csrBC sRNA degradation	-
CDS	3396843	3397817	975	acuI	putative acryloyl-CoA reductase	+
CDS	3397854	3397996	143	yrdF	pseudogene, conserved protein	+
CDS	3397997	3398092	96		pseudogene, yedZ paralog	+
CDS	3398795	3399265	471	accB	acetyl CoA carboxylase, BCCP subunit	+
CDS	3399276	3400625	1350	accC	acetyl-CoA carboxylase, biotin carboxylase subunit	+
CDS	3400734	3400976	243	yhdT	DUF997 family putative inner membrane protein	+
CDS	3400966	3402417	1452	panF	pantothenate:sodium symporter	+
CDS	3402429	3403310	882	prmA	methyltransferase for 50S ribosomal subunit protein L11	+
CDS	3403639	3404604	966	dusB	tRNA-dihydrouridine synthase B	+
CDS	3404630	3404926	297	fis	global DNA-binding transcriptional dual regulator	+
CDS	3405012	3405896	885	yhdJ	DNA adenine methyltransferase, SAM-dependent	+
CDS	3405980	3406159	180	yhdU	putative membrane protein	+
CDS	3406162	3406824	663	acrS	acrAB operon transcriptional repressor	-
CDS	3407223	3408380	1158	acrE	cytoplasmic membrane lipoprotein	+
CDS	3408392	3411496	3105	acrF	multidrug efflux system protein	+
CDS	3411749	3411970	222	yhdV	putative outer membrane protein	+
CDS	3412401	3412466	66		pseudogene, amino-acid transporter homology;putative transport; Not classified; putative periplasmic binding transport protein; periplasmic-binding component of ABC superfamily	+
CDS	3413493	3414674	1182	yhdX	putative amino-acid transporter subunit	+
CDS	3414684	3415787	1104	yhdY	putative amino-acid transporter subunit	+
CDS	3415795	3416553	759	yhdZ	putative amino-acid transporter subunit	+
CDS	3422595	3423149	555	yrdA	bacterial transferase hexapeptide domain protein	+
CDS	3423125	3423382	258	yrdB	DUF1488 family protein	-
CDS	3423379	3424197	819	aroE	dehydroshikimate reductase, NAD(P)-binding	-
CDS	3424202	3424774	573	tsaC	tRNA(ANN) t(6)A37 threonylcarbamoyladenosine modification protein, threonine-dependent ADP-forming ATPase	-
CDS	3424779	3425321	543	yrdD	putative DNA topoisomerase	-
CDS	3425350	3425823	474	smg	DUF494 family putative periplasmic protein	-
CDS	3425795	3426919	1125	smf	DNA recombination-mediator A family protein	-
CDS	3427049	3427558	510	def	peptide deformylase	+
CDS	3427573	3428520	948	fmt	10-formyltetrahydrofolate:L-methionyl-tRNA(fMet) N-formyltransferase	+
CDS	3428566	3429855	1290	rsmB	16S rRNA m(5)C967 methyltransferase, SAM-dependent	+
CDS	3429877	3431253	1377	trkA	NAD-binding component of TrK potassium transporter	+
CDS	3431383	3431793	411	mscL	mechanosensitive channel protein, high conductance	+
CDS	3431790	3432008	219	arfA	alternate ribosome-rescue factor A	-
CDS	3432064	3432489	426	zntR	zntA gene transcriptional activator	-
CDS	3432500	3432868	369	yhdN	DUF1992 family protein	-
CDS	3432975	3433358	384	rplQ	50S ribosomal subunit protein L17	-
CDS	3433399	3434388	990	rpoA	RNA polymerase, alpha subunit	-
CDS	3434414	3435034	621	rpsD	30S ribosomal subunit protein S4	-
CDS	3435068	3435457	390	rpsK	30S ribosomal subunit protein S11	-
CDS	3435474	3435830	357	rpsM	30S ribosomal subunit protein S13	-
CDS	3435977	3436093	117	rpmJ	50S ribosomal subunit protein L36	-
CDS	3436125	3437456	1332	secY	preprotein translocase membrane subunit	-
CDS	3437464	3437898	435	rplO	50S ribosomal subunit protein L15	-
CDS	3437902	3438081	180	rpmD	50S ribosomal subunit protein L30	-
CDS	3438085	3438588	504	rpsE	30S ribosomal subunit protein S5	-
CDS	3438603	3438956	354	rplR	50S ribosomal subunit protein L18	-
CDS	3438966	3439499	534	rplF	50S ribosomal subunit protein L6	-
CDS	3439512	3439904	393	rpsH	30S ribosomal subunit protein S8	-
CDS	3439938	3440243	306	rpsN	30S ribosomal subunit protein S14	-
CDS	3440258	3440797	540	rplE	50S ribosomal subunit protein L5	-
CDS	3440812	3441126	315	rplX	50S ribosomal subunit protein L24	-
CDS	3441137	3441508	372	rplN	50S ribosomal subunit protein L14	-
CDS	3441673	3441927	255	rpsQ	30S ribosomal subunit protein S17	-
CDS	3441927	3442118	192	rpmC	50S ribosomal subunit protein L29	-
CDS	3442118	3442528	411	rplP	50S ribosomal subunit protein L16	-
CDS	3442541	3443242	702	rpsC	30S ribosomal subunit protein S3	-
CDS	3443260	3443592	333	rplV	50S ribosomal subunit protein L22	-
CDS	3443607	3443885	279	rpsS	30S ribosomal subunit protein S19	-
CDS	3443902	3444723	822	rplB	50S ribosomal subunit protein L2	-
CDS	3444741	3445043	303	rplW	50S ribosomal subunit protein L23	-
CDS	3445040	3445645	606	rplD	50S ribosomal subunit protein L4	-
CDS	3445656	3446285	630	rplC	50S ribosomal subunit protein L3	-
CDS	3446318	3446629	312	rpsJ	30S ribosomal subunit protein S10	-
CDS	3446867	3447286	420	gspB	part of gsp divergon involved in type II protein secretion	-
CDS	3447288	3448757	1470	gspA	general secretory pathway component, cryptic	-
CDS	3448937	3449752	816	gspC	general secretory pathway component, cryptic	+
CDS	3449736	3451688	1953	gspD	general secretory pathway component, cryptic	+
CDS	3451698	3453179	1482	gspE	general secretory pathway component, cryptic	+
CDS	3453176	3454372	1197	gspF	general secretory pathway component, cryptic	+
CDS	3454382	3454819	438	gspG	pseudopilin, cryptic, general secretion pathway	+
CDS	3454827	3455336	510	gspH	putative general secretory pathway component, cryptic	+
CDS	3455333	3455710	378	gspI	general secretory pathway component, cryptic	+
CDS	3455703	3456290	588	gspJ	putative general secretory pathway component, cryptic	+
CDS	3456283	3457266	984	gspK	general secretory pathway component, cryptic	+
CDS	3457281	3458444	1164	gspL	general secretory pathway component, cryptic	+
CDS	3458441	3458902	462	gspM	general secretory pathway component, cryptic	+
CDS	3458902	3459579	678	gspO	bifunctional prepilin leader peptidase/ methylase	+
CDS	3459608	3460084	477	bfr	bacterioferritin, iron storage and detoxification protein	-
CDS	3460156	3460350	195	bfd	bacterioferritin-associated ferredoxin	-
CDS	3460519	3463212	2694	chiA	periplasmic endochitinase	-
CDS	3463504	3464688	1185	tufA	translation elongation factor EF-Tu 1	-
CDS	3464759	3466873	2115	fusA	protein chain elongation factor EF-G, GTP-binding	-
CDS	3466901	3467440	540	rpsG	30S ribosomal subunit protein S7	-
CDS	3467537	3467911	375	rpsL	30S ribosomal subunit protein S12	-
CDS	3468037	3468324	288	tusB	mnm(5)-s(2)U34-tRNA synthesis 2-thiolation protein	-
CDS	3468332	3468691	360	tusC	mnm(5)-s(2)U34-tRNA synthesis 2-thiolation protein	-
CDS	3468691	3469077	387	tusD	sulfurtransferase for 2-thiolation step of mnm(5)-s(2)U34-tRNA synthesis	-
CDS	3469077	3469799	723	yheO	putative PAS domain-containing DNA-binding transcriptional regulator	-
CDS	3469966	3470778	813	fkpA	FKBP-type peptidyl-prolyl cis-trans isomerase (rotamase)	-
CDS	3470999	3471217	219	slyX	phi X174 lysis protein	+
CDS	3471266	3471856	591	slyD	FKBP-type peptidyl prolyl cis-trans isomerase (rotamase)	-
CDS	3471951	3472151	201	yheV	DUF2387 family putative metal-binding protein	-
CDS	3472161	3473966	1806	kefB	potassium:proton antiporter	-
CDS	3473966	3474520	555	kefG	potassium-efflux system ancillary protein for KefB, glutathione-regulated	-
CDS	3474648	3476561	1914	yheS	putative transporter subunit of ABC superfamily: ATP-binding component	+
CDS	3476561	3477583	1023	yheT	UPF0017 family putative hydrolase	+
CDS	3477577	3477795	219	yheU	UPF0270 family protein	+
CDS	3477849	3478718	870	prkB	putative phosphoribulokinase	+
CDS	3478773	3479177	405	yhfA	OsmC family protein	-
CDS	3479479	3480111	633	crp	cAMP-activated global transcription factor, mediator of catabolite repression	+
CDS	3480150	3482252	2103	yhfK	putative transporter, FUSC superfamily inner membrane protein, tandem domains	+
CDS	3482319	3483539	1221	argD	bifunctional acetylornithine aminotransferase/ succinyldiaminopimelate aminotransferase	-
CDS	3483625	3484188	564	pabA	aminodeoxychorismate synthase, subunit II	-
CDS	3484220	3484822	603	fic	stationary-phase adenosine monophosphate-protein transferase domain protein	-
CDS	3484812	3484979	168	yhfG	putative Fic-binding protein	-
CDS	3485084	3485656	573	ppiA	peptidyl-prolyl cis-trans isomerase A (rotamase A)	-
CDS	3485927	3487108	1182	tsgA	putative transporter	+
CDS	3487370	3489913	2544	nirB	nitrite reductase, large subunit, NAD(P)H-binding	+
CDS	3489910	3490236	327	nirD	nitrite reductase, NAD(P)H-binding, small subunit	+
CDS	3490362	3491168	807	nirC	nitrite transporter	+
CDS	3491187	3492560	1374	cysG	fused siroheme synthase 1,3-dimethyluroporphyriongen III dehydrogenase and siroheme ferrochelatase/uroporphyrinogen methyltransferase	+
CDS	3492807	3492974	168	yhfL	small lipoprotein	+
CDS	3493269	3494606	1338	frlA	putative fructoselysine transporter	+
CDS	3494627	3495649	1023	frlB	fructoselysine-6-P-deglycase	+
CDS	3495699	3496529	831	frlC	fructoselysine 3-epimerase	+
CDS	3496526	3497311	786	frlD	fructoselysine 6-kinase	+
CDS	3497411	3498142	732	frlR	putative DNA-binding transcriptional regulator	+
CDS	3498294	3499379	1086	yhfS	FNR-regulated pyridoxal phosphate-dependent aminotransferase family protein	-
CDS	3499391	3500695	1305	yhfT	inner membrane protein	-
CDS	3500707	3501060	354	yhfU	DUF2620 family protein	-
CDS	3501071	3501949	879	php	phosphotriesterase homology protein	-
CDS	3501946	3503172	1227	yhfW	phosphopentomutase-related metalloenzyme superfamily protein	-
CDS	3503172	3504335	1164	yhfX	putative pyridoxal 5'-phosphate binding protein	-
CDS	3504419	3504781	363	yhfY	PRD domain protein	-
CDS	3504798	3505703	906	yhfZ	putative DNA-binding transcriptional regulator	-
CDS	3505993	3506997	1005	trpS	tryptophanyl-tRNA synthetase	-
CDS	3506990	3507748	759	gph	phosphoglycolate phosphatase	-
CDS	3507741	3508418	678	rpe	D-ribulose-5-phosphate 3-epimerase	-
CDS	3508436	3509272	837	dam	DNA adenine methyltransferase	-
CDS	3509379	3510665	1287	damX	cell division protein that binds to the septal ring	-
CDS	3510757	3511845	1089	aroB	3-dehydroquinate synthase	-
CDS	3511902	3512423	522	aroK	shikimate kinase I	-
CDS	3512824	3514062	1239	hofQ	DNA catabolic putative fimbrial transporter	-
CDS	3513974	3514378	405	hofP	DNA catabolic protein	-
CDS	3514368	3514808	441	hofO	DNA catabolic protein	-
CDS	3514792	3515331	540	hofN	DNA catabolic putative fimbrial assembly protein	-
CDS	3515331	3516110	780	hofM	DNA catabolic putative pilus assembly protein	-
CDS	3516230	3518782	2553	mrcA	fused penicillin-binding protein 1a: murein transglycosylase/murein transpeptidase	+
CDS	3518948	3519508	561	nudE	adenosine nucleotide hydrolase; substrates include Ap3A, Ap2A, ADP-ribose, NADH	-
CDS	3519828	3521963	2136	yrfF	inner membrane protein	+
CDS	3522028	3522696	669	yrfG	GMP/IMP nucleotidase	+
CDS	3522707	3523108	402	hslR	ribosome-associated heat shock protein Hsp15	+
CDS	3523133	3524011	879	hslO	heat shock protein Hsp33	+
CDS	3524074	3525798	1725	yhgE	DUF4153 family putative inner membrane protein	-
CDS	3526177	3527799	1623	pck	phosphoenolpyruvate carboxykinase	+
CDS	3527875	3529227	1353	envZ	sensory histidine kinase in two-component regulatory system with OmpR	-
CDS	3529224	3529943	720	ompR	response regulator in two-component regulatory system with EnvZ	-
CDS	3530171	3530647	477	greB	transcript cleavage factor	+
CDS	3530744	3533065	2322	yhgF	putative transcriptional accessory protein	+
CDS	3533522	3533749	228	feoA	ferrous iron transporter, protein A	+
CDS	3533766	3536087	2322	feoB	fused ferrous iron transporter, protein B: GTP-binding protein/membrane protein	+
CDS	3536087	3536323	237	feoC	putative DNA-binding transcriptional regulator	+
CDS	3536526	3537404	879	yhgA	transposase_31 family protein	+
CDS	3537433	3538203	771	bioH	pimeloyl-ACP methyl ester carboxylesterase	-
CDS	3538241	3538924	684	gntX	DNA catabolic protein	+
CDS	3538983	3539558	576	nfuA	Fe/S biogenesis protein; putative scaffold/chaperone for damaged Fe/S proteins	+
CDS	3539918	3541234	1317	gntT	gluconate transporter, high-affinity GNT I system	+
CDS	3541345	3543429	2085	malQ	4-alpha-glucanotransferase (amylomaltase)	-
CDS	3543439	3545832	2394	malP	maltodextrin phosphorylase	-
CDS	3546444	3549149	2706	malT	mal regulon transcriptional activator	+
CDS	3549192	3550208	1017	rtcA	RNA 3'-terminal phosphate cyclase	-
CDS	3550212	3551438	1227	rtcB	RNA-splicing ligase	-
CDS	3551627	3553225	1599	rtcR	sigma 54-dependent transcriptional regulator of rtcBA expression	+
CDS	3553207	3553965	759	glpR	GlpR DNA-binding transcriptional repressor	-
CDS	3553982	3554812	831	glpG	rhomboid intramembrane serine protease	-
CDS	3554857	3555183	327	glpE	thiosulfate:cyanide sulfurtransferase (rhodanese)	-
CDS	3555373	3556878	1506	glpD	sn-glycerol-3-phosphate dehydrogenase, aerobic, FAD/NAD(P)-binding	+
CDS	3557147	3557365	219	yzgL	pseudogene, periplasmic solute binding protein homology	-
CDS	3557494	3559941	2448	glgP	glycogen phosphorylase	-
CDS	3559960	3561393	1434	glgA	glycogen synthase	-
CDS	3561393	3562688	1296	glgC	glucose-1-phosphate adenylyltransferase	-
CDS	3562706	3564679	1974	glgX	glycogen debranching enzyme	-
CDS	3564676	3566862	2187	glgB	1,4-alpha-glucan branching enzyme	-
CDS	3567135	3568238	1104	asd	aspartate-semialdehyde dehydrogenase, NAD(P)-binding	-
CDS	3568431	3569024	594	yhgN	UPF0056 family inner membrane protein	+
CDS	3569081	3570421	1341	gntU	gluconate transporter, low affinity GNT 1 system	-
CDS	3570425	3570952	528	gntK	gluconate kinase 2	-
CDS	3571091	3572086	996	gntR	d-gluconate inducible gluconate regulon transcriptional repressor	-
CDS	3572310	3573005	696	yhhW	quercetinase activity in vitro	-
CDS	3573128	3574165	1038	yhhX	putative oxidoreductase	-
CDS	3574498	3574986	489	yhhY	putative acetyltransferase	+
CDS	3575223	3576401	1179	yhhZ	putative Hcp1 family polymorphic toxin protein; putative colicin-like DNase/tRNase activity	+
CDS	3576398	3576778	381	yrhA	pseudogene, interrupted by IS1E	+
CDS	3576843	3577118	276	insA	IS1 repressor TnpA	+
CDS	3577037	3577540	504	insB1	IS1 transposase B	+
CDS	3578119	3578403	285	yrhB	stable heat shock chaperone	+
CDS	3578441	3580183	1743	ggt	gamma-glutamyltranspeptidase	-
CDS	3580303	3580743	441	yhhA	DUF2756 family protein	+
CDS	3580730	3581473	744	ugpQ	glycerophosphodiester phosphodiesterase, cytosolic	-
CDS	3581470	3582540	1071	ugpC	glycerol-3-phosphate transporter subunit	-
CDS	3582542	3583387	846	ugpE	glycerol-3-phosphate transporter subunit	-
CDS	3583384	3584271	888	ugpA	glycerol-3-phosphate transporter subunit	-
mobile_element	3583428	3584195	768		insertion sequence:IS1E	+
CDS	3584369	3585685	1317	ugpB	glycerol-3-phosphate transporter subunit	-
CDS	3586084	3586797	714	livF	leucine/isoleucine/valine transporter subunit	-
CDS	3586799	3587566	768	livG	leucine/isoleucine/valine transporter subunit	-
CDS	3587563	3588840	1278	livM	leucine/isoleucine/valine transporter subunit	-
CDS	3588837	3589763	927	livH	leucine/isoleucine/valine transporter subunit	-
CDS	3589811	3590920	1110	livK	leucine transporter subunit	-
CDS	3591344	3591727	384	panM	PanD autocleavage accelerator, panothenate synthesis	+
CDS	3591915	3593018	1104	livJ	leucine/isoleucine/valine transporter subunit	-
CDS	3593289	3594143	855	rpoH	RNA polymerase, sigma 32 (sigma H) factor	-
CDS	3594388	3595446	1059	ftsX	inner membrane putative ABC superfamily transporter permease	-
CDS	3595439	3596107	669	ftsE	putative ABC superfamily transporter ATP-binding subunit	-
CDS	3596110	3597603	1494	ftsY	Signal Recognition Particle (SRP) receptor	-
CDS	3597753	3598349	597	rsmD	16S rRNA m(2)G966 methyltransferase, SAM-dependent	+
CDS	3598339	3598608	270	yhhL	DUF1145 family protein	+
CDS	3598611	3598970	360	yhhM	DUF2500 family protein	-
CDS	3599111	3599737	627	yhhN	TMEM86 family putative inner membrane protein	+
CDS	3599811	3602009	2199	zntA	zinc, cobalt and lead efflux system	+
CDS	3602111	3602356	246	tusA	mnm(5)-s(2)U34-tRNA 2-thiolation sulfurtransferase	-
CDS	3602577	3603242	666	yhhQ	DUF165 family inner membrane protein	+
CDS	3603315	3603872	558	dcrB	putative lipoprotein	+
CDS	3603876	3605093	1218	yhhS	putative arabinose efflux transporter	-
CDS	3605225	3606274	1050	yhhT	UPF0118 family putative transporter	+
CDS	3606329	3606916	588	acpT	4'-phosphopantetheinyl transferase	+
CDS	3607027	3608601	1575	nikA	nickel-binding, heme-binding periplasmic protein	+
CDS	3608601	3609545	945	nikB	nickel transporter subunit	+
CDS	3609542	3610375	834	nikC	nickel transporter subunit	+
CDS	3610375	3611139	765	nikD	nickel transporter subunit	+
CDS	3611136	3611942	807	nikE	nickel transporter subunit	+
CDS	3611948	3612349	402	nikR	transcriptional repressor, Ni-binding	+
CDS	3612552	3616787	4236	rhsB	Rhs family putative polymorphic toxin, putative neighboring cell growth inhibitor	+
CDS	3616759	3617142	384	yhhH	putative immunity protein for putative polymorphic toxin RhsB	+
CDS	3617247	3617597	351	yrhC	pseudogene fragment	+
CDS	3617738	3618874	1137	yhhI	putative transposase	+
CDS	3619039	3620163	1125	yhhJ	inner membrane putative ABC transporter permease	-
CDS	3620163	3622898	2736	rbbA	ribosome-associated ATPase: ATP-binding protein/ATP-binding membrane protein	-
CDS	3622895	3623962	1068	yhiI	putative membrane fusion protein (MFP) of efflux pump	-
CDS	3624328	3625950	1623	yhiJ	DUF4049 family protein	-
CDS	3626625	3627818	1194		pseudogene, DUF4049 family protein	-
CDS	3628201	3629253	1053	yhiM	acid resistance protein, inner membrane	+
CDS	3629568	3630770	1203	yhiN	putative oxidoreductase	-
CDS	3631002	3632501	1500	pitA	phosphate transporter, low-affinity; tellurite importer	+
CDS	3632745	3633080	336	uspB	universal stress (ethanol tolerance) protein B	-
CDS	3633471	3633905	435	uspA	universal stress global response regulator	+
CDS	3634222	3635691	1470	dtpB	dipeptide and tripeptide permease B	+
CDS	3635740	3636492	753	rsmJ	16S rRNA m(2)G1516 methyltransferase, SAM-dependent	-
CDS	3636500	3638542	2043	prlC	oligopeptidase A	-
CDS	3638745	3639587	843	rlmJ	23S rRNA m(6)A2030 methyltransferase, SAM-dependent	+
CDS	3639659	3641011	1353	gor	glutathione oxidoreductase	+
CDS	3641065	3641148	84	dinQ	UV-inducible membrane toxin, DinQ-AgrB type I toxin-antitoxin system	-
CDS	3641888	3642241	354	arsR	arsenical resistance operon transcriptional repressor; autorepressor	+
CDS	3642295	3643584	1290	arsB	arsenite/antimonite transporter	+
CDS	3643597	3644022	426	arsC	arsenate reductase	+
CDS	3644651	3645391	741	yhiS	pseudogene	+
mobile_element	3645396	3646590	1195		insertion sequence:IS5T	-
CDS	3645542	3646558	1017	insH1	IS5 transposase and trans-activator	-
CDS	3647321	3647887	567	slp	outer membrane lipoprotein	+
CDS	3648043	3648573	531	dctR	LuxR family putative transcriptional regulator	+
CDS	3648615	3649262	648	yhiD	putative Mg(2+) transport ATPase, inner membrane protein	-
CDS	3649326	3649652	327	hdeB	acid-resistance protein	-
CDS	3649768	3650100	333	hdeA	stress response protein acid-resistance protein	-
CDS	3650355	3650927	573	hdeD	acid-resistance membrane protein	+
CDS	3651726	3652253	528	gadE	gad regulon transcriptional activator	+
CDS	3652592	3653749	1158	mdtE	anaerobic multidrug efflux transporter, ArcA-regulated	+
CDS	3653774	3656887	3114	mdtF	anaerobic multidrug efflux transporter, ArcA-regulated	+
CDS	3657250	3657978	729	gadW	transcriptional activator of gadA and gadBC; repressor of gadX	-
CDS	3658346	3659170	825	gadX	acid resistance regulon transcriptional activator; autoactivator	-
CDS	3659540	3660940	1401	gadA	glutamate decarboxylase A, PLP-dependent	-
CDS	3661151	3662548	1398	yhjA	putative cytochrome C peroxidase	-
CDS	3662952	3664601	1650	treF	cytoplasmic trehalase	+
CDS	3664652	3665254	603	yhjB	putative DNA-binding transcriptional response regulator	-
CDS	3665774	3666673	900	yhjC	LysR family putative transcriptional regulator	+
CDS	3666722	3667735	1014	yhjD	inner membrane putative BrbK family alternate lipid exporter	+
CDS	3668146	3669468	1323	yhjE	MFS superfamily sugar transport 1 family protein	+
CDS	3669650	3671710	2061	yhjG	putative inner membrane-anchored periplasmic AsmA family protein	-
CDS	3671780	3672547	768	yhjH	cyclic-di-GMP phosphodiesterase, FlhDC-regulated	-
CDS	3672779	3673708	930	kdgK	2-dehydro-3-deoxygluconokinase	+
CDS	3673804	3675300	1497	yhjJ	putative periplasmic M16 family chaperone	-
CDS	3675521	3676807	1287	dctA	C4-dicarboxylic acid, orotate and citrate transporter	-
CDS	3676990	3678978	1989	yhjK	cyclic-di-GMP phosphodiesterase	-
CDS	3679060	3682533	3474	bcsC	cellulose synthase subunit	-
CDS	3682515	3683621	1107	bcsZ	endo-1,4-D-glucanase	-
CDS	3683628	3685967	2340	bcsB	regulator of cellulose synthase, cyclic di-GMP binding	-
CDS	3685978	3688596	2619	bcsA	cellulose synthase, catalytic subunit	-
CDS	3688593	3689345	753	bcsQ	involved in cellulose production, minD superfamily (pseudogene)	-
CDS	3689357	3689545	189	yhjR	DUF2629 family protein	-
CDS	3689818	3691389	1572	bcsE	cellulose production protein	+
CDS	3691386	3691577	192	bcsF	DUF2636 family small membrane protein associated with cellulose production	+
CDS	3691574	3693253	1680	bcsG	DUF3260 family inner membrane protein associated with cellulose production	+
CDS	3693340	3693447	108	ldrD	toxic polypeptide, small	-
CDS	3693923	3695194	1272	yhjV	putative transporter	+
CDS	3695224	3696228	1005	dppF	dipeptide transporter	-
CDS	3696225	3697208	984	dppD	dipeptide/heme transporter	-
CDS	3697219	3698121	903	dppC	dipeptide/heme transporter	-
CDS	3698131	3699150	1020	dppB	dipeptide/heme transporter	-
CDS	3699458	3701065	1608	dppA	dipeptide transporter	-
CDS	3702144	3703835	1692	eptB	KDO phosphoethanolamine transferase, Ca(2+)-inducible	-
CDS	3704159	3705367	1209	yhjX	pyruvate-inducible inner membrane protein, putative transporter	-
CDS	3705596	3706294	699	yhjY	autotransporter beta-domain protein	-
CDS	3706452	3707015	564	tag	3-methyl-adenine DNA glycosylase I, constitutive	+
CDS	3707012	3707452	441	yiaC	putative acyl-CoA transferase	+
CDS	3707421	3709754	2334	bisC	biotin sulfoxide reductase	-
CDS	3709907	3710566	660	yiaD	multicopy suppressor of bamB; outer membrane lipoprotein	+
CDS	3710670	3711644	975	ghrB	glyoxylate/hydroxypyruvate reductase B	+
CDS	3711694	3712404	711	yiaF	barrier effect co-colonization resistance factor; DUF3053 family lipoprotein	-
CDS	3712838	3713128	291	yiaG	HTH_CROC1 family putative transcriptional regulator	+
CDS	3713409	3713621	213	cspA	RNA chaperone and antiterminator, cold-inducible	+
CDS	3713808	3713992	185	mokA	pseudogene, overlapping regulatory peptide, enables hokB; completely contained in another CDS	-
CDS	3713808	3713960	153	hokA	toxic polypeptide, small	-
CDS	3714040	3714561	522	insJ	IS150 transposase A	+
CDS	3714558	3715409	852	insK	IS150 transposase B	+
CDS	3715688	3717757	2070	glyS	glycine tRNA synthetase, beta subunit	-
CDS	3717767	3718678	912	glyQ	glycine tRNA synthetase, alpha subunit	-
CDS	3718773	3719072	300	ysaB	uncharacterized protein	-
CDS	3719247	3720242	996	wecH	O-acetyltransferase for enterobacterial common antigen (ECA)	+
CDS	3720284	3720721	438	yiaA	YiaAB family inner membrane protein, tandem domains	-
mobile_element	3720633	3722075	1443		insertion sequence:IS150	+
CDS	3720767	3721108	342	yiaB	YiaAB family inner membrane protein	-
CDS	3721277	3722731	1455	xylB	xylulokinase	-
CDS	3722803	3724125	1323	xylA	D-xylose isomerase	-
CDS	3724491	3725483	993	xylF	D-xylose transporter subunit	+
CDS	3725561	3727102	1542	xylG	fused D-xylose transporter subunits of ABC superfamily: ATP-binding components	+
CDS	3727080	3728261	1182	xylH	D-xylose ABC transporter permease subunit	+
CDS	3728339	3729517	1179	xylR	xylose divergent operon transcriptional activator	+
CDS	3729713	3730537	825	bax	putative glucosaminidase	-
CDS	3730857	3732887	2031	malS	alpha-amylase	+
CDS	3733065	3734318	1254	avtA	valine-pyruvate aminotransferase 1	+
CDS	3734469	3734942	474	ysaA	putative hydrogenase, 4Fe-4S ferredoxin-type component	-
CDS	3735044	3735892	849	yiaJ	transcriptional repressor of yiaK-S operon	-
CDS	3736093	3737091	999	yiaK	2,3-diketo-L-gulonate reductase, NADH-dependent	+
CDS	3737103	3737570	468	yiaL	DUF386 family protein	+
CDS	3737688	3738161	474	yiaM	2,3-diketo-L-gulonate TRAP transporter small permease protein	+
CDS	3738164	3739441	1278	yiaN	2,3-diketo-L-gulonate TRAP transporter large permease protein	+
CDS	3739454	3740440	987	yiaO	2,3-diketo-L-gulonate-binding periplasmic protein	+
CDS	3740444	3741940	1497	lyxK	L-xylulose kinase	+
CDS	3741937	3742599	663	sgbH	3-keto-L-gulonate 6-phosphate decarboxylase	+
CDS	3742592	3743452	861	sgbU	putative L-xylulose 5-phosphate 3-epimerase	+
CDS	3743446	3744141	696	sgbE	L-ribulose-5-phosphate 4-epimerase	+
CDS	3744173	3744274	102	ysaC	pseudogene	-
CDS	3744278	3744469	192	ysaD	pseudogene, internal sequence remnant	+
CDS	3744488	3745228	741	yiaT	putative outer membrane protein	-
CDS	3745352	3746326	975	yiaU	putative DNA-binding transcriptional regulator	+
CDS	3746323	3747459	1137	yiaV	membrane fusion protein (MFP) component of efflux pump, signal anchor	-
CDS	3747465	3747788	324	yiaW	DUF3302 family inner membrane protein	-
CDS	3748333	3749871	1539	aldB	aldehyde dehydrogenase B	-
CDS	3750036	3751187	1152	yiaY	putative Fe-containing alcohol dehydrogenase, Pfam00465 family	-
CDS	3751377	3753221	1845	selB	selenocysteinyl-tRNA-specific translation factor	-
CDS	3753218	3754609	1392	selA	selenocysteine synthase	-
CDS	3754707	3755315	609	yibF	glutathione S-transferase homolog	-
CDS	3755543	3759676	4134	rhsA	Rhs family protein, putative polymorphic toxin; putative polysaccharide synthesis/export protein; putative neighboring cell growth inhibitor	+
CDS	3759697	3760539	843	yibA	HEAT-domain lethality reduction protein; putative immunity protein for putative polymorphic toxin RhsA	+
CDS	3760581	3761525	945	rhsJ	Rhs-family protein	+
CDS	3761537	3761998	462	yibG	TPR-like repeat protein	+
CDS	3761999	3762250	252	yibS	pseudogene, Rhs family protein	+
CDS	3762252	3762335	84		pseudogene, rhsA-linked	+
CDS	3762705	3763031	327		pseudogene	+
CDS	3763308	3763394	87		pseudogene, H repeat-associated protein	+
CDS	3763603	3764739	1137	yibH	putative membrane fusion protein (MFP) component of efflux pump	-
CDS	3764742	3765104	363	yibI	DUF3302 family inner membrane protein	-
CDS	3765641	3767554	1914	mtlA	fused mannitol-specific PTS enzymes: IIA components/IIB components/IIC components	+
CDS	3767784	3768932	1149	mtlD	mannitol-1-phosphate dehydrogenase, NAD-dependent	+
CDS	3768932	3769519	588	mtlR	mannitol operon repressor	+
CDS	3769531	3769740	210	yibT	uncharacterized protein	-
CDS	3770025	3770387	363	yibL	ribosome-associated DUF2810 family protein	+
CDS	3770759	3772414	1656	lldP	L-lactate permease	+
CDS	3772414	3773190	777	lldR	dual role activator/repressor for lldPRD operon	+
CDS	3773187	3774377	1191	lldD	L-lactate dehydrogenase, FMN-linked	+
CDS	3774575	3775048	474	trmL	tRNA Leu mC34,mU34 2'-O-methyltransferase, SAM-dependent	+
CDS	3775101	3775922	822	cysE	serine acetyltransferase	-
CDS	3776002	3777021	1020	gpsA	glycerol-3-phosphate dehydrogenase (NAD+)	-
CDS	3777021	3777488	468	secB	protein export chaperone	-
CDS	3777551	3777802	252	grxC	glutaredoxin 3	-
CDS	3777944	3778375	432	yibN	putative rhodanese-related sulfurtransferase	-
CDS	3778620	3780164	1545	gpmM	phosphoglycero mutase III, cofactor-independent	+
CDS	3780198	3781457	1260	envC	activator of AmiB,C murein hydrolases, septal ring factor	+
CDS	3781461	3782420	960	yibQ	putative polysaccharide deacetylase	+
CDS	3782407	3783441	1035	waaH	LPS(HepIII)-glucuronic acid glycosyltransferase	-
CDS	3783680	3784705	1026	tdh	L-threonine 3-dehydrogenase, NAD(P)-binding	-
CDS	3784715	3785911	1197	kbl	glycine C-acetyltransferase	-
CDS	3786186	3787043	858	yibB	YibB family protein, function unknown	-
CDS	3787347	3788279	933	hldD	ADP-L-glycero-D-mannoheptose-6-epimerase, NAD(P)-binding	+
CDS	3788289	3789335	1047	waaF	ADP-heptose:LPS heptosyltransferase II	+
CDS	3789339	3790298	960	waaC	ADP-heptose:LPS heptosyl transferase I	+
CDS	3790308	3791567	1260	waaL	O-antigen ligase	+
CDS	3791599	3792672	1074	waaU	lipopolysaccharide core biosynthesis	-
CDS	3792705	3793556	852	waaZ	lipopolysaccharide core biosynthesis protein	-
CDS	3793627	3794325	699	waaY	lipopolysaccharide core biosynthesis protein	-
CDS	3794343	3795359	1017	waaJ	UDP-D-glucose:(galactosyl)lipopolysaccharide glucosyltransferase	-
CDS	3795399	3796418	1020	waaR	UDP-D-galactose:(glucosyl)lipopolysaccharide- alpha-1,3-D-galactosyltransferase	-
CDS	3796418	3797497	1080	waaB	UDP-D-galactose:(glucosyl)lipopolysaccharide-1, 6-D-galactosyltransferase	-
CDS	3797541	3798476	936	waaS	lipopolysaccharide core biosynthesis protein	-
CDS	3798513	3799310	798	waaP	kinase that phosphorylates core heptose of lipopolysaccharide	-
CDS	3799303	3800427	1125	waaG	glucosyltransferase I	-
CDS	3800424	3801458	1035	waaQ	lipopolysaccharide core biosynthesis protein	-
CDS	3801900	3803177	1278	waaA	3-deoxy-D-manno-octulosonic-acid transferase (KDO transferase)	+
CDS	3803185	3803664	480	coaD	pantetheine-phosphate adenylyltransferase	+
CDS	3803703	3804512	810	mutM	formamidopyrimidine/5-formyluracil/ 5-hydroxymethyluracil DNA glycosylase	-
CDS	3804610	3804777	168	rpmG	50S ribosomal subunit protein L33	-
CDS	3804798	3805034	237	rpmB	50S ribosomal subunit protein L28	-
CDS	3805251	3805919	669	yicR	UPF0758 family protein	-
CDS	3806091	3807311	1221	dfp	fused 4'-phosphopantothenoylcysteine decarboxylase/phosphopantothenoylcysteine synthetase, FMN-binding	+
CDS	3807292	3807747	456	dut	deoxyuridinetriphosphatase	+
CDS	3807854	3808450	597	slmA	nucleoid occlusion factor, anti-FtsZ division inhibitor	+
CDS	3808487	3809128	642	pyrE	orotate phosphoribosyltransferase	-
CDS	3809241	3809909	669		ribonuclease PH (defective);enzyme; Degradation of RNA; RNase PH	-
CDS	3810036	3810899	864	yicC	UPF0701 family protein	+
CDS	3811120	3811944	825	dinD	DNA damage-inducible protein	+
CDS	3812234	3812851	618	yicG	UPF0126 family inner membrane protein	+
CDS	3812848	3814530	1683	ligB	DNA ligase, NAD(+)-dependent	-
CDS	3814788	3815411	624	gmk	guanylate kinase	+
CDS	3815466	3815741	276	rpoZ	RNA polymerase, omega subunit	+
CDS	3815760	3817868	2109	spoT	bifunctional (p)ppGpp synthetase II/ guanosine-3',5'-bis pyrophosphate 3'-pyrophosphohydrolase	+
CDS	3817875	3818564	690	trmH	tRNA mG18-2'-O-methyltransferase, SAM-dependent	+
CDS	3818570	3820651	2082	recG	ATP-dependent DNA helicase	+
CDS	3820820	3822025	1206	gltS	glutamate transporter	-
CDS	3822305	3823696	1392	xanP	xanthine permease	+
CDS	3823817	3825526	1710	yicH	putative inner membrane-anchored periplasmic AsmA family protein	+
CDS	3825579	3827897	2319	yicI	putative alpha-glucosidase	-
CDS	3827907	3829289	1383	yicJ	putative transporter	-
CDS	3829785	3829916	132	yicT	pseudogene	+
CDS	3830313	3831497	1185	setC	putative arabinose efflux transporter	+
CDS	3831608	3832531	924	yicL	EamA family inner membrane putative transporter	+
CDS	3832535	3833353	819	nlpA	cytoplasmic membrane lipoprotein-28	-
CDS	3833575	3833868	294	yicS	putative periplasmic protein	+
CDS	3833909	3835099	1191	nepI	putative transporter	-
CDS	3835310	3835762	453	yicN	DUF1198 family protein	-
CDS	3835815	3837149	1335	yicO	putative adenine permease	-
CDS	3837324	3839090	1767	ade	cryptic adenine deaminase	+
CDS	3839136	3840527	1392	uhpT	hexose phosphate transporter	-
CDS	3840665	3841984	1320	uhpC	membrane protein regulates uhpT expression	-
CDS	3841994	3843496	1503	uhpB	sensory histidine kinase in two-component regulatory sytem with UhpA	-
CDS	3843496	3844086	591	uhpA	response regulator in two-component regulatory system wtih UhpB	-
CDS	3844162	3844452	291	ilvN	acetolactate synthase 1 small subunit	-
CDS	3844456	3846144	1689	ilvB	acetolactate synthase 2 large subunit	-
CDS	3846250	3846348	99	ivbL	ilvB operon leader peptide	-
CDS	3846913	3847002	90	tisB	toxic membrane persister formation peptide, LexA-regulated	+
CDS	3847282	3848466	1185	emrD	multidrug efflux system protein	+
CDS	3848474	3848971	498	yidF	putative Cys-type oxidative YidJ-maturating enzyme	-
CDS	3848968	3849330	363	yidG	inner membrane protein	-
CDS	3849320	3849667	348	yidH	DUF202 family inner membrane protein	-
CDS	3849775	3850224	450	yidI	inner membrane protein	+
CDS	3850271	3851764	1494	yidJ	sulfatase/phosphatase superfamily protein	-
CDS	3851761	3853476	1716	yidK	putative transporter	-
CDS	3853643	3854536	894	yidL	AraC family putative transcriptional regulator	+
CDS	3854533	3855347	815	glvG	pseudogene; probable 6-phospho-beta-glucosidase	-
CDS	3855347	3856963	1617	glvC	pseudogene, arbutin specific enzyme IIC component of PTS;enzyme; Transport of small molecules: Carbohydrates, organic acids, alcohols; PTS system, arbutin-like IIB component; PTS system, arbutin-like IIC component	-
CDS	3857259	3857975	717	yidP	UTRA domain-containing GntR family putative transcriptional regulator	+
CDS	3857972	3859633	1662	yidE	putative transporter	-
CDS	3859829	3860257	429	ibpB	heat shock chaperone	-
CDS	3860369	3860782	414	ibpA	heat shock chaperone	-
CDS	3861088	3861420	333	yidQ	DUF1375 family outer membrane protein	+
CDS	3861422	3862669	1248	yidR	DUF3748 family protein	-
CDS	3862737	3863801	1065	cbrA	colicin M resistance protein; FAD-binding protein, putative oxidoreductase	+
CDS	3863798	3865090	1293	dgoT	D-galactonate transporter	-
CDS	3865210	3866358	1149	dgoD	galactonate dehydratase	-
CDS	3866355	3866972	618	dgoA	2-oxo-3-deoxygalactonate 6-phosphate aldolase	-
CDS	3866956	3867834	879	dgoK	2-oxo-3-deoxygalactonate kinase	-
CDS	3867831	3868520	690	dgoR	putative DNA-binding transcriptional regulator	-
CDS	3868798	3869454	657	yidX	putative lipoprotein	+
CDS	3869500	3870312	813	yidA	sugar phosphate phosphatase; substrates include erythrose 4-P and mannose 1-P phosphatase	-
CDS	3870427	3870825	399	yidB	DUF937 family protein	-
CDS	3871065	3873479	2415	gyrB	DNA gyrase, subunit B	-
CDS	3873508	3874581	1074	recF	gap repair protein	-
CDS	3874581	3875681	1101	dnaN	DNA polymerase III, beta subunit	-
CDS	3875686	3877089	1404	dnaA	chromosomal replication initiator protein DnaA, DNA-binding transcriptional dual regulator	-
CDS	3877696	3877836	141	rpmH	50S ribosomal subunit protein L34	+
CDS	3877853	3878212	360	rnpA	protein C5 component of RNase P	+
CDS	3878176	3878433	258	yidD	membrane protein insertion efficiency factor, inner membrane protein, UPF0161 family	+
CDS	3878436	3880082	1647	yidC	membrane protein insertase	+
CDS	3880188	3881552	1365	mnmE	tRNA U34 5-methylaminomethyl-2-thiouridine modification GTPase	+
CDS	3881795	3881869	75	tnaC	tryptophanase leader peptide	+
CDS	3882090	3883505	1416	tnaA	tryptophanase/L-cysteine desulfhydrase, PLP-dependent	+
CDS	3883596	3884843	1248	tnaB	tryptophan transporter of low affinity	+
CDS	3884975	3886150	1176	mdtL	multidrug efflux system protein	+
CDS	3886125	3887084	960	yidZ	putative DNA-binding transcriptional regulator	+
CDS	3887241	3887990	750	yieE	phosphopantetheinyl transferase superfamily protein	+
CDS	3888012	3888578	567	chrR	chromate reductase, Class I, flavoprotein	+
CDS	3888632	3889969	1338	purP	adenine permease, high affinity; adenine:H+ symporter	-
CDS	3890134	3890799	666	yieH	phosphoenolpyruvate and 6-phosphogluconate phosphatase	+
CDS	3890866	3891333	468	cbrB	PRK09823 family inner membrane protein, creBC regulon	+
CDS	3891382	3891969	588	cbrC	UPF0167 family protein	+
CDS	3892031	3892753	723	yieK	putative 6-phosphogluconolactonase	-
CDS	3892768	3893937	1170	yieL	putative xylanase	-
CDS	3893964	3895580	1617	bglH	carbohydrate-specific outer membrane porin, cryptic	-
CDS	3895649	3897061	1413	bglB	cryptic phospho-beta-glucosidase B	-
CDS	3897080	3898957	1878	bglF	fused beta-glucoside-specific PTS enzymes: IIA component/IIB component/IIC component	-
CDS	3899091	3899927	837	bglG	transcriptional antiterminator of the bgl operon	-
CDS	3900213	3900938	726	phoU	negative regulator of PhoR/PhoB two-component regulator	-
CDS	3900953	3901726	774	pstB	phosphate transporter subunit	-
CDS	3901909	3902799	891	pstA	phosphate transporter subunit	-
CDS	3902799	3903758	960	pstC	phosphate transporter subunit	-
CDS	3903845	3904885	1041	pstS	periplasmic phosphate binding protein, high-affinity	-
CDS	3905199	3907028	1830	glmS	L-glutamine:D-fructose-6-phosphate aminotransferase	-
CDS	3907190	3908560	1371	glmU	fused N-acetyl glucosamine-1-phosphate uridyltransferase/glucosamine-1-phosphate acetyl transferase	-
CDS	3908913	3909332	420	atpC	F1 sector of membrane-bound ATP synthase, epsilon subunit	-
CDS	3909353	3910735	1383	atpD	F1 sector of membrane-bound ATP synthase, beta subunit	-
CDS	3910762	3911625	864	atpG	F1 sector of membrane-bound ATP synthase, gamma subunit	-
CDS	3911676	3913217	1542	atpA	F1 sector of membrane-bound ATP synthase, alpha subunit	-
CDS	3913230	3913763	534	atpH	F1 sector of membrane-bound ATP synthase, delta subunit	-
CDS	3913778	3914248	471	atpF	F0 sector of membrane-bound ATP synthase, subunit b	-
CDS	3914310	3914549	240	atpE	F0 sector of membrane-bound ATP synthase, subunit c	-
CDS	3914596	3915411	816	atpB	F0 sector of membrane-bound ATP synthase, subunit a	-
CDS	3915420	3915800	381	atpI	ATP synthase, membrane-bound accessory factor	-
CDS	3916417	3917040	624	rsmG	16S rRNA m(7)G527 methyltransferase, SAM-dependent; glucose-inhibited cell-division protein	-
CDS	3917104	3918993	1890	mnmG	5-methylaminomethyl-2-thiouridine modification at tRNA U34	-
CDS	3919372	3919815	444	mioC	FMN-binding protein MioC	-
CDS	3919905	3920363	459	asnC	transcriptional activator of asnA; autorepressor	-
CDS	3920515	3921507	993	asnA	asparagine synthetase A	+
CDS	3921512	3922963	1452	viaA	stimulator of RavA ATPase activity; von Willebrand factor domain protein	-
CDS	3922957	3924453	1497	ravA	hexameric AAA+ MoxR family ATPase, putative molecular chaperone	-
CDS	3924676	3926544	1869	kup	potassium transporter	+
CDS	3926711	3927130	420	rbsD	putative cytoplasmic sugar-binding protein	+
CDS	3927138	3928643	1506	rbsA	fused D-ribose transporter subunits of ABC superfamily: ATP-binding components	+
CDS	3928648	3929613	966	rbsC	D-ribose transporter subunit	+
CDS	3929638	3930528	891	rbsB	D-ribose transporter subunit	+
CDS	3930654	3931583	930	rbsK	ribokinase	+
CDS	3931587	3932579	993	rbsR	transcriptional repressor of ribose metabolism	+
CDS	3932545	3933972	1428	hsrA	putative multidrug or homocysteine efflux system	-
CDS	3933995	3934687	693	yieP	putative transcriptional regulator	-
CDS	3940488	3941327	840	hdfR	flhDC operon transcriptional repressor	-
CDS	3941446	3941784	339	yifE	UPF0438 family protein	+
CDS	3941809	3943329	1521	yifB	bifunctional magnesium chelatase family protein and putative transcriptional regulator	-
CDS	3943682	3943780	99	ilvL	ilvG operon leader peptide	+
CDS	3943867	3943917	51	ilvX	uncharacterized protein	+
CDS	3943920	3944903	984		pseudogene, acetolactate synthase 2 large subunit, valine-insensitive; acetolactate synthase II, large subunit, cryptic, interrupted	+
CDS	3945561	3945824	264	ilvM	acetolactate synthase 2 small subunit	+
CDS	3945844	3946773	930	ilvE	branched-chain amino-acid aminotransferase	+
CDS	3946838	3948688	1851	ilvD	dihydroxyacid dehydratase	+
CDS	3948691	3950235	1545	ilvA	L-threonine dehydratase, biosynthetic; also known as threonine deaminase	+
CDS	3950287	3951180	894	ilvY	transcriptional activator of ilvC; autorepressor	-
CDS	3951330	3952805	1476	ilvC	ketol-acid reductoisomerase, NAD(P)-binding	+
CDS	3952892	3953173	282	ppiC	peptidyl-prolyl cis-trans isomerase C (rotamase C)	-
CDS	3953614	3953820	207		PemK toxin family pseudogene	-
CDS	3954037	3956058	2022	rep	DNA helicase and single-stranded DNA-dependent ATPase	+
CDS	3956105	3957589	1485	gpp	guanosine pentaphosphatase/exopolyphosphatase	-
CDS	3957725	3958990	1266	rhlB	ATP-dependent RNA helicase	-
CDS	3959121	3959450	330	trxA	thioredoxin 1	+
CDS	3959777	3961036	1260	rho	transcription termination factor	+
CDS	3961276	3962379	1104	wecA	UDP-GlcNAc:undecaprenylphosphate GlcNAc-1-phosphate transferase	+
CDS	3962391	3963437	1047	wzzE	Entobacterial Common Antigen (ECA) polysaccharide chain length modulation protein	+
CDS	3963493	3964623	1131	wecB	UDP-N-acetyl glucosamine-2-epimerase	+
CDS	3964620	3965882	1263	wecC	UDP-N-acetyl-D-mannosaminuronic acid dehydrogenase	+
CDS	3965882	3966949	1068	rffG	dTDP-glucose 4,6-dehydratase	+
CDS	3966968	3967849	882	rffH	glucose-1-phosphate thymidylyltransferase	+
CDS	3967827	3968501	675	wecD	TDP-fucosamine acetyltransferase	+
CDS	3968506	3969636	1131	wecE	TDP-4-oxo-6-deoxy-D-glucose transaminase	+
CDS	3969638	3970888	1251	wzxE	O-antigen translocase	+
CDS	3970885	3971964	1080	wecF	TDP-Fuc4NAc:lipidIIFuc4NAc transferase	+
CDS	3971961	3973313	1353	wzyE	putative ECA polysaccharide chain elongation protein	+
CDS	3973316	3974056	741	wecG	UDP-N-acetyl-D-mannosaminuronic acid transferase	+
CDS	3974247	3975632	1386	yifK	putative APC family amino acid transporter	+
CDS	3976318	3977553	1236	aslB	putative AslA-specific sulfatase-maturating enzyme	+
CDS	3977712	3979367	1656	aslA	putative Ser-type periplasmic non-aryl sulfatase	-
CDS	3980046	3981242	1197	hemY	putative protoheme IX synthesis protein	-
CDS	3981245	3982426	1182	hemX	putative uroporphyrinogen III methyltransferase	-
CDS	3982448	3983188	741	hemD	uroporphyrinogen III synthase	-
CDS	3983185	3984126	942	hemC	hydroxymethylbilane synthase	-
CDS	3984513	3987059	2547	cyaA	adenylate cyclase	+
CDS	3987099	3987419	321	cyaY	iron-dependent inhibitor of iron-sulfur cluster formation; frataxin; iron-binding and oxidizing protein	-
CDS	3987882	3988085	204	yifL	putative lipoprotein	+
CDS	3988122	3988946	825	dapF	diaminopimelate epimerase	+
CDS	3988943	3989650	708	yigA	DUF484 family protein	+
CDS	3989647	3990543	897	xerC	site-specific tyrosine recombinase	+
CDS	3990543	3991259	717	yigB	5-amino-6-(5-phospho-D-ribitylamino)uracil phosphatase; pyrimidine phosphatase; riboflavin synthesis	+
CDS	3991343	3993505	2163	uvrD	DNA-dependent ATPase I and helicase II	+
CDS	3993652	3994416	765	yigE	DUF2233 family protein	-
CDS	3994786	3995736	951	corA	magnesium/nickel/cobalt transporter	+
CDS	3995779	3996159	381	yigF	putative inner membrane protein	-
CDS	3996173	3996553	381	yigG	PRK11371 family inner membrane protein	-
CDS	3996648	3997538	891	rarD	putative chloramphenical resistance permease	-
CDS	3997590	3998057	468	yigI	4HBT thioesterase family protein	-
CDS	3998222	3999091	870	pldA	outer membrane phospholipase A	+
CDS	3999224	4001053	1830	recQ	ATP-dependent DNA helicase	+
CDS	4001117	4001737	621	rhtC	threonine efflux pump	+
CDS	4001799	4002419	621	rhtB	homoserine, homoserine lactone and S-methyl-methionine efflux pump	-
CDS	4002530	4003552	1023	pldB	lysophospholipase L2	+
CDS	4003560	4004360	801	yigL	pyridoxal phosphate phosphatase	+
CDS	4004436	4005335	900	yigM	putative inner membrane EamA-like transporter	+
CDS	4005223	4006176	954	metR	methionine biosynthesis regulon transcriptional regulator	-
CDS	4006413	4008674	2262	metE	5-methyltetrahydropteroyltriglutamate- homocysteine S-methyltransferase	+
CDS	4008714	4009529	816	ysgA	putative carboxymethylenebutenolidase	-
CDS	4009791	4010552	762	udp	uridine phosphorylase	+
CDS	4010693	4012120	1428	rmuC	DNA recombination protein	+
CDS	4012215	4012970	756	ubiE	bifunctional 2-octaprenyl-6-methoxy-1,4-benzoquinone methylase/ S-adenosylmethionine:2-DMK methyltransferase	+
CDS	4012984	4013589	606	ubiJ	aerobic ubiquinone synthesis protein, SCP2 family protein	+
CDS	4013586	4015226	1641	ubiB	regulator of octaprenylphenol hydroxylation, ubiquinone synthesis; regulator of 2'-N-acetyltransferase; putative ABC1 family protein kinase	+
CDS	4015305	4015574	270	tatA	TatABCE protein translocation system subunit	+
CDS	4015578	4016093	516	tatB	TatABCE protein translocation system subunit	+
CDS	4016096	4016872	777	tatC	TatABCE protein translocation system subunit	+
CDS	4016914	4017696	783	tatD	quality control of Tat-exported FeS proteins; Mg-dependent cytoplasmic DNase	+
CDS	4017693	4018181	489	rfaH	transcription antitermination protein	-
CDS	4018348	4019841	1494	ubiD	3-octaprenyl-4-hydroxybenzoate decarboxylase	+
CDS	4019887	4020588	702	fre	NAD(P)H-flavin reductase	+
CDS	4020969	4022132	1164	fadA	3-ketoacyl-CoA thiolase (thiolase I)	-
CDS	4022142	4024331	2190	fadB	fused 3-hydroxybutyryl-CoA epimerase/delta(3)-cis-delta(2)-trans-enoyl-CoA isomerase/enoyl-CoA hydratase/3-hydroxyacyl-CoA dehydrogenase	-
CDS	4024521	4025852	1332	pepQ	proline dipeptidase	+
CDS	4025852	4026466	615	yigZ	UPF0029 family protein	+
CDS	4026505	4027956	1452	trkH	potassium transporter	+
CDS	4027968	4028513	546	hemG	protoporphyrin oxidase, flavoprotein	+
CDS	4034266	4034793	528	mobB	molybdopterin-guanine dinucleotide biosynthesis protein B	-
CDS	4034775	4035359	585	mobA	molybdopterin-guanine dinucleotide synthase	-
CDS	4035429	4035698	270	yihD	DUF1040 protein YihD	+
CDS	4035775	4036761	987	srkA	stress response kinase A; MazF antagonist; Thr/Ser kinase involved in Cpx stress response	+
CDS	4036778	4037404	627	dsbA	periplasmic protein disulfide isomerase I	+
CDS	4037559	4038989	1431	yihF	DUF945 family protein	+
CDS	4039030	4039962	933	yihG	inner membrane protein, inner membrane acyltransferase	-
CDS	4040326	4043112	2787	polA	fused DNA polymerase I 5'->3' polymerase/3'->5' exonuclease/5'->3' exonuclease	+
CDS	4043493	4044125	633	yihA	cell division GTP-binding protein	-
CDS	4044707	4045216	510	yihI	activator of Der GTPase	+
CDS	4045405	4046778	1374	hemN	coproporphyrinogen III oxidase, SAM and NAD(P)H dependent, oxygen-independent	+
CDS	4047007	4047117	111	yshB	uncharacterized protein	-
CDS	4047229	4048638	1410	glnG	fused DNA-binding response regulator in two-component regulatory system with GlnL: response regulator/sigma54 interaction protein	-
CDS	4048650	4049699	1050	glnL	sensory histidine kinase in two-component regulatory system with GlnG	-
CDS	4049985	4051394	1410	glnA	glutamine synthetase	-
CDS	4051767	4053590	1824	typA	GTP-binding protein	+
CDS	4053807	4054517	711	yihL	putative DNA-binding transcriptional regulator	+
CDS	4054525	4055505	981	yihM	putative sugar phosphate isomerase	+
CDS	4055607	4056872	1266	yihN	MFS transporter family protein	+
CDS	4056963	4057655	693	ompL	outer membrane porin L	-
CDS	4057723	4059126	1404	yihO	putative transporter	-
CDS	4059169	4060554	1386	yihP	putative transporter	-
CDS	4060600	4062636	2037	yihQ	alpha-glucosidase	-
CDS	4062835	4063761	927	yihR	mutarotase superfamily protein, YihR family	-
CDS	4063875	4065116	1242	yihS	aldose-ketose isomerase; D-mannose isomerase	-
CDS	4065133	4066011	879	yihT	putative aldolase	-
CDS	4066035	4066931	897	yihU	gamma-hydroxybutyrate dehydrogenase, NADH-dependent	-
CDS	4067099	4067995	897	yihV	putative sugar kinase	+
CDS	4068029	4068814	786	yihW	DeoR family putative transcriptional regulator	+
CDS	4068913	4069512	600	yihX	alpha-D-Glucose-1-P phosphatase, anomer-specific	+
CDS	4069506	4070378	873	yihY	BrkB family putative transporter, inner membrane protein	+
CDS	4070375	4070812	438	dtd	D-tyr-tRNA(Tyr) deacylase	+
CDS	4070809	4071798	990	yiiD	putative acetyltransferase	+
CDS	4072657	4072869	213	yiiE	CopG family putative transcriptional regulator	+
CDS	4073111	4073329	219	yiiF	putative thymol sensitivity protein, CopG family putative transcriptional regulator	+
CDS	4073659	4074588	930	fdhE	formate dehydrogenase formation protein	-
CDS	4074585	4075220	636	fdoI	formate dehydrogenase-O, cytochrome b556 subunit	-
CDS	4075217	4076119	903	fdoH	formate dehydrogenase-O, Fe-S subunit	-
CDS	4076132	4079182	3051	fdoG	formate dehydrogenase-O, large subunit	-
CDS	4079376	4080209	834	fdhD	formate dehydrogenase formation protein	+
CDS	4080362	4081417	1056	yiiG	DUF3829 family lipoprotein	+
CDS	4081467	4083215	1749	frvR	putative frv operon regulator; contains a PTS EIIA domain	-
CDS	4083215	4084285	1071	frvX	putative peptidase	-
CDS	4084275	4085726	1452	frvB	putative PTS enzyme, IIB component/IIC component	-
CDS	4085737	4086183	447	frvA	putative enzyme IIA component of PTS	-
CDS	4086484	4086798	315	rhaM	L-rhamnose mutarotase	-
CDS	4086808	4087350	543	rhaD	pseudogene, truncated, rhamnulose-phosphate aldolase	-
CDS	4087664	4088500	837	rhaS	transcriptional activator of rhaBAD and rhaT	+
CDS	4088574	4089422	849	rhaR	transcriptional activator of rhaSR	+
CDS	4089419	4090453	1035	rhaT	L-rhamnose:proton symporter	-
CDS	4090738	4091358	621	sodA	superoxide dismutase, Mn	+
CDS	4091618	4092601	984	kdgT	2-keto-3-deoxy-D-gluconate transporter	+
CDS	4092750	4093424	675	yiiM	6-N-hydroxylaminopurine resistance protein	+
CDS	4093530	4094903	1374	cpxA	sensory histidine kinase in two-component regulatory system with CpxR	-
CDS	4094900	4095598	699	cpxR	response regulator in two-component regulatory system with CpxA	-
CDS	4095748	4096248	501	cpxP	inhibitor of the cpx response; periplasmic adaptor protein	+
CDS	4096397	4097299	903	fieF	ferrous iron and zinc transporter	+
CDS	4097480	4098442	963	pfkA	6-phosphofructokinase I	+
CDS	4098762	4099751	990	sbp	sulfate transporter subunit	+
CDS	4099858	4100613	756	cdh	CDP-diacylglycerol phosphotidylhydrolase	+
CDS	4100668	4101435	768	tpiA	triosephosphate isomerase	-
CDS	4101543	4102142	600	yiiQ	DUF1454 family putative periplasmic protein	-
CDS	4102243	4102683	441	yiiR	DUF805 family putative inner membrane protein	+
CDS	4102895	4103194	300	yiiS	UPF0381 family protein	+
CDS	4103221	4103649	429	uspD	stress-induced protein	+
CDS	4103654	4104400	747	fpr	ferredoxin-NADP reductase	-
CDS	4104497	4105507	1011	glpX	fructose 1,6-bisphosphatase II	-
CDS	4105642	4107150	1509	glpK	glycerol kinase	-
CDS	4107173	4108018	846	glpF	glycerol facilitator	-
CDS	4108443	4108688	246	zapB	FtsZ stabilizer; septal ring assembly factor, stimulates cell division	+
CDS	4108773	4109258	486	rraA	ribonuclease E (RNase E) inhibitor protein	-
CDS	4109351	4110277	927	menA	1,4-dihydroxy-2-naphthoate octaprenyltransferase	-
CDS	4110344	4111675	1332	hslU	molecular chaperone and ATPase component of HslUV protease	-
CDS	4111685	4112215	531	hslV	peptidase component of the HslUV protease	-
CDS	4112308	4113267	960	ftsN	essential cell division protein	-
CDS	4113359	4114384	1026	cytR	Anti-activator for CytR-CRP nucleoside utilization regulon	-
CDS	4114540	4116738	2199	priA	Primosome factor n' (replication factor Y)	-
CDS	4116941	4117153	213	rpmE	50S ribosomal subunit protein L31	+
CDS	4117214	4117822	609	yiiX	putative lipid binding hydrolase, DUF830 family protein	-
CDS	4118006	4118323	318	metJ	transcriptional repressor, S-adenosylmethionine-binding	-
CDS	4118600	4119760	1161	metB	cystathionine gamma-synthase, PLP-dependent	+
CDS	4119763	4122195	2433	metL	Bifunctional aspartokinase/homoserine dehydrogenase 2	+
CDS	4122544	4123434	891	metF	5,10-methylenetetrahydrofolate reductase	+
CDS	4123763	4125943	2181	katG	catalase-peroxidase HPI, heme b-containing	+
CDS	4126036	4126941	906	yijE	EamA-like transporter family protein	+
CDS	4126968	4127585	618	yijF	DUF1287 family protein	-
CDS	4127860	4128963	1104	gldA	glycerol dehydrogenase, NAD+ dependent; 1,2-propanediol:NAD+ oxidoreductase	-
CDS	4128974	4129636	663	fsaB	fructose-6-phosphate aldolase 2	-
CDS	4129648	4132149	2502	frwA	putative PTS enzyme, Hpr component/enzyme I component/enzyme IIA component	-
CDS	4132458	4133537	1080	frwC	putative enzyme IIC component of PTS	+
CDS	4133552	4133872	321	frwB	putative enzyme IIB component of PTS	+
CDS	4133923	4136220	2298	pflD	putative glycine radical domain-containing pyruvate formate-lyase	+
CDS	4136186	4137064	879	pflC	putative [formate-C-acetyltransferase 2]-activating enzyme; pyruvate formate-lyase 1-activating enzyme	+
CDS	4137066	4137407	342	frwD	putative enzyme IIB component of PTS	+
CDS	4137394	4138245	852	yijO	AraC family putative transcriptional activator	-
CDS	4138460	4140193	1734	eptC	LPS heptose I phosphoethanolamine transferase	-
CDS	4140375	4143026	2652	ppc	phosphoenolpyruvate carboxylase	-
CDS	4143624	4144775	1152	argE	acetylornithine deacetylase	-
CDS	4144929	4145933	1005	argC	N-acetyl-gamma-glutamylphosphate reductase, NAD(P)-binding	+
CDS	4145941	4146717	777	argB	acetylglutamate kinase	+
CDS	4146778	4148151	1374	argH	argininosuccinate lyase	+
CDS	4148418	4149335	918	oxyR	oxidative and nitrosative stress transcriptional regulator	+
CDS	4149318	4150718	1401	sthA	pyridine nucleotide transhydrogenase, soluble	-
CDS	4151052	4151699	648	fabR	transcriptional repressor of fabA and fabB	+
CDS	4151699	4152058	360	yijD	DUF1422 family inner membrane protein	+
CDS	4152098	4153198	1101	trmA	tRNA m(5)U54 methyltransferase, SAM-dependent; tmRNA m(5)U341 methyltransferase	-
CDS	4153567	4155411	1845	btuB	vitamin B12/cobalamin outer membrane transporter	+
CDS	4155356	4156213	858	murI	glutamate racemase	+
CDS	4161985	4163013	1029	murB	UDP-N-acetylenolpyruvoylglucosamine reductase, FAD-binding	+
CDS	4163010	4163975	966	birA	bifunctional biotin-[acetylCoA carboxylase] holoenzyme synthetase/ DNA-binding transcriptional repressor, bio-5'-AMP-binding	+
CDS	4164004	4164954	951	coaA	pantothenate kinase	-
CDS	4165872	4167056	1185	tufB	translation elongation factor EF-Tu 2	+
CDS	4167286	4167669	384	secE	preprotein translocase membrane subunit	+
CDS	4167671	4168216	546	nusG	transcription termination factor	+
CDS	4168375	4168803	429	rplK	50S ribosomal subunit protein L11	+
CDS	4168807	4169511	705	rplA	50S ribosomal subunit protein L1	+
CDS	4169924	4170421	498	rplJ	50S ribosomal subunit protein L10	+
CDS	4170488	4170853	366	rplL	50S ribosomal subunit protein L7/L12	+
CDS	4171173	4175201	4029	rpoB	RNA polymerase, beta subunit	+
CDS	4175278	4179501	4224	rpoC	RNA polymerase, beta prime subunit	+
CDS	4179714	4180253	540	yjaZ	stationary phase growth adaptation protein	+
CDS	4180663	4181796	1134	thiH	tyrosine lyase, involved in thiamine-thiazole moiety synthesis	-
CDS	4181793	4182563	771	thiG	thiamine biosynthesis ThiGH complex subunit	-
CDS	4182565	4182765	201	thiS	immediate sulfur donor in thiazole formation	-
CDS	4182749	4183504	756	thiF	adenylyltransferase, modifies ThiS C-terminus	-
CDS	4183497	4184132	636	thiE	thiamine phosphate synthase (thiamine phosphate pyrophosphorylase)	-
CDS	4184132	4186027	1896	thiC	phosphomethylpyrimidine synthase	-
CDS	4186260	4186736	477	rsd	stationary phase protein, binds sigma 70 RNA polymerase subunit	-
CDS	4186831	4187604	774	nudC	NADH pyrophosphatase	+
CDS	4187644	4188708	1065	hemE	uroporphyrinogen decarboxylase	+
CDS	4188718	4189389	672	nfi	endonuclease V; deoxyinosine 3' endonuclease	+
CDS	4189432	4190022	591	yjaG	DUF416 domain protein	+
CDS	4190209	4190481	273	hupA	HU, DNA-binding transcriptional regulator, alpha subunit	+
CDS	4190494	4191189	696	yjaH	DUF1481 family putative lipoprotein	+
CDS	4191191	4191616	426	zraP	Zn-dependent periplasmic chaperone	-
CDS	4191854	4193251	1398	zraS	sensory histidine kinase in two-component regulatory system with ZraR	+
CDS	4193248	4194573	1326	zraR	fused DNA-binding response regulator in two-component regulatory system with ZraS: response regulator/sigma54 interaction protein	+
CDS	4194570	4195859	1290	purD	phosphoribosylglycinamide synthetase phosphoribosylamine-glycine ligase	-
CDS	4195871	4197460	1590	purH	fused IMP cyclohydrolase/phosphoribosylaminoimidazolecarboxamide formyltransferase	-
CDS	4203162	4203545	384	yjaA	stress-induced protein	+
CDS	4203608	4204051	444	yjaB	putative acetyltransferase	-
CDS	4204208	4205137	930	metA	homoserine O-transsuccinylase	+
CDS	4205406	4207007	1602	aceB	malate synthase A	+
CDS	4207037	4208341	1305	aceA	isocitrate lyase	+
CDS	4208524	4210260	1737	aceK	isocitrate dehydrogenase kinase/phosphatase	+
CDS	4210229	4212415	2187	arpA	ankyrin repeat protein	-
CDS	4212732	4213556	825	iclR	transcriptional repressor	-
CDS	4213756	4217439	3684	metH	homocysteine-N5-methyltetrahydrofolate transmethylase, B12-dependent	+
CDS	4217659	4219290	1632	yjbB	putative Na+/Pi-cotransporter	+
CDS	4219381	4220070	690	pepE	(alpha)-aspartyl dipeptidase	-
CDS	4220282	4221154	873	rluF	23S rRNA pseudouridine(2604) synthase	+
CDS	4221287	4221559	273	yjbD	DUF3811 family protein	-
CDS	4221812	4223161	1350	lysC	lysine-sensitive aspartokinase 3	-
CDS	4223686	4225335	1650	pgi	glucosephosphate isomerase	+
CDS	4225834	4226076	243	yjbE	extracellular polysaccharide production threonine-rich protein	+
CDS	4226190	4226828	639	yjbF	extracellular polysaccharide production lipoprotein	+
CDS	4226825	4227562	738	yjbG	extracellular polysaccharide export OMA protein	+
CDS	4227562	4229658	2097	yjbH	DUF940 family extracellular polysaccharide protein	+
CDS	4229705	4229983	279	yjbT	putative periplasmic protein	-
CDS	4230253	4230663	411	psiE	phosphate starvation inducible protein	+
CDS	4230707	4232182	1476	xylE	D-xylose transporter	-
CDS	4232554	4233444	891	malG	maltose transporter subunit	-
CDS	4233459	4235003	1545	malF	maltose transporter subunit	-
CDS	4235157	4236347	1191	malE	maltose transporter subunit	-
CDS	4236712	4237827	1116	malK	fused maltose transport subunit, ATP-binding component of ABC superfamily/regulatory protein	+
CDS	4237899	4239239	1341	lamB	maltose outer membrane porin (maltoporin)	+
CDS	4239482	4240402	921	malM	maltose regulon periplasmic protein	+
CDS	4240631	4240813	183		pseudogene, SopA-related, pentapeptide repeats-containing	+
CDS	4242434	4242931	498	ubiC	chorismate--pyruvate lyase	+
CDS	4242944	4243816	873	ubiA	p-hydroxybenzoate octaprenyltransferase	+
CDS	4243971	4246394	2424	plsB	glycerol-3-phosphate O-acyltransferase	-
CDS	4246565	4246933	369	dgkA	diacylglycerol kinase	+
CDS	4247043	4247651	609	lexA	transcriptional repressor of SOS regulon	+
CDS	4247670	4249049	1380	dinF	oxidative stress resistance protein; putative MATE family efflux pump; UV and mitomycin C inducible protein	+
CDS	4249165	4249374	210	yjbJ	stress-induced protein, UPF0337 family	+
CDS	4249416	4249931	516	zur	transcriptional repressor, Zn(II)-binding	-
CDS	4250249	4250503	255	yjbL	uncharacterized protein	+
CDS	4250527	4251234	708	yjbM	uncharacterized protein	+
CDS	4251597	4252634	1038	dusA	tRNA-dihydrouridine synthase A	+
CDS	4252768	4253010	243	pspG	phage shock protein G	+
CDS	4253176	4254159	984	qorA	quinone oxidoreductase, NADPH-dependent	-
CDS	4254242	4255657	1416	dnaB	replicative DNA helicase	+
CDS	4255710	4256789	1080	alr	alanine racemase, biosynthetic, PLP-binding	+
CDS	4257042	4258235	1194	tyrB	tyrosine aminotransferase, tyrosine-repressible, PLP-dependent	+
CDS	4258737	4258940	204	yjbS	uncharacterized protein	-
CDS	4259342	4260055	714	aphA	acid phosphatase/phosphotransferase, class B, non-specific	+
CDS	4260166	4260582	417	yjbQ	thiamine phosphate synthase	+
CDS	4260586	4260942	357	yjbR	DUF419 family protein	+
CDS	4260977	4263799	2823	uvrA	ATPase and DNA damage recognition protein of nucleotide excision repair excinuclease UvrABC	-
CDS	4264053	4264589	537	ssb	single-stranded DNA-binding protein	+
CDS	4264688	4264969	282	yjcB	putative inner membrane protein	-
CDS	4265399	4266985	1587	yjcC	putative membrane-anchored cyclic-di-GMP phosphodiesterase	+
CDS	4266988	4267311	324	soxS	superoxide response regulon transcriptional activator; autoregulator	-
CDS	4267397	4267861	465	soxR	redox-sensitive transcriptional activator of soxS; autorepressor	+
CDS	4268407	4269756	1350	yjcD	inner membrane putative guanine permease	+
CDS	4269908	4271557	1650	yjcE	putative cation/proton antiporter	+
CDS	4271711	4273003	1293	yjcF	pentapeptide repeats protein	-
CDS	4273181	4274830	1650	actP	acetate transporter	-
CDS	4274827	4275141	315	yjcH	DUF485 family inner membrane protein	-
CDS	4275341	4277299	1959	acs	acetyl-CoA synthetase	-
CDS	4277692	4279128	1437	nrfA	nitrite reductase, formate-dependent, cytochrome	+
CDS	4279173	4279739	567	nrfB	nitrite reductase, formate-dependent, penta-heme cytochrome c	+
CDS	4279736	4280407	672	nrfC	formate-dependent nitrite reductase, 4Fe4S subunit	+
CDS	4280404	4281360	957	nrfD	formate-dependent nitrite reductase, membrane subunit	+
CDS	4281440	4283098	1659	nrfE	heme lyase (NrfEFG) for insertion of heme into c552, subunit NrfE	+
CDS	4283091	4283474	384	nrfF	heme lyase (NrfEFG) for insertion of heme into c552, subunit NrfF	+
CDS	4283471	4284067	597	nrfG	heme lyase (NrfEFG) for insertion of heme into c552, subunit NrfG	+
CDS	4284409	4285722	1314	gltP	glutamate/aspartate:proton symporter	+
CDS	4286253	4286942	690	yjcO	Sel1 family TPR-like repeat protein	-
CDS	4287036	4289183	2148	fdhF	formate dehydrogenase-H, selenopolypeptide subunit	-
CDS	4289381	4290847	1467	mdtP	outer membrane factor of efflux pump	-
CDS	4290844	4292895	2052	mdtO	membrane translocase (MDR) of MdtNOP efflux pump, PET family	-
CDS	4292895	4293926	1032	mdtN	membrane fusion protein of efflux pump	-
CDS	4293945	4294220	276	ytcA	putative inner membrane DUF1656 family protein; efflux pump associated	-
CDS	4294429	4296414	1986	yjcS	metallo-beta-lactamase superfamily protein	-
CDS	4296687	4297616	930	alsK	D-allose kinase	-
CDS	4297600	4298295	696	alsE	allulose-6-phosphate 3-epimerase	-
CDS	4298306	4299286	981	alsC	D-allose transporter subunit	-
CDS	4299265	4300797	1533	alsA	fused D-allose transporter subunits of ABC superfamily: ATP-binding components	-
CDS	4300924	4301859	936	alsB	D-allose transporter subunit	-
CDS	4301918	4302808	891	alsR	d-allose-inducible als operon transcriptional repressor; autorepressor; repressor of rpiR	-
CDS	4303167	4303616	450	rpiB	ribose 5-phosphate isomerase B/allose 6-phosphate isomerase	+
CDS	4303685	4304014	330	yjdP	putative periplasmic protein	+
CDS	4304161	4304919	759	phnP	5-phospho-alpha-D-ribosyl 1,2-cyclic phosphate phosphodiesterase	-
CDS	4304921	4305355	435	phnO	aminoalkylphosphonate N-acetyltransferase	-
CDS	4305342	4305899	558	phnN	ribose 1,5-bisphosphokinase	-
CDS	4305899	4307035	1137	phnM	ribophosphonate triphosphate hydrolase	-
CDS	4307032	4307712	681	phnL	ribophosphonate triphosphate synthase subunit; putative ABC transporter ATP-binding protein	-
CDS	4307823	4308581	759	phnK	carbon-phosphorus lyase complex subunit, putative ATP transporter ATP-binding protein	-
CDS	4308578	4309423	846	phnJ	carbon-phosphorus lyase, SAM-dependent	-
CDS	4309416	4310480	1065	phnI	ribophosphonate triphosphate synthase complex putative catalytic subunit	-
CDS	4310480	4311064	585	phnH	ribophosphonate triphosphate synthase subunit	-
CDS	4311061	4311513	453	phnG	ribophosphonate triphosphate synthase subunit	-
CDS	4311514	4312239	726	phnF	putative DNA-binding transcriptional regulator of phosphonate uptake and biodegradation	-
CDS	4312622	4313047	426		defective phosphonate ABC transporter permease;transport; Transport of small molecules: Anions; membrane channel protein component of Pn transporter; membrane component of ABC superfamily	-
CDS	4313153	4314169	1017	phnD	phosphonate ABC transporter periplasmic binding protein	-
CDS	4314194	4314982	789	phnC	phosphonate ABC transporter ATP-binding subunit	-
CDS	4315115	4315558	444	yjdN	metalloprotein superfamily protein	-
CDS	4316216	4316551	336	yjdM	zinc-ribbon family protein	-
CDS	4316952	4319180	2229	crfC	clamp-binding sister replication fork colocalization protein, dynamin-related	+
CDS	4319177	4320055	879	yjcZ	YjcZ family protein, mutational suppressor of yhjH motility mutation	+
CDS	4320319	4321821	1503	proP	proline/glycine betaine transporter	+
CDS	4321933	4322022	90	pmrR	putative membrane-bound BasS regulator	+
CDS	4321998	4323089	1092	basS	sensory histidine kinase in two-component regulatory system with BasR	-
CDS	4323099	4323767	669	basR	response regulator in two-component regulatory system with BasS	-
CDS	4323764	4325407	1644	eptA	lipid A phosphoethanolamine transferase	-
CDS	4325511	4326848	1338	adiC	arginine:agmatine antiporter	-
CDS	4326985	4327746	762	adiY	adi system transcriptional activator	-
CDS	4328071	4330338	2268	adiA	arginine decarboxylase	-
CDS	4330537	4331445	909	melR	melibiose operon transcriptional regulator; autoregulator	-
CDS	4331728	4333083	1356	melA	alpha-galactosidase, NAD(P)-binding	+
CDS	4333186	4334607	1422	melB	melibiose:sodium symporter	+
CDS	4334746	4335375	630	yjdF	DUF2238 family inner membrane protein	-
CDS	4335497	4337143	1647	fumB	anaerobic class I fumarate hydratase (fumarase B)	-
CDS	4337221	4338561	1341	dcuB	C4-dicarboxylate transporter, anaerobic; DcuS co-sensor	-
CDS	4339132	4339851	720	dcuR	response regulator in two-component regulatory system with DcuS	-
CDS	4339848	4341479	1632	dcuS	sensory histidine kinase in two-component regulatory system with DcuR, regulator of anaerobic fumarate respiration	-
CDS	4341660	4341890	231	yjdI	putative 4Fe-4S mono-cluster protein	+
CDS	4341902	4342174	273	yjdJ	putative acyl-CoA transferase	+
CDS	4342401	4342697	297	yjdK	uncharacterized protein	+
CDS	4342725	4342898	174	yjdO	uncharacterized protein	+
CDS	4343017	4344534	1518	lysU	lysine tRNA synthetase, inducible	-
CDS	4344771	4346228	1458	dtpC	dipeptide and tripeptide permease	-
CDS	4346287	4348434	2148	cadA	lysine decarboxylase, acid-inducible	-
CDS	4348514	4349848	1335	cadB	putative lysine/cadaverine transporter	-
CDS	4350213	4351751	1539	cadC	cadBA operon transcriptional activator	-
CDS	4352087	4352170	84		pseudogene, P4-like integrase remnant	-
CDS	4352550	4353125	576	yjdC	putative transcriptional regulator	-
CDS	4353162	4354859	1698	dsbD	fused thiol:disulfide interchange protein: activator of DsbC/conserved protein	-
CDS	4354835	4355173	339	cutA	divalent-cation tolerance protein, copper sensitivity	-
CDS	4355289	4356590	1302	dcuA	C4-dicarboxylate antiporter	-
CDS	4356708	4358144	1437	aspA	aspartate ammonia-lyase	-
CDS	4358481	4358957	477	fxsA	suppressor of F exclusion of phage T7	+
CDS	4358973	4360229	1257	yjeH	putative transporter	-
CDS	4360505	4360798	294	groS	Cpn10 chaperonin GroES, small subunit of GroESL	+
CDS	4360842	4362488	1647	groL	Cpn60 chaperonin GroEL, large subunit of GroESL	+
CDS	4362626	4362979	354	yjeI	DUF4156 family lipoprotein	+
CDS	4363182	4364051	870	yjeJ	uncharacterized protein	-
CDS	4364446	4365474	1029	epmB	EF-P-Lys34 lysylation protein; weak lysine 2,3-aminomutase	-
CDS	4365516	4366082	567	efp	polyproline-specific translation elongation factor EF-P	+
CDS	4366134	4366259	126	ecnA	entericidin A membrane lipoprotein, antidote entericidin B	+
CDS	4366370	4366516	147	ecnB	entericidin B membrane lipoprotein	+
CDS	4366692	4367009	318	sugE	multidrug efflux system protein	+
CDS	4367006	4367539	534	blc	outer membrane lipoprotein (lipocalin), cell division and growth function	-
CDS	4367628	4368761	1134	ampC	penicillin-binding protein; beta-lactamase, intrinsically weak	-
CDS	4368824	4369183	360	frdD	fumarate reductase (anaerobic), membrane anchor subunit	-
CDS	4369194	4369589	396	frdC	fumarate reductase (anaerobic), membrane anchor subunit	-
CDS	4369600	4370334	735	frdB	fumarate reductase (anaerobic), Fe-S subunit	-
CDS	4370327	4372135	1809	frdA	fumarate reductase (anaerobic) catalytic and NAD/flavoprotein subunit	-
CDS	4372460	4373437	978	epmA	Elongation Factor P Lys34 lysyltransferase	+
CDS	4373656	4375158	1503	yjeM	putative transporter	+
CDS	4375210	4375524	315	yjeN	uncharacterized protein	+
CDS	4375521	4375835	315	yjeO	inner membrane protein	+
CDS	4375864	4379187	3324	mscM	mechanosensitive channel protein, miniconductance	-
CDS	4379209	4380177	969	psd	phosphatidylserine decarboxylase	-
CDS	4380274	4381326	1053	rsgA	ribosome small subunit-dependent GTPase A	-
CDS	4381421	4381966	546	orn	oligoribonuclease	+
CDS	4382709	4382762	54	yjeV	uncharacterized protein	+
CDS	4382745	4383884	1140	queG	epoxyqueuosine reductase, cobalamine-stimulated; queosine biosynthesis	-
CDS	4383883	4385430	1548	nnr	bifunctional NAD(P)H-hydrate repair enzyme; C-terminal domain ADP-dependent (S)-NAD(P)H-hydrate dehydratase and N-terminal domain NAD(P)H-hydrate epimerase	+
CDS	4385402	4385863	462	tsaE	tRNA(ANN) t(6)A37 threonylcarbamoyladenosine modification protein; ADP binding protein	+
CDS	4385882	4387219	1338	amiB	N-acetylmuramoyl-l-alanine amidase II	+
CDS	4387229	4389076	1848	mutL	methyl-directed mismatch repair protein	+
CDS	4389069	4390019	951	miaA	delta(2)-isopentenylpyrophosphate tRNA-adenosine transferase	+
CDS	4390105	4390413	309	hfq	global sRNA chaperone; HF-I, host factor for RNA phage Q beta replication	+
CDS	4390489	4391769	1281	hflX	GTPase, stimulated by 50S subunit binding	+
CDS	4391855	4393114	1260	hflK	modulator for HflB protease specific for phage lambda cII repressor	+
CDS	4393117	4394121	1005	hflC	modulator for HflB protease specific for phage lambda cII repressor	+
CDS	4394203	4394400	198	yjeT	DUF2065 family protein	+
CDS	4394504	4395802	1299	purA	adenylosuccinate synthetase	+
CDS	4396007	4396432	426	nsrR	nitric oxide-sensitive repressor for NO regulon	+
CDS	4396471	4398912	2442	rnr	exoribonuclease R, RNase R	+
CDS	4399092	4399823	732	rlmB	23S rRNA mG2251 2'-O-ribose methyltransferase, SAM-dependent	+
CDS	4399950	4400351	402	yjfI	DUF2170 family protein	+
CDS	4400370	4401068	699	yjfJ	PspA/IM30 family protein	+
CDS	4401119	4401778	660	yjfK	DUF2491 family protein	+
CDS	4401796	4402194	399	yjfL	UPF0719 family inner membrane protein	+
CDS	4402204	4402842	639	yjfM	DUF1190 family protein	+
CDS	4402845	4404008	1164	yjfC	ATP-Grasp family ATPase	+
CDS	4404092	4405717	1626	aidB	DNA alkylation damage repair protein; flavin-containing DNA binding protein, weak isovaleryl CoA dehydrogenase	+
CDS	4405834	4406109	276	yjfN	DUF1471 family periplasmic protein	-
CDS	4406258	4406587	330	bsmA	bioflm peroxide resistance protein	-
CDS	4406769	4407518	750	yjfP	acyl CoA esterase	+
CDS	4407515	4408270	756	ulaR	transcriptional repressor for the L-ascorbate utilization (ula) divergent operon	-
CDS	4408378	4409442	1065	ulaG	L-ascorbate 6-phosphate lactonase	-
CDS	4409797	4411194	1398	ulaA	L-ascorbate-specific enzyme IIC permease component of PTS	+
CDS	4411210	4411515	306	ulaB	L-ascorbate-specific enzyme IIB component of PTS	+
CDS	4411525	4411989	465	ulaC	L-ascorbate-specific enzyme IIA component of PTS	+
CDS	4412003	4412653	651	ulaD	3-keto-L-gulonate 6-phosphate decarboxylase	+
CDS	4412663	4413517	855	ulaE	L-xylulose 5-phosphate 3-epimerase	+
CDS	4413517	4414203	687	ulaF	L-ribulose 5-phosphate 4-epimerase	+
CDS	4414333	4414608	276	yjfY	YhcN family protein, periplasmic	-
CDS	4414935	4415330	396	rpsF	30S ribosomal subunit protein S6	+
CDS	4415337	4415651	315	priB	primosomal protein N	+
CDS	4415656	4415883	228	rpsR	30S ribosomal subunit protein S18	+
CDS	4415925	4416374	450	rplI	50S ribosomal subunit protein L9	+
CDS	4416445	4417239	795	yjfZ	uncharacterized protein	-
CDS	4417511	4417912	402	ytfA	pseudogene, related to transcriptional regulators	+
CDS	4417896	4418534	639	ytfB	OapA family protein	-
CDS	4418752	4419372	621	fklB	FKBP-type peptidyl-prolyl cis-trans isomerase (rotamase)	+
CDS	4419681	4421093	1413	cycA	D-alanine/D-serine/glycine transporter	+
CDS	4421138	4421800	663	ytfE	iron-sulfur cluster repair protein RIC	-
CDS	4421908	4422873	966	ytfF	DMT transporter family inner membrane protein	-
CDS	4422981	4423841	861	qorB	NAD(P)H:quinone oxidoreductase	-
CDS	4423930	4424310	381	ytfH	DUF24 family HxlR-type putative transcriptional regulator	+
CDS	4424439	4426382	1944	cpdB	2':3'-cyclic-nucleotide 2'-phosphodiesterase	-
CDS	4426572	4427312	741	cysQ	3'(2'),5'-bisphosphate nucleotidase	+
CDS	4427524	4428462	939	ytfI	uncharacterized protein	+
CDS	4428525	4429079	555	ytfJ	putative transcriptional regulator	-
CDS	4429404	4429610	207	ytfK	DUF1107 family protein	+
CDS	4429689	4431032	1344	ytfL	UPF0053 family inner membrane protein	-
CDS	4431355	4431993	639	msrA	methionine sulfoxide reductase A	-
CDS	4432199	4433932	1734	tamA	translocation and assembly module for autotransporter export, outer membrane subunit	+
CDS	4433929	4437708	3780	tamB	translocation and assembly module for autotransporter export, inner membrane subunit	+
CDS	4437711	4438052	342	ytfP	GGCT-like protein	+
CDS	4438264	4438515	252	chpS	antitoxin of the ChpBS toxin-antitoxin system	+
CDS	4438509	4438859	351	chpB	toxin of the ChpB-ChpS toxin-antitoxin system	+
CDS	4438939	4439469	531	ppa	inorganic pyrophosphatase	-
CDS	4439779	4440735	957	ytfQ	galactofuranose binding proteint: periplasmic-binding component of ABC superfamily	+
CDS	4440875	4442377	1503	ytfR	putative ABC superfamily sugar transporter ATP-binding subunit	+
CDS	4442388	4443413	1026	ytfT	inner membrane putative ABC superfamily sugar transporter permease	+
CDS	4443400	4444395	996	yjfF	inner membrane putative ABC superfamily sugar transporter permease	+
CDS	4444428	4445426	999	fbp	fructose-1,6-bisphosphatase I	-
CDS	4445602	4446975	1374	mpl	UDP-N-acetylmuramate:L-alanyl-gamma-D-glutamyl- meso-diaminopimelate ligase	+
CDS	4447131	4447682	552	yjgA	ribosome-associated UPF0307 family protein	-
CDS	4447776	4449128	1353	pmbA	putative antibiotic peptide MccB17 maturation peptidase	+
CDS	4449307	4449672	366	cybC	pseudogene, truncated cytochrome b562; cytochrome b(562)	+
CDS	4449717	4450181	465	nrdG	anaerobic ribonucleotide reductase activating protein	-
CDS	4450339	4452477	2139	nrdD	anaerobic ribonucleoside-triphosphate reductase	-
CDS	4452871	4454526	1656	treC	trehalose-6-P hydrolase	-
CDS	4454576	4455997	1422	treB	fused trehalose(maltose)-specific PTS enzyme: IIB component/IIC component	-
CDS	4456116	4457063	948	treR	trehalose 6-phosphate-inducible trehalose regulon transcriptional repressor	-
CDS	4457248	4457301	54	mgtL	regulatory leader peptide for mgtA	+
CDS	4457442	4460138	2697	mgtA	magnesium transporter	+
CDS	4460344	4460730	387	ridA	enamine/imine deaminase, reaction intermediate detoxification	-
CDS	4460803	4461264	462	pyrI	aspartate carbamoyltransferase, regulatory subunit	-
CDS	4461277	4462212	936	pyrB	aspartate carbamoyltransferase, catalytic subunit	-
CDS	4462216	4462350	135	pyrL	pyrBI operon leader peptide	-
CDS	4462631	4463026	396	yjgH	UPF0131 family protein	-
CDS	4463157	4463870	714	bdcA	c-di-GMP-binding biofilm dispersal mediator protein	-
CDS	4463941	4464534	594	bdcR	transcriptional repressor for divergent bdcA	+
CDS	4464679	4465131	453	tabA	biofilm modulator regulated by toxins; DUF386 family protein, cupin superfamily	+
CDS	4465254	4467068	1815	yjgL	uncharacterized protein	+
CDS	4467124	4468128	1005	argI	ornithine carbamoyltransferase 1	-
CDS	4468290	4468706	417	rraB	protein inhibitor of RNase E	+
CDS	4468851	4469354	504	yjgM	putative acetyltransferase	-
CDS	4469547	4470743	1197	yjgN	DUF898 family inner membrane protein	+
CDS	4470799	4473654	2856	valS	valyl-tRNA synthetase	-
CDS	4473654	4474097	444	holC	DNA polymerase III, chi subunit	-
CDS	4474257	4475768	1512	pepA	multifunctional aminopeptidase A: a cyteinylglycinase, transcription regulator and site-specific recombination factor	-
CDS	4476035	4477135	1101	lptF	lipopolysaccharide export ABC permease of the LptBFGC export complex	+
CDS	4477135	4478217	1083	lptG	lipopolysaccharide export ABC permease of the LptBFGC export complex	+
CDS	4478378	4479880	1503	yjgR	DUF853 family protein with NTPase fold	-
CDS	4479958	4480956	999	idnR	transcriptional repressor, 5-gluconate-binding	-
CDS	4481023	4482342	1320	idnT	L-idonate and D-gluconate transporter	-
CDS	4482404	4483168	765	idnO	5-keto-D-gluconate-5-reductase	-
CDS	4483192	4484223	1032	idnD	L-idonate 5-dehydrogenase, NAD-binding	-
CDS	4484440	4485003	564	idnK	D-gluconate kinase, thermosensitive	+
CDS	4485007	4486026	1020	ahr	aldehyde reductase, NADPH-dependent, Zn-containing, broad specificity	-
CDS	4486492	4487757	1266	intB	pseudogene, integrase homology;IS, phage, Tn; Phage-related functions and prophages; KpLE2 phage-like element; P4-like integrase	+
CDS	4488089	4488454	366	insC1	IS2 repressor TnpA	+
CDS	4488412	4489317	906	insD1	IS2 transposase TnpB	+
CDS	4490351	4490608	258		pseudogene fragment	-
CDS	4491077	4491406	330	yjgZ	uncharacterized protein	+
mobile_element	4491907	4493332	1426		insertion sequence:IS4	-
CDS	4491920	4493248	1329	insG	IS4 transposase	-
CDS	4493875	4495092	1218	yjhB	putative transporter	+
CDS	4495104	4496222	1119	yjhC	putative oxidoreductase	+
CDS	4496265	4496390	126	ythA	uncharacterized protein	+
CDS	4496443	4496673	231	yjhD	pseudogene, KpLE2 phage-like element	-
CDS	4496678	4496926	249	yjhE	pseudogene, KpLE2 phage-like element	+
CDS	4497014	4497268	255	insO	pseudogene, IS911 transposase B;IS, phage, Tn; Transposon-related functions; extrachromosomal; transposon related	+
mobile_element	4497276	4498496	1221		insertion sequence:IS30D	-
CDS	4497283	4498434	1152	insI1	IS30 transposase	-
mobile_element	4498181	4499511	1331		insertion sequence:IS2K	+
CDS	4498493	4498759	267	insM	pseudogene, IS600 transposase;IS, phage, Tn; Transposon-related functions; extrachromosomal; transposon related	-
mobile_element	4498497	4498823	327		insertion sequence:IS600	-
CDS	4499621	4499950	330	yjhV	pseudogene, KpLE2 phage-like element	+
CDS	4500507	4501274	768	fecE	iron-dicitrate transporter subunit	-
CDS	4501275	4502231	957	fecD	iron-dicitrate transporter subunit	-
CDS	4502228	4503226	999	fecC	iron-dicitrate transporter subunit	-
CDS	4503223	4504125	903	fecB	iron-dicitrate transporter subunit	-
CDS	4504170	4506494	2325	fecA	ferric citrate outer membrane transporter	-
CDS	4506581	4507534	954	fecR	FecI pro-sigma factor; transmembrane signal transducer for ferric citrate transport; periplasmic FecA:ferric citrate sensor and cytoplasmic FecI ECF sigma factor activator	-
mobile_element	4507125	4507458	334		insertion sequence:IS911B	+
CDS	4507531	4508052	522	fecI	RNA polymerase, sigma 19 factor	-
CDS	4508344	4508619	276	insA	IS1 repressor TnpA	+
CDS	4508538	4509041	504	insB1	IS1 transposase B;IS, phage, Tn; Transposon-related functions; extrachromosomal; transposon related	+
mobile_element	4509007	4509801	795		insertion sequence:IS911B	+
CDS	4509155	4510141	987	yjhU	putative DNA-binding transcriptional regulator; KpLE2 phage-like element	-
CDS	4510488	4511837	1350	yjhF	putative transporter	-
CDS	4511944	4513911	1968	yjhG	putative dehydratase	-
CDS	4513922	4514827	906	yjhH	putative lyase/synthase	-
CDS	4514832	4515620	789	yjhI	putative DNA-binding transcriptional regulator	-
CDS	4515923	4516705	783	sgcR	putative DNA-binding transcriptional regulator	-
CDS	4516722	4517354	633	sgcE	putative epimerase	-
CDS	4517366	4517797	432	sgcA	putative phosphotransferase enzyme IIA component	-
CDS	4517928	4518734	807	sgcQ	putative nucleoside triphosphatase	-
mobile_element	4518472	4519239	768		insertion sequence:IS1F	+
CDS	4518747	4520060	1314	sgcC	putative PTS system EIIC permease component	-
CDS	4520072	4520350	279	sgcB	putative enzyme IIB component of PTS	-
CDS	4520347	4521468	1122	sgcX	putative endoglucanase with Zn-dependent exopeptidase domain	-
CDS	4521867	4522127	261	yjhY	pseudogene, zinc finger protein family	-
CDS	4522254	4523000	747	yjhP	putative methyltransferase	-
CDS	4523056	4523601	546	yjhQ	putative acetyltransferase	-
CDS	4523613	4523870	258	yjhX	UPF0386 family protein	-
CDS	4524247	4524492	246	yjhZ	pseudogene, rimK paralog, C-terminal fragment	-
CDS	4524608	4524820	213		pseudogene, helicase family; putative frameshift suppressor	+
CDS	4526431	4527411	981	nanS	9-O-acetyl N-acetylneuraminic acid esterase	-
CDS	4527476	4528582	1107	nanM	N-acetylneuraminic acid mutarotase	-
CDS	4528602	4529318	717	nanC	N-acetylnuraminic acid outer membrane channel protein	-
CDS	4530774	4531376	603	fimB	tyrosine recombinase/inversion of on/off regulator of fimA	+
CDS	4531854	4532450	597	fimE	tyrosine recombinase/inversion of on/off regulator of fimA	+
CDS	4532932	4533480	549	fimA	major type 1 subunit fimbrin (pilin)	+
CDS	4533545	4534084	540	fimI	fimbrial protein involved in type 1 pilus biosynthesis	+
CDS	4534121	4534846	726	fimC	periplasmic chaperone	+
CDS	4534913	4537549	2637	fimD	fimbrial usher outer membrane porin protein; FimCD chaperone-usher	+
CDS	4537559	4538089	531	fimF	minor component of type 1 fimbriae	+
CDS	4538102	4538605	504	fimG	minor component of type 1 fimbriae	+
CDS	4538625	4539527	903	fimH	minor component of type 1 fimbriae	+
CDS	4539770	4541113	1344	gntP	fructuronate transporter	-
CDS	4541453	4542637	1185	uxuA	mannonate hydrolase	+
CDS	4542718	4544178	1461	uxuB	D-mannonate oxidoreductase, NAD-dependent	+
CDS	4544393	4545166	774	uxuR	fructuronate-inducible hexuronate regulon transcriptional repressor; autorepressor	+
CDS	4545307	4546137	831	yjiC	uncharacterized protein	-
CDS	4546810	4547202	393	iraD	RpoS stabilzer after DNA damage, anti-RssB factor	+
CDS	4547195	4548106	912	hypT	hypochlorite-responsive transcription factor	-
CDS	4548171	4549343	1173	iadA	isoaspartyl dipeptidase	-
CDS	4549356	4549817	462	yjiG	SpmB family inner membrane protein	-
CDS	4549814	4550497	684	yjiH	nucleoside recognition pore and gate family putative inner membrane transporter	-
CDS	4550747	4551301	555	kptA	RNA 2'-phosphotransferase	+
CDS	4551314	4552492	1179	yjiJ	DUF1228 family putative inner membrane MFS superfamily transporter	-
CDS	4552560	4553420	861	yjiK	SdiA-regulated family putative membrane-anchored protein; putative phytase-like esterase	-
CDS	4553739	4554506	768	yjiL	putative ATPase, activator of (R)-hydroxyglutaryl-CoA dehydratase	-
CDS	4554516	4555667	1152	yjiM	putative 2-hydroxyglutaryl-CoA dehydratase	-
CDS	4555783	4557063	1281	yjiN	zinc-type alcohol dehydrogenase-like protein	-
CDS	4557104	4558336	1233	mdtM	multidrug efflux system protein	-
CDS	4558815	4559735	921	yjiP	pseudogene, transposase_31 family protein	+
CDS	4559979	4561391	1413	yjiR	putative DNA-binding transcriptional regulator/putative aminotransferase	-
CDS	4561568	4561732	165	yjiS	DUF1127 family protein	+
CDS	4562231	4563733	1503	yjiT	pseudogene	+
CDS	4563736	4566672	2937	yjiV	pseudogene; conserved hypothetical protein	+
CDS	4566729	4567775	1047	mcrC	5-methylcytosine-specific restriction enzyme McrBC, subunit McrC	-
CDS	4567775	4569154	1380	mcrB	5-methylcytosine-specific restriction enzyme McrBC, subunit McrB	-
CDS	4569316	4569657	342	symE	toxic peptide regulated by antisense sRNA symR	-
CDS	4569885	4571279	1395	hsdS	specificity determinant for hsdM and hsdR	-
CDS	4571276	4572865	1590	hsdM	DNA methyltransferase M	-
CDS	4573066	4576632	3567	hsdR	pseudogene, premature stop codon, host restriction; endonuclease R	-
CDS	4576766	4577680	915	mrr	methylated adenine and cytosine restriction protein	+
CDS	4577726	4578682	957	yjiA	GTP-binding protein, putative GTPase	-
CDS	4578693	4578896	204	yjiX	DUF466 family protein	-
CDS	4578946	4581096	2151	yjiY	putative transporter	-
CDS	4581474	4583129	1656	tsr	methyl-accepting chemotaxis protein I, serine sensor receptor	+
CDS	4583178	4584539	1362	yjjL	L-galactonate transporter	-
CDS	4584754	4585668	915	yjjM	yjjMN operon transcriptional activator	-
CDS	4585807	4586829	1023	yjjN	L-galactonate oxidoreductase	+
CDS	4586967	4589258	2292	opgB	phosphoglycerol transferases I and II	-
CDS	4589512	4590006	495	yjjA	putative DUF2501 family periplasmic protein	-
CDS	4590055	4590792	738	dnaC	DNA biosynthesis protein	-
CDS	4590795	4591334	540	dnaT	DNA biosynthesis protein (primosomal protein I)	-
CDS	4591441	4591914	474	yjjB	DUF3815 family inner membrane protein	-
CDS	4591905	4592675	771	yjjP	pseudogene, premature stop codon, putative structural protein	-
CDS	4593294	4594019	726	yjjQ	putative transcriptional regulator	+
CDS	4593977	4594654	678	bglJ	bgl operon transcriptional activator	+
CDS	4594692	4595480	789	fhuF	ferric iron reductase involved in ferric hydroximate transport	-
CDS	4595621	4595857	237	yjjZ	uncharacterized protein	+
CDS	4596486	4597517	1032	rsmC	16S rRNA m(2)G1207 methyltransferase, SAM-dependent	-
CDS	4597620	4598033	414	holD	DNA polymerase III, psi subunit	+
CDS	4598002	4598448	447	rimI	ribosomal-protein-S18-alanine N-acetyltransferase	+
CDS	4598463	4599140	678	yjjG	dUMP phosphatase	+
CDS	4599231	4600820	1590	prfC	peptide chain release factor RF-3	+
CDS	4601213	4601818	606	osmY	periplasmic protein	+
CDS	4601945	4602106	162	ytjA	uncharacterized protein	+
CDS	4602228	4603301	1074	yjjU	putative patatin-like family phospholipase	+
CDS	4603298	4604077	780	yjjV	putative DNase	+
CDS	4604497	4605360	864	yjjW	putative pyruvate formate lyase activating enzyme	-
CDS	4605332	4606882	1551	yjjI	DUF3029 family protein, putative glycine radical enzyme	-
CDS	4607140	4607919	780	deoC	2-deoxyribose-5-phosphate aldolase, NAD(P)-linked	+
CDS	4608046	4609368	1323	deoA	thymidine phosphorylase	+
CDS	4609420	4610643	1224	deoB	phosphopentomutase	+
CDS	4610700	4611419	720	deoD	purine-nucleoside phosphorylase	+
CDS	4611586	4612917	1332	yjjJ	putative protein kinase	+
CDS	4612918	4613934	1017	lplA	lipoate-protein ligase A	-
CDS	4613962	4614606	645	ytjB	SMP_2 family putative membrane-anchored periplasmic protein	-
CDS	4614712	4615680	969	serB	3-phosphoserine phosphatase	+
CDS	4615729	4617111	1383	radA	DNA repair protein	+
CDS	4617132	4618364	1233	nadR	trifunctional protein: nicotinamide mononucleotide adenylyltransferase, ribosylnicotinamide kinase, transcriptional repressor	+
CDS	4618672	4620339	1668	yjjK	putative transporter subunit of ABC superfamily: ATP-binding component	-
CDS	4620550	4622487	1938	slt	lytic murein transglycosylase, soluble	+
CDS	4622577	4622903	327	trpR	transcriptional repressor, tryptophan-binding	+
CDS	4623050	4623562	513	yjjX	non-canonical purine NTP phosphatase, ITPase/XTPase	-
CDS	4623614	4624261	648	ytjC	phosphatase	+
CDS	4624258	4625127	870	rob	right oriC-binding transcriptional activator, AraC family	-
CDS	4625338	4625811	474	creA	putative periplasmic protein	+
CDS	4625824	4626513	690	creB	response regulator in two-component regulatory system with CreC	+
CDS	4626513	4627937	1425	creC	sensory histidine kinase in two-component regulatory system with CreB or PhoB, regulator of the CreBC regulon	+
CDS	4627995	4629347	1353	creD	inner membrane protein	+
CDS	4629407	4630123	717	arcA	response regulator in two-component regulatory system with ArcB or CpxA	-
CDS	4630219	4630359	141	yjjY	uncharacterized protein	+
CDS	4630759	4631445	687	yjtD	putative methyltransferase	+
